landscape_id,split,stratum,horizon,epsilon,region,p0_id,reward_id,mutation_id,clean_terminal,clean_boundary_min_probability,clean_boundary_pressure,K_kl_q_p,kl_q_p,kl_prediction,kl_residual,kl_over_epsilon_squared,kl_over_epsilon_squared_minus_k,kl_relative_residual,kl_residual_over_epsilon_cubed,cubic_normalization_numerically_stable
S01,source,regular-sensitivity,1,0.0001,confirmatory,mixed,dominant_a,uniform_off_diagonal,"[0.21326792289706445,0.3043000853427558,0.48243199176017965]",0.21326792289706445,1.5452060497314315,0.13099980983108944,1.3099846056134146e-09,1.3099980983108945e-09,-1.349269747994107e-14,0.13099846056134146,-1.349269747994107e-06,-1.0299784020555825e-05,-0.013492697479941067,True
S01,source,regular-sensitivity,1,0.0003,confirmatory,mixed,dominant_a,uniform_off_diagonal,"[0.21326792289706445,0.3043000853427558,0.48243199176017965]",0.21326792289706445,1.5452060497314315,0.13099980983108944,1.1789617362432231e-08,1.1789982884798048e-08,-3.6552236581634236e-13,0.13099574847146925,-4.061359620181582e-06,-3.100279019807953e-05,-0.013537865400605276,True
S01,source,regular-sensitivity,1,0.001,confirmatory,mixed,dominant_a,uniform_off_diagonal,"[0.21326792289706445,0.3043000853427558,0.48243199176017965]",0.21326792289706445,1.5452060497314315,0.13099980983108944,1.3098627731203188e-07,1.3099980983108945e-07,-1.3532519057567186e-11,0.13098627731203188,-1.3532519057567186e-05,-0.00010330182215543636,-0.013532519057567185,True
S01,source,regular-sensitivity,1,0.003,extended-local,mixed,dominant_a,uniform_off_diagonal,"[0.21326792289706445,0.3043000853427558,0.48243199176017965]",0.21326792289706445,1.5452060497314315,0.13099980983108944,1.1786334980671631e-06,1.178998288479805e-06,-3.6479041264183735e-10,0.13095927756301812,-4.053226807131526e-05,-0.00030940707565589126,-0.013510756023771754,True
S01,source,regular-sensitivity,1,0.01,extended-local,mixed,dominant_a,uniform_off_diagonal,"[0.21326792289706445,0.3043000853427558,0.48243199176017965]",0.21326792289706445,1.5452060497314315,0.13099980983108944,1.3086546201080719e-05,1.3099980983108945e-05,-1.343478202822559e-08,0.13086546201080718,-0.0001343478202822559,-0.0010255573687891865,-0.013434782028225588,True
S01,source,regular-sensitivity,1,0.03,stress,mixed,dominant_a,uniform_off_diagonal,"[0.21326792289706445,0.3043000853427558,0.48243199176017965]",0.21326792289706445,1.5452060497314315,0.13099980983108944,0.00011754289286471618,0.00011789982884798049,-3.5693598326430446e-07,0.1306032142941291,-0.0003965955369603383,-0.003027451241888876,-0.013219851232011278,True
S01,source,regular-sensitivity,1,0.1,stress,mixed,dominant_a,uniform_off_diagonal,"[0.21326792289706445,0.3043000853427558,0.48243199176017965]",0.21326792289706445,1.5452060497314315,0.13099980983108944,0.001297507181674807,0.0013099980983108947,-1.2490916636087764e-05,0.12975071816748068,-0.0012490916636087761,-0.009535064709020182,-0.01249091663608776,True
S01,source,regular-sensitivity,5,0.0001,confirmatory,mixed,dominant_a,uniform_off_diagonal,"[0.2714051970286356,0.3170558699633255,0.41153893300803884]",0.2714051970286356,1.3041423828014223,1.9144771258285203,1.913051345918545e-08,1.9144771258285204e-08,-1.425779909975497e-11,1.913051345918545,-0.0014257799099754971,-0.0007447359337649271,-14.257799099754967,True
S01,source,regular-sensitivity,5,0.0003,confirmatory,mixed,dominant_a,uniform_off_diagonal,"[0.2714051970286356,0.3170558699633255,0.41153893300803884]",0.2714051970286356,1.3041423828014223,1.9144771258285203,1.7191828078944342e-07,1.723029413245668e-07,-3.8466053512338495e-10,1.910203119882705,-0.004274005945815389,-0.0022324664464015184,-14.246686486051297,True
S01,source,regular-sensitivity,5,0.001,confirmatory,mixed,dominant_a,uniform_off_diagonal,"[0.2714051970286356,0.3170558699633255,0.41153893300803884]",0.2714051970286356,1.3041423828014223,1.9144771258285203,1.9002693647063133e-06,1.91447712582852e-06,-1.420776112220684e-08,1.9002693647063134,-0.014207761122206841,-0.007421222709076875,-14.20776112220684,True
S01,source,regular-sensitivity,5,0.003,extended-local,mixed,dominant_a,uniform_off_diagonal,"[0.2714051970286356,0.3170558699633255,0.41153893300803884]",0.2714051970286356,1.3041423828014223,1.9144771258285203,1.684966331650696e-05,1.723029413245668e-05,-3.8063081594972117e-07,1.8721848129452179,-0.04229231288330235,-0.022090790384867977,-14.09743762776745,True
S01,source,regular-sensitivity,5,0.01,extended-local,mixed,dominant_a,uniform_off_diagonal,"[0.2714051970286356,0.3170558699633255,0.41153893300803884]",0.2714051970286356,1.3041423828014223,1.9144771258285203,0.00017772635358257946,0.00019144771258285204,-1.3721359000272584e-05,1.7772635358257944,-0.13721359000272582,-0.07167157452630543,-13.721359000272582,True
S01,source,regular-sensitivity,5,0.03,stress,mixed,dominant_a,uniform_off_diagonal,"[0.2714051970286356,0.3170558699633255,0.41153893300803884]",0.2714051970286356,1.3041423828014223,1.9144771258285203,0.0013794213627666557,0.0017230294132456682,-0.0003436080504790125,1.532690403074062,-0.38178672275445835,-0.19942088500495095,-12.72622409181528,True
S01,source,regular-sensitivity,5,0.1,stress,mixed,dominant_a,uniform_off_diagonal,"[0.2714051970286356,0.3170558699633255,0.41153893300803884]",0.2714051970286356,1.3041423828014223,1.9144771258285203,0.009174944659616172,0.019144771258285207,-0.009969826598669036,0.917494465961617,-0.9969826598669034,-0.5207597658997588,-9.969826598669034,True
S01,source,regular-sensitivity,20,0.0001,confirmatory,mixed,dominant_a,uniform_off_diagonal,"[0.52905647749322,0.2919435019325063,0.17900002057427372]",0.17900002057427372,1.720369358201312,1.5305263239750295,1.536970915159096e-08,1.5305263239750295e-08,6.444591184066494e-11,1.536970915159096,0.006444591184066494,0.004210702608060231,64.44591184066493,True
S01,source,regular-sensitivity,20,0.0003,confirmatory,mixed,dominant_a,uniform_off_diagonal,"[0.52905647749322,0.2919435019325063,0.17900002057427372]",0.17900002057427372,1.720369358201312,1.5305263239750295,1.394848173746346e-07,1.3774736915775264e-07,1.7374482168819604e-09,1.549831304162607,0.019304980187577342,0.01261329510324208,64.34993395859114,True
S01,source,regular-sensitivity,20,0.001,confirmatory,mixed,dominant_a,uniform_off_diagonal,"[0.52905647749322,0.2919435019325063,0.17900002057427372]",0.17900002057427372,1.720369358201312,1.5305263239750295,1.5945316026849937e-06,1.5305263239750295e-06,6.40052787099642e-08,1.5945316026849938,0.0640052787099642,0.04181912960747511,64.00527870996419,True
S01,source,regular-sensitivity,20,0.003,extended-local,mixed,dominant_a,uniform_off_diagonal,"[0.52905647749322,0.2919435019325063,0.17900002057427372]",0.17900002057427372,1.720369358201312,1.5305263239750295,1.5474486820321598e-05,1.3774736915775265e-05,1.6997499045463326e-06,1.7193874244801775,0.18886110050514807,0.12339617917491587,62.95370016838269,True
S01,source,regular-sensitivity,20,0.01,extended-local,mixed,dominant_a,uniform_off_diagonal,"[0.52905647749322,0.2919435019325063,0.17900002057427372]",0.17900002057427372,1.720369358201312,1.5305263239750295,0.00021174057288915558,0.00015305263239750295,5.868794049165263e-05,2.1174057288915558,0.5868794049165262,0.383449402812167,58.68794049165262,True
S01,source,regular-sensitivity,20,0.03,stress,mixed,dominant_a,uniform_off_diagonal,"[0.52905647749322,0.2919435019325063,0.17900002057427372]",0.17900002057427372,1.720369358201312,1.5305263239750295,0.002586802297848193,0.0013774736915775265,0.0012093286062706667,2.8742247753868813,1.343698451411852,0.8779322709863919,44.78994838039507,True
S01,source,regular-sensitivity,20,0.1,stress,mixed,dominant_a,uniform_off_diagonal,"[0.52905647749322,0.2919435019325063,0.17900002057427372]",0.17900002057427372,1.720369358201312,1.5305263239750295,0.027554677482258483,0.015305263239750299,0.012249414242508184,2.755467748225848,1.224941424250818,0.8003399909316443,12.24941424250818,True
S01,source,regular-sensitivity,50,0.0001,confirmatory,mixed,dominant_a,uniform_off_diagonal,"[0.8772142468731454,0.10800919537116982,0.014776557755684781]",0.014776557755684781,4.2147132893906845,1082.2135604695102,1.0707257767062352e-05,1.0822135604695102e-05,-1.1487783763275005e-07,1070.7257767062351,-11.487783763275004,-0.010615080223436784,-114877.83763275003,True
S01,source,regular-sensitivity,50,0.0003,confirmatory,mixed,dominant_a,uniform_off_diagonal,"[0.8772142468731454,0.10800919537116982,0.014776557755684781]",0.014776557755684781,4.2147132893906845,1082.2135604695102,9.439203370276953e-05,9.73992204422559e-05,-3.0071867394863757e-06,1048.800374475217,-33.413185994293066,-0.03087485429382072,-111377.28664764357,True
S01,source,regular-sensitivity,50,0.001,confirmatory,mixed,dominant_a,uniform_off_diagonal,"[0.8772142468731454,0.10800919537116982,0.014776557755684781]",0.014776557755684781,4.2147132893906845,1082.2135604695102,0.0009812551365867847,0.00108221356046951,-0.00010095842388272531,981.2551365867848,-100.95842388272531,-0.09328881800272884,-100958.4238827253,True
S01,source,regular-sensitivity,50,0.003,extended-local,mixed,dominant_a,uniform_off_diagonal,"[0.8772142468731454,0.10800919537116982,0.014776557755684781]",0.014776557755684781,4.2147132893906845,1082.2135604695102,0.007555828557367784,0.009739922044225592,-0.0021840934868578073,839.5365063741982,-242.67705409531192,-0.22424137246074455,-80892.35136510397,True
S01,source,regular-sensitivity,50,0.01,extended-local,mixed,dominant_a,uniform_off_diagonal,"[0.8772142468731454,0.10800919537116982,0.014776557755684781]",0.014776557755684781,4.2147132893906845,1082.2135604695102,0.05790071781683617,0.10822135604695102,-0.050320638230114845,579.0071781683617,-503.20638230114844,-0.464978818120553,-50320.63823011483,True
S01,source,regular-sensitivity,50,0.03,stress,mixed,dominant_a,uniform_off_diagonal,"[0.8772142468731454,0.10800919537116982,0.014776557755684781]",0.014776557755684781,4.2147132893906845,1082.2135604695102,0.27004522469746683,0.9739922044225592,-0.7039469797250923,300.05024966385207,-782.1633108056582,-0.7227439568086012,-26072.11036018861,True
S01,source,regular-sensitivity,50,0.1,stress,mixed,dominant_a,uniform_off_diagonal,"[0.8772142468731454,0.10800919537116982,0.014776557755684781]",0.014776557755684781,4.2147132893906845,1082.2135604695102,0.7428146663920058,10.822135604695104,-10.079320938303098,74.28146663920056,-1007.9320938303097,-0.9313615451214877,-10079.320938303095,True
S02,source,regular-sensitivity,1,0.0001,confirmatory,balanced,dominant_b,forward_cycle,"[0.32224807772203845,0.34734609562962415,0.3304058266483374]",0.32224807772203845,1.1324336023566182,9.026736984119686e-05,9.026969554805878e-13,9.026736984119687e-13,2.3257068619106916e-17,9.026969554805878e-05,2.3257068619106916e-09,,,False
S02,source,regular-sensitivity,1,0.0003,confirmatory,balanced,dominant_b,forward_cycle,"[0.32224807772203845,0.34734609562962415,0.3304058266483374]",0.32224807772203845,1.1324336023566182,9.026736984119686e-05,8.124095812167193e-12,8.124063285707716e-12,3.252645947637662e-17,9.026773124630215e-05,3.614051052930736e-10,4.003718131245838e-06,1.2046836843102453e-06,True
S02,source,regular-sensitivity,1,0.001,confirmatory,balanced,dominant_b,forward_cycle,"[0.32224807772203845,0.34734609562962415,0.3304058266483374]",0.32224807772203845,1.1324336023566182,9.026736984119686e-05,9.026756553654093e-11,9.026736984119685e-11,1.9569534407809263e-16,9.026756553654093e-05,1.9569534407809263e-10,2.167952211550755e-06,1.956953440780926e-07,True
S02,source,regular-sensitivity,1,0.003,extended-local,balanced,dominant_b,forward_cycle,"[0.32224807772203845,0.34734609562962415,0.3304058266483374]",0.32224807772203845,1.1324336023566182,9.026736984119686e-05,8.124120363171529e-10,8.124063285707718e-10,5.707746381163072e-15,9.026800403523921e-05,6.341940423514523e-10,7.025728604557329e-06,2.113980141171508e-07,True
S02,source,regular-sensitivity,1,0.01,extended-local,balanced,dominant_b,forward_cycle,"[0.32224807772203845,0.34734609562962415,0.3304058266483374]",0.32224807772203845,1.1324336023566182,9.026736984119686e-05,9.026948685436176e-09,9.026736984119687e-09,2.117013164890328e-13,9.026948685436176e-05,2.117013164890328e-09,2.3452695792673364e-05,2.1170131648903278e-07,True
S02,source,regular-sensitivity,1,0.03,stress,balanced,dominant_b,forward_cycle,"[0.32224807772203845,0.34734609562962415,0.3304058266483374]",0.32224807772203845,1.1324336023566182,9.026736984119686e-05,8.124635083434605e-08,8.124063285707718e-08,5.717977268867946e-12,9.027372314927338e-05,6.3533080765199395e-09,7.03832191820479e-05,2.1177693588399803e-07,True
S02,source,regular-sensitivity,1,0.1,stress,balanced,dominant_b,forward_cycle,"[0.32224807772203845,0.34734609562962415,0.3304058266483374]",0.32224807772203845,1.1324336023566182,9.026736984119686e-05,9.028857460147274e-07,9.026736984119688e-07,2.1204760275858527e-10,9.028857460147273e-05,2.1204760275858524e-08,0.00023491058079085566,2.1204760275858522e-07,True
S02,source,regular-sensitivity,5,0.0001,confirmatory,balanced,dominant_b,forward_cycle,"[0.27869593630004535,0.4055001946055472,0.3158038690944073]",0.27869593630004535,1.2776339255117486,0.02030458382819978,2.0302576360515503e-10,2.0304583828199781e-10,-2.0074676842779687e-14,0.020302576360515502,-2.0074676842779686e-06,-9.886770895003132e-05,-0.020074676842779682,True
S02,source,regular-sensitivity,5,0.0003,confirmatory,balanced,dominant_b,forward_cycle,"[0.27869593630004535,0.4055001946055472,0.3158038690944073]",0.27869593630004535,1.2776339255117486,0.02030458382819978,1.8268651067685762e-09,1.82741254453798e-09,-5.474377694038056e-13,0.020298501186317517,-6.082641882264507e-06,-0.0002995698869639821,-0.02027547294088169,True
S02,source,regular-sensitivity,5,0.001,confirmatory,balanced,dominant_b,forward_cycle,"[0.27869593630004535,0.4055001946055472,0.3158038690944073]",0.27869593630004535,1.2776339255117486,0.02030458382819978,2.0284305647156643e-08,2.030458382819978e-08,-2.0278181043136807e-11,0.020284305647156643,-2.0278181043136806e-05,-0.0009986996638155024,-0.020278181043136806,True
S02,source,regular-sensitivity,5,0.003,extended-local,balanced,dominant_b,forward_cycle,"[0.27869593630004535,0.4055001946055472,0.3158038690944073]",0.27869593630004535,1.2776339255117486,0.02030458382819978,1.8219434891211892e-07,1.8274125445379804e-07,-5.46905541679116e-10,0.02024381654579099,-6.076728240879066e-05,-0.0029927864034521474,-0.02025576080293022,True
S02,source,regular-sensitivity,5,0.01,extended-local,balanced,dominant_b,forward_cycle,"[0.27869593630004535,0.4055001946055472,0.3158038690944073]",0.27869593630004535,1.2776339255117486,0.02030458382819978,2.0102813498063974e-06,2.030458382819978e-06,-2.017703301358074e-08,0.020102813498063973,-0.0002017703301358074,-0.009937181271136474,-0.020177033013580738,True
S02,source,regular-sensitivity,5,0.03,stress,balanced,dominant_b,forward_cycle,"[0.27869593630004535,0.4055001946055472,0.3158038690944073]",0.27869593630004535,1.2776339255117486,0.02030458382819978,1.7735344030388872e-05,1.8274125445379804e-05,-5.387814149909315e-07,0.01970593781154319,-0.0005986460166565906,-0.02948329410352987,-0.019954867221886354,True
S02,source,regular-sensitivity,5,0.1,stress,balanced,dominant_b,forward_cycle,"[0.27869593630004535,0.4055001946055472,0.3158038690944073]",0.27869593630004535,1.2776339255117486,0.02030458382819978,0.00018383747434681883,0.00020304583828199786,-1.9208363935179027e-05,0.01838374743468188,-0.0019208363935179023,-0.09460112109513771,-0.019208363935179024,True
S02,source,regular-sensitivity,20,0.0001,confirmatory,balanced,dominant_b,forward_cycle,"[0.14024438316608837,0.6285317192117627,0.2312238976221491]",0.14024438316608837,1.9643687841079458,3.7103974833331885,3.708515107091366e-08,3.710397483333189e-08,-1.8823762418228547e-11,3.708515107091366,-0.0018823762418228546,-0.000507324686985246,-18.823762418228544,True
S02,source,regular-sensitivity,20,0.0003,confirmatory,balanced,dominant_b,forward_cycle,"[0.14024438316608837,0.6285317192117627,0.2312238976221491]",0.14024438316608837,1.9643687841079458,3.7103974833331885,3.3342793219671594e-07,3.3393577349998693e-07,-5.078413032709875e-10,3.7047548021857333,-0.005642681147455418,-0.0015207753812905205,-18.808937158184726,True
S02,source,regular-sensitivity,20,0.001,confirmatory,balanced,dominant_b,forward_cycle,"[0.14024438316608837,0.6285317192117627,0.2312238976221491]",0.14024438316608837,1.9643687841079458,3.7103974833331885,3.6916403920212067e-06,3.7103974833331884e-06,-1.8757091311981742e-08,3.6916403920212066,-0.018757091311981743,-0.005055278146408063,-18.757091311981743,True
S02,source,regular-sensitivity,20,0.003,extended-local,balanced,dominant_b,forward_cycle,"[0.14024438316608837,0.6285317192117627,0.2312238976221491]",0.14024438316608837,1.9643687841079458,3.7103974833331885,3.2891089531736795e-05,3.33935773499987e-05,-5.024878182619029e-07,3.6545655035263107,-0.0558319798068781,-0.01504743900287528,-18.610659935626035,True
S02,source,regular-sensitivity,20,0.01,extended-local,balanced,dominant_b,forward_cycle,"[0.14024438316608837,0.6285317192117627,0.2312238976221491]",0.14024438316608837,1.9643687841079458,3.7103974833331885,0.00035292260201871296,0.00037103974833331885,-1.8117146314605888e-05,3.5292260201871293,-0.18117146314605886,-0.048828047118904844,-18.117146314605886,True
S02,source,regular-sensitivity,20,0.03,stress,balanced,dominant_b,forward_cycle,"[0.14024438316608837,0.6285317192117627,0.2312238976221491]",0.14024438316608837,1.9643687841079458,3.7103974833331885,0.0028843793389515884,0.0033393577349998694,-0.00045497839604828096,3.2048659321684316,-0.5055315511647567,-0.13624727631892927,-16.85105170549189,True
S02,source,regular-sensitivity,20,0.1,stress,balanced,dominant_b,forward_cycle,"[0.14024438316608837,0.6285317192117627,0.2312238976221491]",0.14024438316608837,1.9643687841079458,3.7103974833331885,0.023514166270445135,0.037103974833331894,-0.01358980856288676,2.351416627044513,-1.3589808562886758,-0.366262876792341,-13.589808562886757,True
S02,source,regular-sensitivity,50,0.0001,confirmatory,balanced,dominant_b,forward_cycle,"[0.021271424997296076,0.9044840065682137,0.07424456843449029]",0.021271424997296076,3.8503906563725345,104.09486366055563,1.0386468653064088e-06,1.0409486366055564e-06,-2.3017712991476115e-09,103.86468653064088,-0.23017712991476114,-0.002211224663931055,-2301.771299147611,True
S02,source,regular-sensitivity,50,0.0003,confirmatory,balanced,dominant_b,forward_cycle,"[0.021271424997296076,0.9044840065682137,0.07424456843449029]",0.021271424997296076,3.8503906563725345,104.09486366055563,9.306727982383517e-06,9.368537729450005e-06,-6.180974706648772e-08,103.4080886931502,-0.6867749674054192,-0.006597587462575802,-2289.2498913513978,True
S02,source,regular-sensitivity,50,0.001,confirmatory,balanced,dominant_b,forward_cycle,"[0.021271424997296076,0.9044840065682137,0.07424456843449029]",0.021271424997296076,3.8503906563725345,104.09486366055563,0.00010184821191792535,0.00010409486366055563,-2.2466517426302743e-06,101.84821191792535,-2.2466517426302746,-0.021582733898921392,-2246.6517426302744,True
S02,source,regular-sensitivity,50,0.003,extended-local,balanced,dominant_b,forward_cycle,"[0.021271424997296076,0.9044840065682137,0.07424456843449029]",0.021271424997296076,3.8503906563725345,104.09486366055563,0.0008792225782234403,0.0009368537729450007,-5.763119472156043e-05,97.69139758038226,-6.403466080173381,-0.06151567767123007,-2134.488693391127,True
S02,source,regular-sensitivity,50,0.01,extended-local,balanced,dominant_b,forward_cycle,"[0.021271424997296076,0.9044840065682137,0.07424456843449029]",0.021271424997296076,3.8503906563725345,104.09486366055563,0.008583775225411615,0.010409486366055563,-0.0018257111406439486,85.83775225411614,-18.257111406439485,-0.175389166808214,-1825.7111406439483,True
S02,source,regular-sensitivity,50,0.03,stress,balanced,dominant_b,forward_cycle,"[0.021271424997296076,0.9044840065682137,0.07424456843449029]",0.021271424997296076,3.8503906563725345,104.09486366055563,0.058114909615485544,0.09368537729450006,-0.03557046767901452,64.57212179498394,-39.52274186557169,-0.37968003872363904,-1317.4247288523898,True
S02,source,regular-sensitivity,50,0.1,stress,balanced,dominant_b,forward_cycle,"[0.021271424997296076,0.9044840065682137,0.07424456843449029]",0.021271424997296076,3.8503906563725345,104.09486366055563,0.33249615387828096,1.0409486366055565,-0.7084524827272756,33.24961538782809,-70.84524827272755,-0.6805835156645941,-708.4524827272754,True
S03,source,regular-sensitivity,1,0.0001,confirmatory,skew_a,weak,uniform_mix,"[0.7013975491964067,0.19939980409302516,0.09920264671056807]",0.09920264671056807,2.310590584497148,0.4178417357898419,4.17820679477507e-09,4.178417357898419e-09,-2.10563123349574e-13,0.41782067947750695,-2.10563123349574e-05,-5.039303289116121e-05,-0.21056312334957394,True
S03,source,regular-sensitivity,1,0.0003,confirmatory,skew_a,weak,uniform_mix,"[0.7013975491964067,0.19939980409302516,0.09920264671056807]",0.09920264671056807,2.310590584497148,0.4178417357898419,3.76000738415281e-08,3.7605756221085765e-08,-5.682379557665352e-12,0.41777859823920116,-6.313755064072615e-05,-0.00015110398323752388,-0.21045850213575384,True
S03,source,regular-sensitivity,1,0.001,confirmatory,skew_a,weak,uniform_mix,"[0.7013975491964067,0.19939980409302516,0.09920264671056807]",0.09920264671056807,2.310590584497148,0.4178417357898419,4.176314623848833e-07,4.178417357898419e-07,-2.102734049585749e-10,0.41763146238488336,-0.00021027340495857492,-0.0005032369601880417,-0.21027340495857488,True
S03,source,regular-sensitivity,1,0.003,extended-local,skew_a,weak,uniform_mix,"[0.7013975491964067,0.19939980409302516,0.09920264671056807]",0.09920264671056807,2.310590584497148,0.4178417357898419,3.754912436485869e-06,3.7605756221085773e-06,-5.663185622708102e-09,0.4172124929428743,-0.0006292428469675668,-0.0015059358438144423,-0.20974761565585562,True
S03,source,regular-sensitivity,1,0.01,extended-local,skew_a,weak,uniform_mix,"[0.7013975491964067,0.19939980409302516,0.09920264671056807]",0.09920264671056807,2.310590584497148,0.4178417357898419,4.157624364052549e-05,4.178417357898419e-05,-2.079299384587032e-07,0.4157624364052549,-0.002079299384587032,-0.004976284574963661,-0.20792993845870317,True
S03,source,regular-sensitivity,1,0.03,stress,skew_a,weak,uniform_mix,"[0.7013975491964067,0.19939980409302516,0.09920264671056807]",0.09920264671056807,2.310590584497148,0.4178417357898419,0.00037057871943191843,0.0003760575622108577,-5.478842778939251e-06,0.4117541327021316,-0.006087603087710279,-0.014569159962450727,-0.202920102923676,True
S03,source,regular-sensitivity,1,0.1,stress,skew_a,weak,uniform_mix,"[0.7013975491964067,0.19939980409302516,0.09920264671056807]",0.09920264671056807,2.310590584497148,0.4178417357898419,0.00399117000018253,0.0041784173578984195,-0.00018724735771588966,0.3991170000182529,-0.018724735771588962,-0.04481298579758623,-0.1872473577158896,True
S03,source,regular-sensitivity,5,0.0001,confirmatory,skew_a,weak,uniform_mix,"[0.7069386560313311,0.19699550812095584,0.09606583584771308]",0.09606583584771308,2.342721532480518,10.597027436987249,1.0590103023031233e-07,1.0597027436987249e-07,-6.924413956016315e-11,10.590103023031233,-0.006924413956016315,-0.0006534298412635739,-69.24413956016313,True
S03,source,regular-sensitivity,5,0.0003,confirmatory,skew_a,weak,uniform_mix,"[0.7069386560313311,0.19699550812095584,0.09606583584771308]",0.09606583584771308,2.342721532480518,10.597027436987249,9.518651444060506e-07,9.537324693288523e-07,-1.867324922801722e-09,10.576279382289453,-0.020748054697796916,-0.001957912709122476,-69.16018232598972,True
S03,source,regular-sensitivity,5,0.001,confirmatory,skew_a,weak,uniform_mix,"[0.7069386560313311,0.19699550812095584,0.09606583584771308]",0.09606583584771308,2.342721532480518,10.597027436987249,1.0528158918837174e-05,1.0597027436987248e-05,-6.886851815007373e-08,10.528158918837175,-0.06886851815007373,-0.006498852490435107,-68.86851815007373,True
S03,source,regular-sensitivity,5,0.003,extended-local,skew_a,weak,uniform_mix,"[0.7069386560313311,0.19699550812095584,0.09606583584771308]",0.09606583584771308,2.342721532480518,10.597027436987249,9.35358463727185e-05,9.537324693288524e-05,-1.8374005601667443e-06,10.392871819190944,-0.20415561779630492,-0.01926536653889675,-68.0518725987683,True
S03,source,regular-sensitivity,5,0.01,extended-local,skew_a,weak,uniform_mix,"[0.7069386560313311,0.19699550812095584,0.09606583584771308]",0.09606583584771308,2.342721532480518,10.597027436987249,0.0009943297657830658,0.001059702743698725,-6.537297791565921e-05,9.943297657830657,-0.6537297791565921,-0.061689920408703636,-65.3729779156592,True
S03,source,regular-sensitivity,5,0.03,stress,skew_a,weak,uniform_mix,"[0.7069386560313311,0.19699550812095584,0.09606583584771308]",0.09606583584771308,2.342721532480518,10.597027436987249,0.007945682734739785,0.009537324693288524,-0.0015916419585487382,8.828536371933096,-1.7684910650541537,-0.16688557952407626,-58.949702168471795,True
S03,source,regular-sensitivity,5,0.1,stress,skew_a,weak,uniform_mix,"[0.7069386560313311,0.19699550812095584,0.09606583584771308]",0.09606583584771308,2.342721532480518,10.597027436987249,0.06142482396039553,0.10597027436987251,-0.04454545040947698,6.142482396039552,-4.454545040947697,-0.4203579793895609,-44.54545040947697,True
S03,source,regular-sensitivity,20,0.0001,confirmatory,skew_a,weak,uniform_mix,"[0.7270154892403149,0.18795166233038774,0.08503284842929734]",0.08503284842929734,2.4647176450358237,178.59988268240858,1.7807351189888477e-06,1.7859988268240859e-06,-5.263707835238155e-09,178.07351189888476,-0.5263707835238155,-0.0029472067709015413,-5263.707835238154,True
S03,source,regular-sensitivity,20,0.0003,confirmatory,skew_a,weak,uniform_mix,"[0.7270154892403149,0.18795166233038774,0.08503284842929734]",0.08503284842929734,2.4647176450358237,178.59988268240858,1.5932643504628675e-05,1.607398944141677e-05,-1.4134593678809344e-07,177.02937227365197,-1.570510408756594,-0.008793457113011214,-5235.034695855314,True
S03,source,regular-sensitivity,20,0.001,confirmatory,skew_a,weak,uniform_mix,"[0.7270154892403149,0.18795166233038774,0.08503284842929734]",0.08503284842929734,2.4647176450358237,178.59988268240858,0.00017346229334072334,0.00017859988268240857,-5.137589341685237e-06,173.46229334072333,-5.137589341685237,-0.028765916665359995,-5137.589341685237,True
S03,source,regular-sensitivity,20,0.003,extended-local,skew_a,weak,uniform_mix,"[0.7270154892403149,0.18795166233038774,0.08503284842929734]",0.08503284842929734,2.4647176450358237,178.59988268240858,0.0014755953355251959,0.0016073989441416773,-0.00013180360861648143,163.9550372805773,-14.644845401831269,-0.08199806843027524,-4881.6151339437565,True
S03,source,regular-sensitivity,20,0.01,extended-local,skew_a,weak,uniform_mix,"[0.7270154892403149,0.18795166233038774,0.08503284842929734]",0.08503284842929734,2.4647176450358237,178.59988268240858,0.013681780771158718,0.017859988268240857,-0.004178207497082139,136.81780771158716,-41.78207497082139,-0.23394234275685094,-4178.207497082139,True
S03,source,regular-sensitivity,20,0.03,stress,skew_a,weak,uniform_mix,"[0.7270154892403149,0.18795166233038774,0.08503284842929734]",0.08503284842929734,2.4647176450358237,178.59988268240858,0.07971196691126854,0.16073989441416772,-0.08102792750289918,88.56885212363171,-90.03103055877686,-0.5040934473561364,-3001.0343519592293,True
S03,source,regular-sensitivity,20,0.1,stress,skew_a,weak,uniform_mix,"[0.7270154892403149,0.18795166233038774,0.08503284842929734]",0.08503284842929734,2.4647176450358237,178.59988268240858,0.2831434613754362,1.785998826824086,-1.5028553654486498,28.314346137543616,-150.28553654486495,-0.8414649230879228,-1502.8553654486495,True
S03,source,regular-sensitivity,50,0.0001,confirmatory,skew_a,weak,uniform_mix,"[0.7638475556092894,0.16996716413019824,0.06618528026051237]",0.06618528026051237,2.7152971933234062,1229.8541597021413,1.2202677075541252e-05,1.2298541597021413e-05,-9.586452148016069e-08,1220.2677075541253,-9.586452148016068,-0.007794787757873514,-95864.52148016068,True
S03,source,regular-sensitivity,50,0.0003,confirmatory,skew_a,weak,uniform_mix,"[0.7638475556092894,0.16996716413019824,0.06618528026051237]",0.06618528026051237,2.7152971933234062,1229.8541597021413,0.00010813835887382153,0.0001106868743731927,-2.5485154993711663e-06,1201.5373208202393,-28.31683888190185,-0.023024550235094473,-94389.46293967284,True
S03,source,regular-sensitivity,50,0.001,confirmatory,skew_a,weak,uniform_mix,"[0.7638475556092894,0.16996716413019824,0.06618528026051237]",0.06618528026051237,2.7152971933234062,1229.8541597021413,0.001140215761328259,0.0012298541597021411,-8.963839837388202e-05,1140.215761328259,-89.63839837388203,-0.07288538861842901,-89638.39837388201,True
S03,source,regular-sensitivity,50,0.003,extended-local,skew_a,weak,uniform_mix,"[0.7638475556092894,0.16996716413019824,0.06618528026051237]",0.06618528026051237,2.7152971933234062,1229.8541597021413,0.008942740222574977,0.011068687437319272,-0.002125947214744295,993.6378025083308,-236.21635719381052,-0.19206859230448906,-78738.78573127018,True
S03,source,regular-sensitivity,50,0.01,extended-local,skew_a,weak,uniform_mix,"[0.7638475556092894,0.16996716413019824,0.06618528026051237]",0.06618528026051237,2.7152971933234062,1229.8541597021413,0.06664862947451602,0.12298541597021413,-0.05633678649569811,666.4862947451602,-563.3678649569811,-0.45807696832397043,-56336.7864956981,True
S03,source,regular-sensitivity,50,0.03,stress,skew_a,weak,uniform_mix,"[0.7638475556092894,0.16996716413019824,0.06618528026051237]",0.06618528026051237,2.7152971933234062,1229.8541597021413,0.2546254552013508,1.1068687437319271,-0.8522432885305763,282.91717244594537,-946.936987256196,-0.7699587628223616,-31564.566241873203,True
S03,source,regular-sensitivity,50,0.1,stress,skew_a,weak,uniform_mix,"[0.7638475556092894,0.16996716413019824,0.06618528026051237]",0.06618528026051237,2.7152971933234062,1229.8541597021413,0.44709589124548643,12.298541597021416,-11.851445705775928,44.709589124548636,-1185.1445705775925,-0.9636464301300758,-11851.445705775926,True
S04,source,regular-sensitivity,1,0.0001,confirmatory,skew_b,tie_ab,asymmetric_a,"[0.052030027507840866,0.15609008252352258,0.7918798899686366]",0.052030027507840866,2.9559342749881394,0.4095732044121443,4.09531082766281e-09,4.095732044121443e-09,-4.212164586329412e-13,0.409531082766281,-4.212164586329412e-05,-0.0001028427773339099,-0.42121645863294116,True
S04,source,regular-sensitivity,1,0.0003,confirmatory,skew_b,tie_ab,asymmetric_a,"[0.052030027507840866,0.15609008252352258,0.7918798899686366]",0.052030027507840866,2.9559342749881394,0.4095732044121443,3.685021982974539e-08,3.686158839709298e-08,-1.1368567347588882e-11,0.4094468869971711,-0.00012631741497320982,-0.00030841230239783815,-0.42105804991069945,True
S04,source,regular-sensitivity,1,0.001,confirmatory,skew_b,tie_ab,asymmetric_a,"[0.052030027507840866,0.15609008252352258,0.7918798899686366]",0.052030027507840866,2.9559342749881394,0.4095732044121443,4.091526884459143e-07,4.0957320441214427e-07,-4.2051596622997976e-10,0.4091526884459143,-0.00042051596622997976,-0.0010267174749225636,-0.4205159662299797,True
S04,source,regular-sensitivity,1,0.003,extended-local,skew_b,tie_ab,asymmetric_a,"[0.052030027507840866,0.15609008252352258,0.7918798899686366]",0.052030027507840866,2.9559342749881394,0.4095732044121443,3.674846405413157e-06,3.686158839709299e-06,-1.131243429614199e-08,0.40831626726812853,-0.0012569371440157766,-0.003068894963038034,-0.41897904800525887,True
S04,source,regular-sensitivity,1,0.01,extended-local,skew_b,tie_ab,asymmetric_a,"[0.052030027507840866,0.15609008252352258,0.7918798899686366]",0.052030027507840866,2.9559342749881394,0.4095732044121443,4.0543617451684055e-05,4.095732044121443e-05,-4.137029895303753e-07,0.40543617451684055,-0.0041370298953037525,-0.010100831428270764,-0.4137029895303752,True
S04,source,regular-sensitivity,1,0.03,stress,skew_b,tie_ab,asymmetric_a,"[0.052030027507840866,0.15609008252352258,0.7918798899686366]",0.052030027507840866,2.9559342749881394,0.4095732044121443,0.0003578305591958094,0.00036861588397092985,-1.0785324775120452e-05,0.397589510217566,-0.01198369419457828,-0.029258979995476848,-0.3994564731526094,True
S04,source,regular-sensitivity,1,0.1,stress,skew_b,tie_ab,asymmetric_a,"[0.052030027507840866,0.15609008252352258,0.7918798899686366]",0.052030027507840866,2.9559342749881394,0.4095732044121443,0.0037382827059973395,0.004095732044121444,-0.00035744933812410437,0.3738282705997339,-0.03574493381241043,-0.08727361416065955,-0.3574493381241043,True
S04,source,regular-sensitivity,5,0.0001,confirmatory,skew_b,tie_ab,asymmetric_a,"[0.06075034256234827,0.1822510276870448,0.7569986297506069]",0.06075034256234827,2.8009825578909866,9.658109427111308,9.651108078559617e-08,9.658109427111308e-08,-7.00134855169105e-11,9.651108078559616,-0.007001348551691051,-0.0007249191577843945,-70.01348551691049,True
S04,source,regular-sensitivity,5,0.0003,confirmatory,skew_b,tie_ab,asymmetric_a,"[0.06075034256234827,0.1822510276870448,0.7569986297506069]",0.06075034256234827,2.8009825578909866,9.658109427111308,8.673426264563309e-07,8.692298484400176e-07,-1.8872219836866288e-09,9.637140293959234,-0.020969133152073657,-0.002171142635142561,-69.89711050691218,True
S04,source,regular-sensitivity,5,0.001,confirmatory,skew_b,tie_ab,asymmetric_a,"[0.06075034256234827,0.1822510276870448,0.7569986297506069]",0.06075034256234827,2.8009825578909866,9.658109427111308,9.58861578208574e-06,9.658109427111308e-06,-6.949364502556818e-08,9.588615782085741,-0.06949364502556818,-0.007195367328360596,-69.49364502556817,True
S04,source,regular-sensitivity,5,0.003,extended-local,skew_b,tie_ab,asymmetric_a,"[0.06075034256234827,0.1822510276870448,0.7569986297506069]",0.06075034256234827,2.8009825578909866,9.658109427111308,8.507694558730714e-05,8.692298484400177e-05,-1.8460392566946245e-06,9.452993954145239,-0.20511547296606938,-0.0212376422646744,-68.37182432202313,True
S04,source,regular-sensitivity,5,0.01,extended-local,skew_b,tie_ab,asymmetric_a,"[0.06075034256234827,0.1822510276870448,0.7569986297506069]",0.06075034256234827,2.8009825578909866,9.658109427111308,0.0009010405976476957,0.0009658109427111308,-6.477034506343509e-05,9.010405976476957,-0.6477034506343509,-0.06706317168204583,-64.77034506343509,True
S04,source,regular-sensitivity,5,0.03,stress,skew_b,tie_ab,asymmetric_a,"[0.06075034256234827,0.1822510276870448,0.7569986297506069]",0.06075034256234827,2.8009825578909866,9.658109427111308,0.007164484135809661,0.008692298484400177,-0.0015278143485905164,7.960537928677401,-1.6975714984339072,-0.17576643868505457,-56.58571661446358,True
S04,source,regular-sensitivity,5,0.1,stress,skew_b,tie_ab,asymmetric_a,"[0.06075034256234827,0.1822510276870448,0.7569986297506069]",0.06075034256234827,2.8009825578909866,9.658109427111308,0.05638504136840265,0.0965810942711131,-0.040196052902710444,5.638504136840264,-4.019605290271044,-0.41618966119679673,-40.196052902710434,True
S04,source,regular-sensitivity,20,0.0001,confirmatory,skew_b,tie_ab,asymmetric_a,"[0.1011524187979224,0.3034572563937672,0.5953903248083104]",0.1011524187979224,2.2911268026743388,118.03309074777765,1.1770126259053049e-06,1.1803309074777765e-06,-3.3182815724716285e-09,117.70126259053049,-0.33182815724716286,-0.002811314650365627,-3318.281572471628,True
S04,source,regular-sensitivity,20,0.0003,confirmatory,skew_b,tie_ab,asymmetric_a,"[0.1011524187979224,0.3034572563937672,0.5953903248083104]",0.1011524187979224,2.2911268026743388,118.03309074777765,1.0533842138643829e-05,1.0622978167299986e-05,-8.913602865615699e-08,117.0426904293759,-0.9904003184017445,-0.008390869985079943,-3301.3343946724817,True
S04,source,regular-sensitivity,20,0.001,confirmatory,skew_b,tie_ab,asymmetric_a,"[0.1011524187979224,0.3034572563937672,0.5953903248083104]",0.1011524187979224,2.2911268026743388,118.03309074777765,0.00011478954896232754,0.00011803309074777765,-3.2435417854501038e-06,114.78954896232754,-3.243541785450104,-0.02747993604929958,-3243.5417854501034,True
S04,source,regular-sensitivity,20,0.003,extended-local,skew_b,tie_ab,asymmetric_a,"[0.1011524187979224,0.3034572563937672,0.5953903248083104]",0.1011524187979224,2.2911268026743388,118.03309074777765,0.0009788587975186214,0.001062297816729999,-8.343901921137754e-05,108.76208861318015,-9.271002134597504,-0.07854578809944499,-3090.3340448658346,True
S04,source,regular-sensitivity,20,0.01,extended-local,skew_b,tie_ab,asymmetric_a,"[0.1011524187979224,0.3034572563937672,0.5953903248083104]",0.1011524187979224,2.2911268026743388,118.03309074777765,0.009143077867668006,0.011803309074777765,-0.002660231207109759,91.43077867668006,-26.60231207109759,-0.2253801192747167,-2660.2312071097585,True
S04,source,regular-sensitivity,20,0.03,stress,skew_b,tie_ab,asymmetric_a,"[0.1011524187979224,0.3034572563937672,0.5953903248083104]",0.1011524187979224,2.2911268026743388,118.03309074777765,0.05438401815021046,0.10622978167299989,-0.051845763522789426,60.42668683356718,-57.606403914210475,-0.4880529989450869,-1920.213463807016,True
S04,source,regular-sensitivity,20,0.1,stress,skew_b,tie_ab,asymmetric_a,"[0.1011524187979224,0.3034572563937672,0.5953903248083104]",0.1011524187979224,2.2911268026743388,118.03309074777765,0.2099692977626788,1.1803309074777768,-0.970361609715098,20.996929776267876,-97.03616097150979,-0.8221098029099674,-970.3616097150978,True
S04,source,regular-sensitivity,50,0.0001,confirmatory,skew_b,tie_ab,asymmetric_a,"[0.18820482785729226,0.5646144835718766,0.24718068857083117]",0.18820482785729226,1.6702243993581198,332.96857929762547,3.3076342906980093e-06,3.329685792976255e-06,-2.2051502278245464e-08,330.7634290698009,-2.2051502278245465,-0.006622697650559583,-22051.50227824546,True
S04,source,regular-sensitivity,50,0.0003,confirmatory,skew_b,tie_ab,asymmetric_a,"[0.18820482785729226,0.5646144835718766,0.24718068857083117]",0.18820482785729226,1.6702243993581198,332.96857929762547,2.9377453022495304e-05,2.9967172136786287e-05,-5.897191142909831e-07,326.4161446943923,-6.552434603233146,-0.019678837616014883,-21841.448677443823,True
S04,source,regular-sensitivity,50,0.001,confirmatory,skew_b,tie_ab,asymmetric_a,"[0.18820482785729226,0.5646144835718766,0.24718068857083117]",0.18820482785729226,1.6702243993581198,332.96857929762547,0.0003118329269329815,0.00033296857929762544,-2.1135652364643947e-05,311.83292693298154,-21.13565236464395,-0.06347641693167616,-21135.652364643945,True
S04,source,regular-sensitivity,50,0.003,extended-local,skew_b,tie_ab,asymmetric_a,"[0.18820482785729226,0.5646144835718766,0.24718068857083117]",0.18820482785729226,1.6702243993581198,332.96857929762547,0.0024745365104181516,0.0029967172136786293,-0.0005221807032604778,274.94850115757237,-58.02007814005308,-0.17425091058874828,-19340.02604668436,True
S04,source,regular-sensitivity,50,0.01,extended-local,skew_b,tie_ab,asymmetric_a,"[0.18820482785729226,0.5646144835718766,0.24718068857083117]",0.18820482785729226,1.6702243993581198,332.96857929762547,0.018468918698417058,0.03329685792976255,-0.014827939231345493,184.68918698417056,-148.27939231345493,-0.4453254797381789,-14827.93923134549,True
S04,source,regular-sensitivity,50,0.03,stress,skew_b,tie_ab,asymmetric_a,"[0.18820482785729226,0.5646144835718766,0.24718068857083117]",0.18820482785729226,1.6702243993581198,332.96857929762547,0.06643783453869398,0.2996717213678629,-0.23323388682916893,73.81981615410443,-259.148763143521,-0.7782979513868177,-8638.292104784035,True
S04,source,regular-sensitivity,50,0.1,stress,skew_b,tie_ab,asymmetric_a,"[0.18820482785729226,0.5646144835718766,0.24718068857083117]",0.18820482785729226,1.6702243993581198,332.96857929762547,0.09580397605352098,3.3296857929762553,-3.233881816922734,9.580397605352095,-323.38818169227335,-0.9712273223330522,-3233.8818169227334,True
S05,source,regular-sensitivity,1,0.0001,confirmatory,edge,dominant_a,backward_cycle,"[0.001099474530134758,0.10353939993077459,0.8953611255390906]",0.001099474530134758,6.812922913190241,0.5154111048191048,5.151679618566263e-09,5.154111048191048e-09,-2.4314296247845894e-12,0.5151679618566263,-0.00024314296247845892,-0.0004717456806907478,-2.431429624784589,True
S05,source,regular-sensitivity,1,0.0003,confirmatory,edge,dominant_a,backward_cycle,"[0.001099474530134758,0.10353939993077459,0.8953611255390906]",0.001099474530134758,6.812922913190241,0.5154111048191048,4.632149718993299e-08,4.638699943371942e-08,-6.550224378643402e-11,0.5146833021103666,-0.0007278027087381559,-0.0014120819321376376,-2.4260090291271865,True
S05,source,regular-sensitivity,1,0.001,confirmatory,edge,dominant_a,backward_cycle,"[0.001099474530134758,0.10353939993077459,0.8953611255390906]",0.001099474530134758,6.812922913190241,0.5154111048191048,5.130037180599582e-07,5.154111048191048e-07,-2.4073867591465824e-09,0.5130037180599583,-0.0024073867591465825,-0.0046708088681781685,-2.4073867591465823,True
S05,source,regular-sensitivity,1,0.003,extended-local,edge,dominant_a,backward_cycle,"[0.001099474530134758,0.10353939993077459,0.8953611255390906]",0.001099474530134758,6.812922913190241,0.5154111048191048,4.575085648098032e-06,4.638699943371944e-06,-6.361429527391138e-08,0.5083428497886703,-0.007068255030434598,-0.013713819831094562,-2.356085010144866,True
S05,source,regular-sensitivity,1,0.01,extended-local,edge,dominant_a,backward_cycle,"[0.001099474530134758,0.10353939993077459,0.8953611255390906]",0.001099474530134758,6.812922913190241,0.5154111048191048,4.9345192336539175e-05,5.154111048191048e-05,-2.195918145371304e-06,0.49345192336539173,-0.02195918145371304,-0.04260517720397219,-2.1959181453713037,True
S05,source,regular-sensitivity,1,0.03,stress,edge,dominant_a,backward_cycle,"[0.001099474530134758,0.10353939993077459,0.8953611255390906]",0.001099474530134758,6.812922913190241,0.5154111048191048,0.00041378987899359006,0.0004638699943371943,-5.0080115343604224e-05,0.4597665322151001,-0.0556445726040047,-0.10796153222879126,-1.8548190868001568,True
S05,source,regular-sensitivity,1,0.1,stress,edge,dominant_a,backward_cycle,"[0.001099474530134758,0.10353939993077459,0.8953611255390906]",0.001099474530134758,6.812922913190241,0.5154111048191048,0.0039052344755449615,0.005154111048191049,-0.0012488765726460871,0.3905234475544961,-0.1248876572646087,-0.24230688104487164,-1.2488765726460869,True
S05,source,regular-sensitivity,5,0.0001,confirmatory,edge,dominant_a,backward_cycle,"[0.0016026183674648859,0.1235639235150807,0.8748334581174544]",0.0016026183674648859,6.43611650764462,14.118013215133656,1.408954153764297e-07,1.4118013215133657e-07,-2.8471677490688183e-10,14.089541537642969,-0.028471677490688182,-0.0020166915172007533,-284.71677490688177,True
S05,source,regular-sensitivity,5,0.0003,confirmatory,edge,dominant_a,backward_cycle,"[0.0016026183674648859,0.1235639235150807,0.8748334581174544]",0.0016026183674648859,6.43611650764462,14.118013215133656,1.2630073653015564e-06,1.270621189362029e-06,-7.613824060472542e-09,14.033415170017296,-0.0845980451163616,-0.005992206114786577,-281.99348372120534,True
S05,source,regular-sensitivity,5,0.001,confirmatory,edge,dominant_a,backward_cycle,"[0.0016026183674648859,0.1235639235150807,0.8748334581174544]",0.0016026183674648859,6.43611650764462,14.118013215133656,1.3845057144003031e-05,1.4118013215133656e-05,-2.7295607113062536e-07,13.845057144003032,-0.27295607113062537,-0.01933388692666989,-272.95607113062533,True
S05,source,regular-sensitivity,5,0.003,extended-local,edge,dominant_a,backward_cycle,"[0.0016026183674648859,0.1235639235150807,0.8748334581174544]",0.0016026183674648859,6.43611650764462,14.118013215133656,0.000120293669214041,0.0001270621189362029,-6.768449722161895e-06,13.365963246004556,-0.7520499691290995,-0.05326882456257708,-250.68332304303314,True
S05,source,regular-sensitivity,5,0.01,extended-local,edge,dominant_a,backward_cycle,"[0.0016026183674648859,0.1235639235150807,0.8748334581174544]",0.0016026183674648859,6.43611650764462,14.118013215133656,0.0012135219524281766,0.0014118013215133657,-0.00019827936908518905,12.135219524281766,-1.9827936908518904,-0.140444243863326,-198.27936908518902,True
S05,source,regular-sensitivity,5,0.03,stress,edge,dominant_a,backward_cycle,"[0.0016026183674648859,0.1235639235150807,0.8748334581174544]",0.0016026183674648859,6.43611650764462,14.118013215133656,0.009180709947894987,0.01270621189362029,-0.003525501945725304,10.20078883099443,-3.9172243841392267,-0.27746286424637984,-130.57414613797425,True
S05,source,regular-sensitivity,5,0.1,stress,edge,dominant_a,backward_cycle,"[0.0016026183674648859,0.1235639235150807,0.8748334581174544]",0.0016026183674648859,6.43611650764462,14.118013215133656,0.07488378774998909,0.1411801321513366,-0.0662963444013475,7.488378774998908,-6.629634440134749,-0.46958692693587945,-66.29634440134748,True
S05,source,regular-sensitivity,20,0.0001,confirmatory,edge,dominant_a,backward_cycle,"[0.006280546237832112,0.2287379001822831,0.7649815535798847]",0.006280546237832112,5.070298321738103,347.4146126903105,3.448806765329643e-06,3.474146126903105e-06,-2.5339361573462003e-08,344.8806765329643,-2.5339361573462003,-0.007293694809564562,-25339.361573462,True
S05,source,regular-sensitivity,20,0.0003,confirmatory,edge,dominant_a,backward_cycle,"[0.006280546237832112,0.2287379001822831,0.7649815535798847]",0.006280546237832112,5.070298321738103,347.4146126903105,3.0601334363920124e-05,3.126731514212794e-05,-6.659807782078157e-07,340.0148262657792,-7.399786424531287,-0.021299583132755397,-24665.954748437623,True
S05,source,regular-sensitivity,20,0.001,confirmatory,edge,dominant_a,backward_cycle,"[0.006280546237832112,0.2287379001822831,0.7649815535798847]",0.006280546237832112,5.070298321738103,347.4146126903105,0.00032479578250754846,0.0003474146126903105,-2.261883018276202e-05,324.7957825075485,-22.618830182762018,-0.06510615661099066,-22618.830182762016,True
S05,source,regular-sensitivity,20,0.003,extended-local,edge,dominant_a,backward_cycle,"[0.006280546237832112,0.2287379001822831,0.7649815535798847]",0.006280546237832112,5.070298321738103,347.4146126903105,0.0026270613909945804,0.0031267315142127945,-0.0004996701232182141,291.89571011050896,-55.51890257980156,-0.1598058934535715,-18506.300859933854,True
S05,source,regular-sensitivity,20,0.01,extended-local,edge,dominant_a,backward_cycle,"[0.006280546237832112,0.2287379001822831,0.7649815535798847]",0.006280546237832112,5.070298321738103,347.4146126903105,0.02286838295614027,0.03474146126903105,-0.011873078312890778,228.6838295614027,-118.73078312890777,-0.3417552940835733,-11873.078312890775,True
S05,source,regular-sensitivity,20,0.03,stress,edge,dominant_a,backward_cycle,"[0.006280546237832112,0.2287379001822831,0.7649815535798847]",0.006280546237832112,5.070298321738103,347.4146126903105,0.1398329199665009,0.31267315142127944,-0.17284023145477853,155.3699110738899,-192.04470161642058,-0.5527824524399367,-6401.490053880688,True
S05,source,regular-sensitivity,20,0.1,stress,edge,dominant_a,backward_cycle,"[0.006280546237832112,0.2287379001822831,0.7649815535798847]",0.006280546237832112,5.070298321738103,347.4146126903105,0.7240017918651989,3.4741461269031055,-2.7501443350379065,72.40017918651988,-275.0144335037906,-0.7916029535261423,-2750.144335037906,True
S05,source,regular-sensitivity,50,0.0001,confirmatory,edge,dominant_a,backward_cycle,"[0.06583032675958816,0.534964545865689,0.3992051273747229]",0.06583032675958816,2.7206746538265625,5599.41836075167,5.501468855541574e-05,5.5994183607516696e-05,-9.794950521009553e-07,5501.468855541574,-97.94950521009552,-0.01749279994805509,-979495.052100955,True
S05,source,regular-sensitivity,50,0.0003,confirmatory,edge,dominant_a,backward_cycle,"[0.06583032675958816,0.534964545865689,0.3992051273747229]",0.06583032675958816,2.7206746538265625,5599.41836075167,0.0004785055911758233,0.0005039476524676501,-2.5442061291826843e-05,5316.728790842482,-282.6895699091872,-0.05048552397703657,-942298.5663639574,True
S05,source,regular-sensitivity,50,0.001,confirmatory,edge,dominant_a,backward_cycle,"[0.06583032675958816,0.534964545865689,0.3992051273747229]",0.06583032675958816,2.7206746538265625,5599.41836075167,0.004764880193324134,0.005599418360751669,-0.0008345381674275355,4764.880193324134,-834.5381674275355,-0.14904015268391316,-834538.1674275354,True
S05,source,regular-sensitivity,50,0.003,extended-local,edge,dominant_a,backward_cycle,"[0.06583032675958816,0.534964545865689,0.3992051273747229]",0.06583032675958816,2.7206746538265625,5599.41836075167,0.033176035575560564,0.050394765246765026,-0.017218729671204462,3686.2261750622847,-1913.1921856893846,-0.3416769497167125,-637730.7285631283,True
S05,source,regular-sensitivity,50,0.01,extended-local,edge,dominant_a,backward_cycle,"[0.06583032675958816,0.534964545865689,0.3992051273747229]",0.06583032675958816,2.7206746538265625,5599.41836075167,0.19919135953294131,0.559941836075167,-0.3607504765422257,1991.913595329413,-3607.5047654222567,-0.6442641954936874,-360750.47654222563,True
S05,source,regular-sensitivity,50,0.03,stress,edge,dominant_a,backward_cycle,"[0.06583032675958816,0.534964545865689,0.3992051273747229]",0.06583032675958816,2.7206746538265625,5599.41836075167,0.6272565021966481,5.039476524676503,-4.412220022479855,696.9516691073868,-4902.466691644283,-0.87553141697849,-163415.5563881428,True
S05,source,regular-sensitivity,50,0.1,stress,edge,dominant_a,backward_cycle,"[0.06583032675958816,0.534964545865689,0.3992051273747229]",0.06583032675958816,2.7206746538265625,5599.41836075167,1.0181394234816508,55.99418360751671,-54.97604418403506,101.81394234816506,-5497.604418403505,-0.981817050309758,-54976.04418403505,True
S06,source,regular-sensitivity,1,0.0001,confirmatory,balanced,neutral,asymmetric_b,"[0.3333333333333333,0.3333333333333333,0.3333333333333333]",0.3333333333333333,1.0986122886681098,0.03583333333333333,3.583341713919052e-10,3.583333333333333e-10,8.380585719150769e-16,0.03583341713919052,8.380585719150769e-08,2.3387681076699823e-06,0.0008380585719150767,True
S06,source,regular-sensitivity,1,0.0003,confirmatory,balanced,neutral,asymmetric_b,"[0.3333333333333333,0.3333333333333333,0.3333333333333333]",0.3333333333333333,1.0986122886681098,0.03583333333333333,3.2250237042190182e-09,3.224999999999999e-09,2.370421901910815e-14,0.03583359671354465,2.633802113234239e-07,7.3501454322815984e-06,0.0008779340377447465,True
S06,source,regular-sensitivity,1,0.001,confirmatory,balanced,neutral,asymmetric_b,"[0.3333333333333333,0.3333333333333333,0.3333333333333333]",0.3333333333333333,1.0986122886681098,0.03583333333333333,3.5834208938386445e-08,3.5833333333333323e-08,8.756050531218141e-13,0.035834208938386444,8.756050531218141e-07,2.443548985456226e-05,0.000875605053121814,True
S06,source,regular-sensitivity,1,0.003,extended-local,balanced,neutral,asymmetric_b,"[0.3333333333333333,0.3333333333333333,0.3333333333333333]",0.3333333333333333,1.0986122886681098,0.03583333333333333,3.2252367705167505e-07,3.225e-07,2.3677051675065096e-11,0.03583596411685278,2.6307835194516773e-06,7.341721449632588e-05,0.0008769278398172257,True
S06,source,regular-sensitivity,1,0.01,extended-local,balanced,neutral,asymmetric_b,"[0.3333333333333333,0.3333333333333333,0.3333333333333333]",0.3333333333333333,1.0986122886681098,0.03583333333333333,3.5842147581670314e-06,3.583333333333333e-06,8.814248336983417e-10,0.035842147581670314,8.814248336983417e-06,0.0002459790233576768,0.0008814248336983416,True
S06,source,regular-sensitivity,1,0.03,stress,balanced,neutral,asymmetric_b,"[0.3333333333333333,0.3333333333333333,0.3333333333333333]",0.3333333333333333,1.0986122886681098,0.03583333333333333,3.227414619501627e-05,3.224999999999999e-05,2.4146195016276032e-08,0.03586016243890697,2.6829105573640037e-05,0.0007487192253108849,0.0008943035191213346,True
S06,source,regular-sensitivity,1,0.1,stress,balanced,neutral,asymmetric_b,"[0.3333333333333333,0.3333333333333333,0.3333333333333333]",0.3333333333333333,1.0986122886681098,0.03583333333333333,0.00035927303391468553,0.00035833333333333333,9.397005813521937e-07,0.035927303391468546,9.397005813521936e-05,0.002622420227029378,0.0009397005813521935,True
S06,source,regular-sensitivity,5,0.0001,confirmatory,balanced,neutral,asymmetric_b,"[0.3333333333333333,0.3333333333333333,0.3333333333333333]",0.3333333333333333,1.0986122886681098,0.8958333333333335,8.956934654865832e-09,8.958333333333336e-09,-1.3986784675034982e-12,0.8956934654865832,-0.0001398678467503498,-0.00015613154986085558,-1.398678467503498,True
S06,source,regular-sensitivity,5,0.0003,confirmatory,balanced,neutral,asymmetric_b,"[0.3333333333333333,0.3333333333333333,0.3333333333333333]",0.3333333333333333,1.0986122886681098,0.8958333333333335,8.058723895056769e-08,8.0625e-08,-3.776104943231009e-11,0.8954137661174189,-0.0004195672159145566,-0.0004683541014860166,-1.3985573863818554,True
S06,source,regular-sensitivity,5,0.001,confirmatory,balanced,neutral,asymmetric_b,"[0.3333333333333333,0.3333333333333333,0.3333333333333333]",0.3333333333333333,1.0986122886681098,0.8958333333333335,8.944356924957351e-07,8.958333333333335e-07,-1.3976408375983913e-09,0.8944356924957351,-0.0013976408375983914,-0.0015601572140633202,-1.397640837598391,True
S06,source,regular-sensitivity,5,0.003,extended-local,balanced,neutral,asymmetric_b,"[0.3333333333333333,0.3333333333333333,0.3333333333333333]",0.3333333333333333,1.0986122886681098,0.8958333333333335,8.024834653891063e-06,8.062500000000001e-06,-3.7665346108938546e-08,0.8916482948767848,-0.004185038456548727,-0.004671670835217184,-1.3950128188495758,True
S06,source,regular-sensitivity,5,0.01,extended-local,balanced,neutral,asymmetric_b,"[0.3333333333333333,0.3333333333333333,0.3333333333333333]",0.3333333333333333,1.0986122886681098,0.8958333333333335,8.819744862458359e-05,8.958333333333335e-05,-1.385884708749756e-06,0.8819744862458359,-0.01385884708749756,-0.015470340934880995,-1.385884708749756,True
S06,source,regular-sensitivity,5,0.03,stress,balanced,neutral,asymmetric_b,"[0.3333333333333333,0.3333333333333333,0.3333333333333333]",0.3333333333333333,1.0986122886681098,0.8958333333333335,0.0007695194895692876,0.0008062500000000001,-3.673051043071246e-05,0.8550216550769862,-0.040811678256347184,-0.04555722223964336,-1.360389275211573,True
S06,source,regular-sensitivity,5,0.1,stress,balanced,neutral,asymmetric_b,"[0.3333333333333333,0.3333333333333333,0.3333333333333333]",0.3333333333333333,1.0986122886681098,0.8958333333333335,0.007680945442978343,0.008958333333333337,-0.0012773878903549942,0.7680945442978342,-0.1277387890354994,-0.14259213659776673,-1.277387890354994,True
S06,source,regular-sensitivity,20,0.0001,confirmatory,balanced,neutral,asymmetric_b,"[0.3333333333333333,0.3333333333333333,0.3333333333333333]",0.3333333333333333,1.0986122886681098,14.333333333333357,1.4322575456402462e-07,1.4333333333333358e-07,-1.0757876930896035e-10,14.322575456402463,-0.010757876930896035,-0.0007505495533183267,-107.57876930896033,True
S06,source,regular-sensitivity,20,0.0003,confirmatory,balanced,neutral,asymmetric_b,"[0.3333333333333333,0.3333333333333333,0.3333333333333333]",0.3333333333333333,1.0986122886681098,14.333333333333357,1.2870983008408726e-06,1.2900000000000018e-06,-2.9016991591292493e-09,14.301092231565253,-0.03224110176810278,-0.0022493791931234458,-107.47033922700926,True
S06,source,regular-sensitivity,20,0.001,confirmatory,balanced,neutral,asymmetric_b,"[0.3333333333333333,0.3333333333333333,0.3333333333333333]",0.3333333333333333,1.0986122886681098,14.333333333333357,1.4226241525074675e-05,1.4333333333333356e-05,-1.0709180825868061e-07,14.226241525074675,-0.10709180825868062,-0.007471521506419566,-107.09180825868062,True
S06,source,regular-sensitivity,20,0.003,extended-local,balanced,neutral,asymmetric_b,"[0.3333333333333333,0.3333333333333333,0.3333333333333333]",0.3333333333333333,1.0986122886681098,14.333333333333357,0.00012613736124149604,0.0001290000000000002,-2.8626387585041664e-06,14.015262360166227,-0.31807097316712957,-0.02219099812793924,-106.02365772237653,True
S06,source,regular-sensitivity,20,0.01,extended-local,balanced,neutral,asymmetric_b,"[0.3333333333333333,0.3333333333333333,0.3333333333333333]",0.3333333333333333,1.0986122886681098,14.333333333333357,0.0013308990012644434,0.0014333333333333357,-0.00010243433206889234,13.308990012644433,-1.0243433206889234,-0.07146581307132012,-102.43433206889232,True
S06,source,regular-sensitivity,20,0.03,stress,balanced,neutral,asymmetric_b,"[0.3333333333333333,0.3333333333333333,0.3333333333333333]",0.3333333333333333,1.0986122886681098,14.333333333333357,0.010380839829516382,0.01290000000000002,-0.002519160170483639,11.534266477240426,-2.799066856092932,-0.19528373414601818,-93.30222853643109,True
S06,source,regular-sensitivity,20,0.1,stress,balanced,neutral,asymmetric_b,"[0.3333333333333333,0.3333333333333333,0.3333333333333333]",0.3333333333333333,1.0986122886681098,14.333333333333357,0.07294174141557568,0.1433333333333336,-0.07039159191775791,7.2941741415575665,-7.0391591917757905,-0.49110412965877526,-70.39159191775789,True
S06,source,regular-sensitivity,50,0.0001,confirmatory,balanced,neutral,asymmetric_b,"[0.3333333333333333,0.3333333333333333,0.3333333333333333]",0.3333333333333333,1.0986122886681098,89.5833333333334,8.940973079258046e-07,8.95833333333334e-07,-1.7360254075294095e-09,89.40973079258046,-0.17360254075294096,-0.001937888827009572,-1736.0254075294092,True
S06,source,regular-sensitivity,50,0.0003,confirmatory,balanced,neutral,asymmetric_b,"[0.3333333333333333,0.3333333333333333,0.3333333333333333]",0.3333333333333333,1.0986122886681098,89.5833333333334,8.015751465109428e-06,8.062500000000005e-06,-4.6748534890576364e-08,89.06390516788255,-0.5194281654508486,-0.005798267893404817,-1731.4272181694953,True
S06,source,regular-sensitivity,50,0.001,confirmatory,balanced,neutral,asymmetric_b,"[0.3333333333333333,0.3333333333333333,0.3333333333333333]",0.3333333333333333,1.0986122886681098,89.5833333333334,8.786782428204729e-05,8.95833333333334e-05,-1.7155090512861157e-06,87.8678242820473,-1.7155090512861157,-0.019149868479472906,-1715.5090512861157,True
S06,source,regular-sensitivity,50,0.003,extended-local,balanced,neutral,asymmetric_b,"[0.3333333333333333,0.3333333333333333,0.3333333333333333]",0.3333333333333333,1.0986122886681098,89.5833333333334,0.0007611198982732589,0.0008062500000000007,-4.513010172674172e-05,84.56887758591766,-5.014455747415746,-0.055975319971152473,-1671.485249138582,True
S06,source,regular-sensitivity,50,0.01,extended-local,balanced,neutral,asymmetric_b,"[0.3333333333333333,0.3333333333333333,0.3333333333333333]",0.3333333333333333,1.0986122886681098,89.5833333333334,0.0074257953070401145,0.00895833333333334,-0.0015325380262932262,74.25795307040114,-15.325380262932262,-0.17107401223738325,-1532.538026293226,True
S06,source,regular-sensitivity,50,0.03,stress,balanced,neutral,asymmetric_b,"[0.3333333333333333,0.3333333333333333,0.3333333333333333]",0.3333333333333333,1.0986122886681098,89.5833333333334,0.04738357686457258,0.08062500000000006,-0.03324142313542748,52.64841873841397,-36.93491459491943,-0.4122967210595654,-1231.1638198306475,True
S06,source,regular-sensitivity,50,0.1,stress,balanced,neutral,asymmetric_b,"[0.3333333333333333,0.3333333333333333,0.3333333333333333]",0.3333333333333333,1.0986122886681098,89.5833333333334,0.19486630104417707,0.8958333333333341,-0.700967032289157,19.486630104417703,-70.09670322891569,-0.7824748267413839,-700.9670322891568,True
S07,source,regular-sensitivity,1,0.0001,confirmatory,mixed,compressed,uniform_mix,"[0.20190629856921305,0.29835045810238875,0.4997432433283982]",0.20190629856921305,1.5999515576704353,0.07253238662794105,7.253175850389731e-10,7.253238662794105e-10,-6.281240437416257e-15,0.0725317585038973,-6.281240437416257e-07,-8.659911426375962e-06,-0.0062812404374162556,True
S07,source,regular-sensitivity,1,0.0003,confirmatory,mixed,compressed,uniform_mix,"[0.20190629856921305,0.29835045810238875,0.4997432433283982]",0.20190629856921305,1.5999515576704353,0.07253238662794105,6.527745084096838e-09,6.5279147965146934e-09,-1.6971241785571443e-13,0.07253050093440933,-1.8856935317301608e-06,-2.599795235475887e-05,-0.006285645105767203,True
S07,source,regular-sensitivity,1,0.001,confirmatory,mixed,compressed,uniform_mix,"[0.20190629856921305,0.29835045810238875,0.4997432433283982]",0.20190629856921305,1.5999515576704353,0.07253238662794105,7.252610412870875e-08,7.253238662794105e-08,-6.282499232296231e-12,0.07252610412870876,-6.282499232296231e-06,-8.66164691990995e-05,-0.006282499232296231,True
S07,source,regular-sensitivity,1,0.003,extended-local,mixed,compressed,uniform_mix,"[0.20190629856921305,0.29835045810238875,0.4997432433283982]",0.20190629856921305,1.5999515576704353,0.07253238662794105,6.526220438060788e-07,6.527914796514695e-07,-1.6943584539065237e-10,0.07251356042289765,-1.8826205043405817e-05,-0.00025955584696221143,-0.006275401681135273,True
S07,source,regular-sensitivity,1,0.01,extended-local,mixed,compressed,uniform_mix,"[0.20190629856921305,0.29835045810238875,0.4997432433283982]",0.20190629856921305,1.5999515576704353,0.07253238662794105,7.246987925383242e-06,7.253238662794105e-06,-6.25073741086325e-09,0.07246987925383241,-6.25073741086325e-05,-0.0008617857072491987,-0.006250737410863249,True
S07,source,regular-sensitivity,1,0.03,stress,mixed,compressed,uniform_mix,"[0.20190629856921305,0.29835045810238875,0.4997432433283982]",0.20190629856921305,1.5999515576704353,0.07253238662794105,6.511226535602533e-05,6.527914796514694e-05,-1.6688260912161017e-07,0.07234696150669481,-0.00018542512124623353,-0.002556445883924682,-0.006180837374874452,True
S07,source,regular-sensitivity,1,0.1,stress,mixed,compressed,uniform_mix,"[0.20190629856921305,0.29835045810238875,0.4997432433283982]",0.20190629856921305,1.5999515576704353,0.07253238662794105,0.0007193813395136132,0.0007253238662794107,-5.942526765797423e-06,0.07193813395136131,-0.0005942526765797422,-0.008192928761988691,-0.005942526765797421,True
S07,source,regular-sensitivity,5,0.0001,confirmatory,mixed,compressed,uniform_mix,"[0.2096572845466268,0.29176227014919737,0.49858044530417583]",0.2096572845466268,1.5622810597413517,1.757421429161659,1.7566417588610068e-08,1.757421429161659e-08,-7.796703006522453e-12,1.7566417588610068,-0.0007796703006522453,-0.0004436444712206398,-7.796703006522452,True
S07,source,regular-sensitivity,5,0.0003,confirmatory,mixed,compressed,uniform_mix,"[0.2096572845466268,0.29176227014919737,0.49858044530417583]",0.2096572845466268,1.5622810597413517,1.757421429161659,1.579575291906811e-07,1.5816792862454928e-07,-2.1039943386818705e-10,1.7550836576742346,-0.0023377714874243008,-0.0013302281676054707,-7.79257162474767,True
S07,source,regular-sensitivity,5,0.001,confirmatory,mixed,compressed,uniform_mix,"[0.2096572845466268,0.29176227014919737,0.49858044530417583]",0.2096572845466268,1.5622810597413517,1.757421429161659,1.7496431726458928e-06,1.757421429161659e-06,-7.778256515766257e-09,1.7496431726458928,-0.007778256515766258,-0.004425948373394258,-7.778256515766256,True
S07,source,regular-sensitivity,5,0.003,extended-local,mixed,compressed,uniform_mix,"[0.2096572845466268,0.29176227014919737,0.49858044530417583]",0.2096572845466268,1.5622810597413517,1.757421429161659,1.5607877101401872e-05,1.5816792862454933e-05,-2.089157610530604e-07,1.7342085668224303,-0.02321286233922893,-0.01320847803153404,-7.7376207797429775,True
S07,source,regular-sensitivity,5,0.01,extended-local,mixed,compressed,uniform_mix,"[0.2096572845466268,0.29176227014919737,0.49858044530417583]",0.2096572845466268,1.5622810597413517,1.757421429161659,0.00016814374832099278,0.0001757421429161659,-7.598394595173123e-06,1.6814374832099277,-0.07598394595173123,-0.043236041561173964,-7.598394595173122,True
S07,source,regular-sensitivity,5,0.03,stress,mixed,compressed,uniform_mix,"[0.2096572845466268,0.29176227014919737,0.49858044530417583]",0.2096572845466268,1.5622810597413517,1.757421429161659,0.0013866202189047779,0.0015816792862454931,-0.00019505906734071528,1.5406891321164198,-0.21673229704523922,-0.12332403227188757,-7.224409901507975,True
S07,source,regular-sensitivity,5,0.1,stress,mixed,compressed,uniform_mix,"[0.2096572845466268,0.29176227014919737,0.49858044530417583]",0.2096572845466268,1.5622810597413517,1.757421429161659,0.011437661353410553,0.017574214291616593,-0.006136552938206041,1.143766135341055,-0.6136552938206039,-0.34917936223944607,-6.136552938206039,True
S07,source,regular-sensitivity,20,0.0001,confirmatory,mixed,compressed,uniform_mix,"[0.24049710479987804,0.26724695588542524,0.49225593931469674]",0.24049710479987804,1.425047227762927,25.025268952227812,2.4973449739857517e-07,2.502526895222781e-07,-5.181921237029284e-10,24.973449739857518,-0.051819212370292835,-0.0020706755427569445,-518.1921237029283,True
S07,source,regular-sensitivity,20,0.0003,confirmatory,mixed,compressed,uniform_mix,"[0.24049710479987804,0.26724695588542524,0.49225593931469674]",0.24049710479987804,1.425047227762927,25.025268952227812,2.2383183007049137e-06,2.2522742057005025e-06,-1.3955904995588886e-08,24.870203341165713,-0.15506561106209876,-0.006196361420055565,-516.8853702069958,True
S07,source,regular-sensitivity,20,0.001,confirmatory,mixed,compressed,uniform_mix,"[0.24049710479987804,0.26724695588542524,0.49225593931469674]",0.24049710479987804,1.425047227762927,25.025268952227812,2.4512914081309747e-05,2.502526895222781e-05,-5.12354870918063e-07,24.51291408130975,-0.512354870918063,-0.020473501079893562,-512.3548709180629,True
S07,source,regular-sensitivity,20,0.003,extended-local,mixed,compressed,uniform_mix,"[0.24049710479987804,0.26724695588542524,0.49225593931469674]",0.24049710479987804,1.425047227762927,25.025268952227812,0.00021173363189908208,0.00022522742057005032,-1.3493788670968242e-05,23.525959099898007,-1.4993098523298045,-0.05991183771858453,-499.76995077660155,True
S07,source,regular-sensitivity,20,0.01,extended-local,mixed,compressed,uniform_mix,"[0.24049710479987804,0.26724695588542524,0.49225593931469674]",0.24049710479987804,1.425047227762927,25.025268952227812,0.0020430011832814725,0.0025025268952227815,-0.000459525711941309,20.430011832814724,-4.595257119413089,-0.1836246846411618,-459.5257119413089,True
S07,source,regular-sensitivity,20,0.03,stress,mixed,compressed,uniform_mix,"[0.24049710479987804,0.26724695588542524,0.49225593931469674]",0.24049710479987804,1.425047227762927,25.025268952227812,0.012541635459224057,0.02252274205700503,-0.009981106597780974,13.935150510248953,-11.090118441978861,-0.4431568133453203,-369.67061473262874,True
S07,source,regular-sensitivity,20,0.1,stress,mixed,compressed,uniform_mix,"[0.24049710479987804,0.26724695588542524,0.49225593931469674]",0.24049710479987804,1.425047227762927,25.025268952227812,0.044392911120852654,0.2502526895222782,-0.20585977840142555,4.4392911120852645,-20.58597784014255,-0.8226076562629683,-205.8597784014255,True
S07,source,regular-sensitivity,50,0.0001,confirmatory,mixed,compressed,uniform_mix,"[0.31008939619860426,0.21971378868581581,0.4701968151155799]",0.21971378868581581,1.5154295401326052,126.3803193132102,1.2571295197656316e-06,1.263803193132102e-06,-6.673673366470263e-09,125.71295197656316,-0.6673673366470263,-0.005280627080812164,-6673.6733664702615,True
S07,source,regular-sensitivity,50,0.0003,confirmatory,mixed,compressed,uniform_mix,"[0.31008939619860426,0.21971378868581581,0.4701968151155799]",0.21971378868581581,1.5154295401326052,126.3803193132102,1.1195176184509992e-05,1.1374228738188916e-05,-1.7905255367892386e-07,124.39084649455549,-1.98947281865471,-0.01574195119513957,-6631.5760621823665,True
S07,source,regular-sensitivity,50,0.001,confirmatory,mixed,compressed,uniform_mix,"[0.31008939619860426,0.21971378868581581,0.4701968151155799]",0.21971378868581581,1.5154295401326052,126.3803193132102,0.00011989282511680813,0.0001263803193132102,-6.48749419640207e-06,119.89282511680813,-6.4874941964020705,-0.051333104961730776,-6487.49419640207,True
S07,source,regular-sensitivity,50,0.003,extended-local,mixed,compressed,uniform_mix,"[0.31008939619860426,0.21971378868581581,0.4701968151155799]",0.21971378868581581,1.5154295401326052,126.3803193132102,0.0009726687671622498,0.0011374228738188917,-0.00016475410665664188,108.0743074624722,-18.306011850737985,-0.14484859628634053,-6102.003950245996,True
S07,source,regular-sensitivity,50,0.01,extended-local,mixed,compressed,uniform_mix,"[0.31008939619860426,0.21971378868581581,0.4701968151155799]",0.21971378868581581,1.5154295401326052,126.3803193132102,0.007635635892777687,0.01263803193132102,-0.005002396038543333,76.35635892777687,-50.02396038543333,-0.3958208102122152,-5002.396038543332,True
S07,source,regular-sensitivity,50,0.03,stress,mixed,compressed,uniform_mix,"[0.31008939619860426,0.21971378868581581,0.4701968151155799]",0.21971378868581581,1.5154295401326052,126.3803193132102,0.028745125008289282,0.11374228738188917,-0.08499716237359989,31.939027786988092,-94.4412915262221,-0.7472784689850868,-3148.0430508740706,True
S07,source,regular-sensitivity,50,0.1,stress,mixed,compressed,uniform_mix,"[0.31008939619860426,0.21971378868581581,0.4701968151155799]",0.21971378868581581,1.5154295401326052,126.3803193132102,0.04520245587033693,1.263803193132102,-1.218600737261765,4.520245587033692,-121.86007372617648,-0.9642329944124362,-1218.6007372617648,True
S08,source,regular-sensitivity,1,0.0001,confirmatory,skew_a,dominant_b,uniform_off_diagonal,"[0.6875496162492863,0.21174252408626185,0.10070785966445171]",0.10070785966445171,2.2955314320109164,0.8883586225312206,8.882918451448346e-09,8.883586225312206e-09,-6.677738638598525e-13,0.8882918451448346,-6.677738638598525e-05,-7.516940196484491e-05,-0.6677738638598524,True
S08,source,regular-sensitivity,1,0.0003,confirmatory,skew_a,dominant_b,uniform_off_diagonal,"[0.6875496162492863,0.21174252408626185,0.10070785966445171]",0.10070785966445171,2.2955314320109164,0.8883586225312206,7.993425412079942e-08,7.995227602780983e-08,-1.8021907010414516e-11,0.8881583791199937,-0.000200243411226828,-0.00022540830487609818,-0.66747803742276,True
S08,source,regular-sensitivity,1,0.001,confirmatory,skew_a,dominant_b,uniform_off_diagonal,"[0.6875496162492863,0.21174252408626185,0.10070785966445171]",0.10070785966445171,2.2955314320109164,0.8883586225312206,8.876920095618837e-07,8.883586225312205e-07,-6.666129693368392e-10,0.8876920095618837,-0.0006666129693368392,-0.0007503872337473842,-0.6666129693368391,True
S08,source,regular-sensitivity,1,0.003,extended-local,skew_a,dominant_b,uniform_off_diagonal,"[0.6875496162492863,0.21174252408626185,0.10070785966445171]",0.10070785966445171,2.2955314320109164,0.8883586225312206,7.977295460335392e-06,7.995227602780985e-06,-1.7932142445592895e-08,0.8863661622594879,-0.0019924602717325437,-0.002242855780535322,-0.664153423910848,True
S08,source,regular-sensitivity,1,0.01,extended-local,skew_a,dominant_b,uniform_off_diagonal,"[0.6875496162492863,0.21174252408626185,0.10070785966445171]",0.10070785966445171,2.2955314320109164,0.8883586225312206,8.818016378920593e-05,8.883586225312206e-05,-6.556984639161394e-07,0.8818016378920592,-0.006556984639161393,-0.007381010858518406,-0.6556984639161393,True
S08,source,regular-sensitivity,1,0.03,stress,skew_a,dominant_b,uniform_off_diagonal,"[0.6875496162492863,0.21174252408626185,0.10070785966445171]",0.10070785966445171,2.2955314320109164,0.8883586225312206,0.000782437913554911,0.0007995227602780985,-1.708484672318755e-05,0.8693754595054566,-0.018983163025763944,-0.02136880595775024,-0.6327721008587983,True
S08,source,regular-sensitivity,1,0.1,stress,skew_a,dominant_b,uniform_off_diagonal,"[0.6875496162492863,0.21174252408626185,0.10070785966445171]",0.10070785966445171,2.2955314320109164,0.8883586225312206,0.008319278032776482,0.008883586225312207,-0.0005643081925357247,0.831927803277648,-0.056430819253572455,-0.06352256602494928,-0.5643081925357245,True
S08,source,regular-sensitivity,5,0.0001,confirmatory,skew_a,dominant_b,uniform_off_diagonal,"[0.6338781837373966,0.26351066150048325,0.10261115476212011]",0.10261115476212011,2.276808631276791,20.570459151915543,2.054969852807037e-07,2.0570459151915544e-07,-2.0760623845173676e-10,20.54969852807037,-0.020760623845173676,-0.0010092445526788557,-207.60623845173671,True
S08,source,regular-sensitivity,5,0.0003,confirmatory,skew_a,dominant_b,uniform_off_diagonal,"[0.6338781837373966,0.26351066150048325,0.10261115476212011]",0.10261115476212011,2.276808631276791,20.570459151915543,1.84574592641915e-06,1.8513413236723985e-06,-5.595397253248586e-09,20.508288071323893,-0.06217108059165097,-0.0030223477333446653,-207.23693530550324,True
S08,source,regular-sensitivity,5,0.001,confirmatory,skew_a,dominant_b,uniform_off_diagonal,"[0.6338781837373966,0.26351066150048325,0.10261115476212011]",0.10261115476212011,2.276808631276791,20.570459151915543,2.036450276062516e-05,2.0570459151915542e-05,-2.059563912903808e-07,20.36450276062516,-0.20595639129038082,-0.01001224084350115,-205.9563912903808,True
S08,source,regular-sensitivity,5,0.003,extended-local,skew_a,dominant_b,uniform_off_diagonal,"[0.6338781837373966,0.26351066150048325,0.10261115476212011]",0.10261115476212011,2.276808631276791,20.570459151915543,0.0001796693060398891,0.00018513413236723988,-5.4648263273507835e-06,19.963256226654345,-0.6072029252611981,-0.02951819989903603,-202.40097508706606,True
S08,source,regular-sensitivity,5,0.01,extended-local,skew_a,dominant_b,uniform_off_diagonal,"[0.6338781837373966,0.26351066150048325,0.10261115476212011]",0.10261115476212011,2.276808631276791,20.570459151915543,0.0018660138245596494,0.0020570459151915545,-0.00019103209063190503,18.660138245596492,-1.9103209063190503,-0.09286719816077411,-191.032090631905,True
S08,source,regular-sensitivity,5,0.03,stress,skew_a,dominant_b,uniform_off_diagonal,"[0.6338781837373966,0.26351066150048325,0.10261115476212011]",0.10261115476212011,2.276808631276791,20.570459151915543,0.014048075655034152,0.018513413236723987,-0.004465337581689835,15.608972950037947,-4.9614862018775945,-0.24119472323084126,-165.38287339591983,True
S08,source,regular-sensitivity,5,0.1,stress,skew_a,dominant_b,uniform_off_diagonal,"[0.6338781837373966,0.26351066150048325,0.10261115476212011]",0.10261115476212011,2.276808631276791,20.570459151915543,0.0915016128727382,0.20570459151915546,-0.11420297864641726,9.150161287273818,-11.420297864641725,-0.5551795310110156,-114.20297864641724,True
S08,source,regular-sensitivity,20,0.0001,confirmatory,skew_a,dominant_b,uniform_off_diagonal,"[0.3974540363699319,0.5089329745031067,0.0936129891269614]",0.0936129891269614,2.368586132402688,249.42233377919732,2.481964413767845e-06,2.4942233377919733e-06,-1.2258924024128097e-08,248.19644137678452,-1.2258924024128097,-0.004914926357388823,-12258.924024128095,True
S08,source,regular-sensitivity,20,0.0003,confirmatory,skew_a,dominant_b,uniform_off_diagonal,"[0.3974540363699319,0.5089329745031067,0.0936129891269614]",0.0936129891269614,2.368586132402688,249.42233377919732,2.2119731032346334e-05,2.2448010040127755e-05,-3.2827900778142143e-07,245.77478924829265,-3.6475445309046832,-0.014623969215738695,-12158.481769682277,True
S08,source,regular-sensitivity,20,0.001,confirmatory,skew_a,dominant_b,uniform_off_diagonal,"[0.3974540363699319,0.5089329745031067,0.0936129891269614]",0.0936129891269614,2.368586132402688,249.42233377919732,0.00023760162794240428,0.0002494223337791973,-1.1820705836793045e-05,237.6016279424043,-11.820705836793046,-0.04739233114247659,-11820.705836793044,True
S08,source,regular-sensitivity,20,0.003,extended-local,skew_a,dominant_b,uniform_off_diagonal,"[0.3974540363699319,0.5089329745031067,0.0936129891269614]",0.0936129891269614,2.368586132402688,249.42233377919732,0.001948920482384129,0.002244801004012776,-0.00029588052162864706,216.54672026490323,-32.875613514294116,-0.1318070159001778,-10958.53783809804,True
S08,source,regular-sensitivity,20,0.01,extended-local,skew_a,dominant_b,uniform_off_diagonal,"[0.3974540363699319,0.5089329745031067,0.0936129891269614]",0.0936129891269614,2.368586132402688,249.42233377919732,0.01618499815779073,0.02494223337791973,-0.008757235220129,161.8499815779073,-87.57235220129,-0.35110068482806345,-8757.235220129,True
S08,source,regular-sensitivity,20,0.03,stress,skew_a,dominant_b,uniform_off_diagonal,"[0.3974540363699319,0.5089329745031067,0.0936129891269614]",0.0936129891269614,2.368586132402688,249.42233377919732,0.07459408892776165,0.22448010040127758,-0.14988601147351593,82.88232103084628,-166.54001274835105,-0.6677028886105348,-5551.333758278369,True
S08,source,regular-sensitivity,20,0.1,stress,skew_a,dominant_b,uniform_off_diagonal,"[0.3974540363699319,0.5089329745031067,0.0936129891269614]",0.0936129891269614,2.368586132402688,249.42233377919732,0.17758765081296934,2.494223337791974,-2.3166356869790046,17.758765081296932,-231.66356869790042,-0.9288004213086308,-2316.635686979004,True
S08,source,regular-sensitivity,50,0.0001,confirmatory,skew_a,dominant_b,uniform_off_diagonal,"[0.07327348797731965,0.8901908544897799,0.036535657532900424]",0.036535657532900424,3.30946657655862,1683.579076280202,1.6633142578937644e-05,1.683579076280202e-05,-2.0264818386437632e-07,1663.3142578937643,-20.264818386437632,-0.012036748776429263,-202648.18386437627,True
S08,source,regular-sensitivity,50,0.0003,confirmatory,skew_a,dominant_b,uniform_off_diagonal,"[0.07327348797731965,0.8901908544897799,0.036535657532900424]",0.036535657532900424,3.30946657655862,1683.579076280202,0.00014620428289358186,0.00015152211686521815,-5.317833971636287e-06,1624.4920321509098,-59.08704412929208,-0.035096090799514125,-196956.81376430695,True
S08,source,regular-sensitivity,50,0.001,confirmatory,skew_a,dominant_b,uniform_off_diagonal,"[0.07327348797731965,0.8901908544897799,0.036535657532900424]",0.036535657532900424,3.30946657655862,1683.579076280202,0.0015038765738053118,0.0016835790762802017,-0.00017970250247488994,1503.8765738053119,-179.70250247488994,-0.10673837956690171,-179702.50247488992,True
S08,source,regular-sensitivity,50,0.003,extended-local,skew_a,dominant_b,uniform_off_diagonal,"[0.07327348797731965,0.8901908544897799,0.036535657532900424]",0.036535657532900424,3.30946657655862,1683.579076280202,0.011231748207536665,0.015152211686521817,-0.003920463478985153,1247.9720230596295,-435.6070532205725,-0.25873869505614683,-145202.35107352416,True
S08,source,regular-sensitivity,50,0.01,extended-local,skew_a,dominant_b,uniform_off_diagonal,"[0.07327348797731965,0.8901908544897799,0.036535657532900424]",0.036535657532900424,3.30946657655862,1683.579076280202,0.07853500161674426,0.1683579076280202,-0.08982290601127593,785.3500161674426,-898.2290601127593,-0.5335235349309277,-89822.90601127592,True
S08,source,regular-sensitivity,50,0.03,stress,skew_a,dominant_b,uniform_off_diagonal,"[0.07327348797731965,0.8901908544897799,0.036535657532900424]",0.036535657532900424,3.30946657655862,1683.579076280202,0.3112252627958778,1.5152211686521817,-1.203995905856304,345.80584755097533,-1337.7732287292265,-0.7946007690265319,-44592.440957640894,True
S08,source,regular-sensitivity,50,0.1,stress,skew_a,dominant_b,uniform_off_diagonal,"[0.07327348797731965,0.8901908544897799,0.036535657532900424]",0.036535657532900424,3.30946657655862,1683.579076280202,0.7005253769930446,16.835790762802024,-16.135265385808978,70.05253769930445,-1613.5265385808975,-0.9583907054404105,-16135.265385808974,True
S09,source,regular-sensitivity,1,0.0001,confirmatory,skew_b,dominant_c,forward_cycle,"[0.047797732395201145,0.13811552706831426,0.8140867405364846]",0.047797732395201145,3.0407770800409506,0.40329458910348237,4.032434436774239e-09,4.0329458910348235e-09,-5.114542605849047e-13,0.4032434436774239,-5.114542605849046e-05,-0.0001268190237121355,-0.5114542605849046,True
S09,source,regular-sensitivity,1,0.0003,confirmatory,skew_b,dominant_c,forward_cycle,"[0.047797732395201145,0.13811552706831426,0.8140867405364846]",0.047797732395201145,3.0407770800409506,0.40329458910348237,3.628270863203516e-08,3.629651301931341e-08,-1.3804387278246574e-11,0.40314120702261297,-0.00015338208086940642,-0.00038032268474112783,-0.5112736028980214,True
S09,source,regular-sensitivity,1,0.001,confirmatory,skew_b,dominant_c,forward_cycle,"[0.047797732395201145,0.13811552706831426,0.8140867405364846]",0.047797732395201145,3.0407770800409506,0.40329458910348237,4.027840297602097e-07,4.0329458910348236e-07,-5.105593432726606e-10,0.4027840297602097,-0.0005105593432726606,-0.0012659712207089763,-0.5105593432726605,True
S09,source,regular-sensitivity,1,0.003,extended-local,skew_b,dominant_c,forward_cycle,"[0.047797732395201145,0.13811552706831426,0.8140867405364846]",0.047797732395201145,3.0407770800409506,0.40329458910348237,3.6159211809988837e-06,3.6296513019313415e-06,-1.3730120932457877e-08,0.4017690201109871,-0.0015255689924953196,-0.003782765833498128,-0.5085229974984399,True
S09,source,regular-sensitivity,1,0.01,extended-local,skew_b,dominant_c,forward_cycle,"[0.047797732395201145,0.13811552706831426,0.8140867405364846]",0.047797732395201145,3.0407770800409506,0.40329458910348237,3.9827913075476864e-05,4.032945891034824e-05,-5.015458348713752e-07,0.3982791307547686,-0.005015458348713752,-0.012436215323054639,-0.5015458348713752,True
S09,source,regular-sensitivity,1,0.03,stress,skew_b,dominant_c,forward_cycle,"[0.047797732395201145,0.13811552706831426,0.8140867405364846]",0.047797732395201145,3.0407770800409506,0.40329458910348237,0.00034992937352557995,0.00036296513019313414,-1.3035756667554188e-05,0.3888104150284222,-0.01448417407506021,-0.03591462535428086,-0.48280580250200705,True
S09,source,regular-sensitivity,1,0.1,stress,skew_b,dominant_c,forward_cycle,"[0.047797732395201145,0.13811552706831426,0.8140867405364846]",0.047797732395201145,3.0407770800409506,0.40329458910348237,0.0036045892981137265,0.0040329458910348245,-0.00042835659292109803,0.36045892981137256,-0.04283565929210979,-0.10621431690252231,-0.42835659292109796,True
S09,source,regular-sensitivity,5,0.0001,confirmatory,skew_b,dominant_c,forward_cycle,"[0.03943762823439088,0.09808482647485058,0.8624775452907585]",0.03943762823439088,3.233034887100803,10.926399504874011,1.0916534240745801e-07,1.0926399504874012e-07,-9.865264128210766e-11,10.9165342407458,-0.009865264128210765,-0.0009028833444914862,-98.65264128210764,True
S09,source,regular-sensitivity,5,0.0003,confirmatory,skew_b,dominant_c,forward_cycle,"[0.03943762823439088,0.09808482647485058,0.8624775452907585]",0.03943762823439088,3.233034887100803,10.926399504874011,9.807184885264131e-07,9.833759554386609e-07,-2.657466912247779e-09,10.896872094737926,-0.029527410136086438,-0.002702391590469939,-98.42470045362147,True
S09,source,regular-sensitivity,5,0.001,confirmatory,skew_b,dominant_c,forward_cycle,"[0.03943762823439088,0.09808482647485058,0.8624775452907585]",0.03943762823439088,3.233034887100803,10.926399504874011,1.0828763193677362e-05,1.092639950487401e-05,-9.763631119664784e-08,10.828763193677363,-0.09763631119664784,-0.008935817434928548,-97.63631119664782,True
S09,source,regular-sensitivity,5,0.003,extended-local,skew_b,dominant_c,forward_cycle,"[0.03943762823439088,0.09808482647485058,0.8624775452907585]",0.03943762823439088,3.233034887100803,10.926399504874011,9.576001936567125e-05,9.83375955438661e-05,-2.5775761781948492e-06,10.64000215174125,-0.286397353132761,-0.02621150297543174,-95.46578437758701,True
S09,source,regular-sensitivity,5,0.01,extended-local,skew_b,dominant_c,forward_cycle,"[0.03943762823439088,0.09808482647485058,0.8624775452907585]",0.03943762823439088,3.233034887100803,10.926399504874011,0.001003939293609507,0.001092639950487401,-8.870065687789403e-05,10.03939293609507,-0.8870065687789402,-0.08118013334431598,-88.700656877894,True
S09,source,regular-sensitivity,5,0.03,stress,skew_b,dominant_c,forward_cycle,"[0.03943762823439088,0.09808482647485058,0.8624775452907585]",0.03943762823439088,3.233034887100803,10.926399504874011,0.007826479998385632,0.00983375955438661,-0.0020072795560009786,8.696088887095147,-2.230310617778865,-0.20412127680156447,-74.34368725929552,True
S09,source,regular-sensitivity,5,0.1,stress,skew_b,dominant_c,forward_cycle,"[0.03943762823439088,0.09808482647485058,0.8624775452907585]",0.03943762823439088,3.233034887100803,10.926399504874011,0.060290878136775874,0.10926399504874013,-0.04897311691196425,6.029087813677586,-4.897311691196424,-0.44820910026325217,-48.97311691196424,True
S09,source,regular-sensitivity,20,0.0001,confirmatory,skew_b,dominant_c,forward_cycle,"[0.017163673154167565,0.024322635360622857,0.9585136914852096]",0.017163673154167565,4.064960154555286,226.84373931371044,2.25533390881661e-06,2.2684373931371043e-06,-1.3103484320494255e-08,225.533390881661,-1.3103484320494254,-0.005776436396321687,-13103.484320494254,True
S09,source,regular-sensitivity,20,0.0003,confirmatory,skew_b,dominant_c,forward_cycle,"[0.017163673154167565,0.024322635360622857,0.9585136914852096]",0.017163673154167565,4.064960154555286,226.84373931371044,2.0067687130730918e-05,2.0415936538233938e-05,-3.482494075030195e-07,222.97430145256578,-3.869437861144662,-0.017057723844842266,-12898.12620381554,True
S09,source,regular-sensitivity,20,0.001,confirmatory,skew_b,dominant_c,forward_cycle,"[0.017163673154167565,0.024322635360622857,0.9585136914852096]",0.017163673154167565,4.064960154555286,226.84373931371044,0.00021460754162107212,0.00022684373931371044,-1.2236197692638324e-05,214.60754162107213,-12.236197692638324,-0.05394108618407336,-12236.197692638323,True
S09,source,regular-sensitivity,20,0.003,extended-local,skew_b,dominant_c,forward_cycle,"[0.017163673154167565,0.024322635360622857,0.9585136914852096]",0.017163673154167565,4.064960154555286,226.84373931371044,0.001752190311747297,0.002041593653823394,-0.00028940334207609676,194.68781241636634,-32.15592689734408,-0.14175364501849658,-10718.642299114696,True
S09,source,regular-sensitivity,20,0.01,extended-local,skew_b,dominant_c,forward_cycle,"[0.017163673154167565,0.024322635360622857,0.9585136914852096]",0.017163673154167565,4.064960154555286,226.84373931371044,0.015042593718516045,0.022684373931371047,-0.007641780212855002,150.42593718516045,-76.41780212855001,-0.33687419524886714,-7641.780212855,True
S09,source,regular-sensitivity,20,0.03,stress,skew_b,dominant_c,forward_cycle,"[0.017163673154167565,0.024322635360622857,0.9585136914852096]",0.017163673154167565,4.064960154555286,226.84373931371044,0.08576225434224341,0.2041593653823394,-0.11839711104009598,95.2913937136038,-131.55234560010666,-0.5799249562632987,-4385.078186670222,True
S09,source,regular-sensitivity,20,0.1,stress,skew_b,dominant_c,forward_cycle,"[0.017163673154167565,0.024322635360622857,0.9585136914852096]",0.017163673154167565,4.064960154555286,226.84373931371044,0.4201635962247602,2.2684373931371047,-1.8482737969123444,42.01635962247601,-184.8273796912344,-0.8147784031880638,-1848.2737969123439,True
S09,source,regular-sensitivity,50,0.0001,confirmatory,skew_b,dominant_c,forward_cycle,"[0.0027350922087224384,0.001258319924959349,0.9960065878663182]",0.001258319924959349,6.6779778406674755,2812.9712535858926,2.6859400343786667e-05,2.8129712535858927e-05,-1.2703121920722592e-06,2685.9400343786665,-127.03121920722592,-0.045159089004301156,-1270312.192072259,True
S09,source,regular-sensitivity,50,0.0003,confirmatory,skew_b,dominant_c,forward_cycle,"[0.0027350922087224384,0.001258319924959349,0.9960065878663182]",0.001258319924959349,6.6779778406674755,2812.9712535858926,0.00022274689467710975,0.00025316741282273026,-3.042051814562051e-05,2474.965496412331,-338.0057571735613,-0.12015969119580641,-1126685.8572452043,True
S09,source,regular-sensitivity,50,0.001,confirmatory,skew_b,dominant_c,forward_cycle,"[0.0027350922087224384,0.001258319924959349,0.9960065878663182]",0.001258319924959349,6.6779778406674755,2812.9712535858926,0.001990314045844338,0.0028129712535858923,-0.0008226572077415545,1990.314045844338,-822.6572077415545,-0.29245133831099607,-822657.2077415545,True
S09,source,regular-sensitivity,50,0.003,extended-local,skew_b,dominant_c,forward_cycle,"[0.0027350922087224384,0.001258319924959349,0.9960065878663182]",0.001258319924959349,6.6779778406674755,2812.9712535858926,0.012255385680682903,0.025316741282273035,-0.013061355601590132,1361.7095200758781,-1451.2617335100147,-0.5159177263756212,-483753.91117000487,True
S09,source,regular-sensitivity,50,0.01,extended-local,skew_b,dominant_c,forward_cycle,"[0.0027350922087224384,0.001258319924959349,0.9960065878663182]",0.001258319924959349,6.6779778406674755,2812.9712535858926,0.07236025062145769,0.28129712535858925,-0.20893687473713157,723.6025062145769,-2089.3687473713157,-0.7427622108501287,-208936.87473713153,True
S09,source,regular-sensitivity,50,0.03,stress,skew_b,dominant_c,forward_cycle,"[0.0027350922087224384,0.001258319924959349,0.9960065878663182]",0.001258319924959349,6.6779778406674755,2812.9712535858926,0.30642749919193657,2.531674128227303,-2.2252466290353667,340.47499910215174,-2472.496254483741,-0.8789625032007973,-82416.5418161247,True
S09,source,regular-sensitivity,50,0.1,stress,skew_b,dominant_c,forward_cycle,"[0.0027350922087224384,0.001258319924959349,0.9960065878663182]",0.001258319924959349,6.6779778406674755,2812.9712535858926,1.1972200821335708,28.129712535858932,-26.93249245372536,119.72200821335706,-2693.2492453725354,-0.9574393061924329,-26932.492453725354,True
S10,source,regular-sensitivity,1,0.0001,confirmatory,edge,tie_bc,asymmetric_b,"[0.0009656386289962564,0.09900340518091029,0.9000309561900934]",0.0009656386289962564,6.942720883806888,8.033739902967817,8.00328964920482e-08,8.033739902967817e-08,-3.045025376299783e-10,8.003289649204818,-0.03045025376299783,-0.003790296192156896,-304.50253762997824,True
S10,source,regular-sensitivity,1,0.0003,confirmatory,edge,tie_bc,asymmetric_b,"[0.0009656386289962564,0.09900340518091029,0.9000309561900934]",0.0009656386289962564,6.942720883806888,8.033739902967817,7.149143500755192e-07,7.230365912671033e-07,-8.122241191584108e-09,7.943492778616881,-0.09024712435093454,-0.011233513337616961,-300.8237478364485,True
S10,source,regular-sensitivity,1,0.001,confirmatory,edge,tie_bc,asymmetric_b,"[0.0009656386289962564,0.09900340518091029,0.9000309561900934]",0.0009656386289962564,6.942720883806888,8.033739902967817,7.744998463251598e-06,8.033739902967816e-06,-2.8874143971621756e-07,7.744998463251599,-0.2887414397162176,-0.035941098816200286,-288.74143971621754,True
S10,source,regular-sensitivity,1,0.003,extended-local,edge,tie_bc,asymmetric_b,"[0.0009656386289962564,0.09900340518091029,0.9000309561900934]",0.0009656386289962564,6.942720883806888,8.033739902967817,6.529069208009589e-05,7.230365912671035e-05,-7.0129670466144645e-06,7.254521342232876,-0.7792185607349404,-0.09699325222703342,-259.73952024498016,True
S10,source,regular-sensitivity,1,0.01,extended-local,edge,tie_bc,asymmetric_b,"[0.0009656386289962564,0.09900340518091029,0.9000309561900934]",0.0009656386289962564,6.942720883806888,8.033739902967817,0.0006080680865798004,0.0008033739902967817,-0.00019530590371698124,6.080680865798004,-1.9530590371698122,-0.24310707849134064,-195.30590371698122,True
S10,source,regular-sensitivity,1,0.03,stress,edge,tie_bc,asymmetric_b,"[0.0009656386289962564,0.09900340518091029,0.9000309561900934]",0.0009656386289962564,6.942720883806888,8.033739902967817,0.004024217356326503,0.007230365912671035,-0.003206148556344532,4.471352618140559,-3.5623872848272575,-0.44342825730656826,-118.74624282757527,True
S10,source,regular-sensitivity,1,0.1,stress,edge,tie_bc,asymmetric_b,"[0.0009656386289962564,0.09900340518091029,0.9000309561900934]",0.0009656386289962564,6.942720883806888,8.033739902967817,0.027370067632981485,0.08033739902967818,-0.052967331396696696,2.737006763298148,-5.296733139669668,-0.6593110062864936,-52.967331396696686,True
S10,source,regular-sensitivity,5,0.0001,confirmatory,edge,tie_bc,asymmetric_b,"[0.0008395918113399378,0.09901589630698435,0.9001445118816758]",0.0008395918113399378,7.082594723114503,201.34264064183077,1.9737184182200176e-06,2.0134264064183076e-06,-3.970798819828997e-08,197.37184182200176,-3.9707988198289974,-0.019721598997465558,-39707.98819828997,True
S10,source,regular-sensitivity,5,0.0003,confirmatory,edge,tie_bc,asymmetric_b,"[0.0008395918113399378,0.09901589630698435,0.9001445118816758]",0.0008395918113399378,7.082594723114503,201.34264064183077,1.7111922735328676e-05,1.8120837657764766e-05,-1.0089149224360893e-06,190.13247483698532,-11.210165804845438,-0.05567705762232079,-37367.219349484796,True
S10,source,regular-sensitivity,5,0.001,confirmatory,edge,tie_bc,asymmetric_b,"[0.0008395918113399378,0.09901589630698435,0.9001445118816758]",0.0008395918113399378,7.082594723114503,201.34264064183077,0.00017014201309407256,0.00020134264064183076,-3.12006275477582e-05,170.14201309407258,-31.2006275477582,-0.1549628406993088,-31200.627547758195,True
S10,source,regular-sensitivity,5,0.003,extended-local,edge,tie_bc,asymmetric_b,"[0.0008395918113399378,0.09901589630698435,0.9001445118816758]",0.0008395918113399378,7.082594723114503,201.34264064183077,0.0012252973139314548,0.0018120837657764769,-0.0005867864518450221,136.14414599238387,-65.1984946494469,-0.3238186130946239,-21732.831549815633,True
S10,source,regular-sensitivity,5,0.01,extended-local,edge,tie_bc,asymmetric_b,"[0.0008395918113399378,0.09901589630698435,0.9001445118816758]",0.0008395918113399378,7.082594723114503,201.34264064183077,0.009022300072178122,0.020134264064183078,-0.011111963992004956,90.2230007217812,-111.11963992004956,-0.5518932282095214,-11111.963992004954,True
S10,source,regular-sensitivity,5,0.03,stress,edge,tie_bc,asymmetric_b,"[0.0008395918113399378,0.09901589630698435,0.9001445118816758]",0.0008395918113399378,7.082594723114503,201.34264064183077,0.04929221746549636,0.18120837657764768,-0.13191615911215132,54.76913051721818,-146.5735101246126,-0.7279804697970202,-4885.78367082042,True
S10,source,regular-sensitivity,5,0.1,stress,edge,tie_bc,asymmetric_b,"[0.0008395918113399378,0.09901589630698435,0.9001445118816758]",0.0008395918113399378,7.082594723114503,201.34264064183077,0.28538118644187305,2.0134264064183083,-1.7280452199764351,28.5381186441873,-172.8045219976435,-0.8582609299589257,-1728.0452199764347,True
S10,source,regular-sensitivity,20,0.0001,confirmatory,edge,tie_bc,asymmetric_b,"[0.000496835418042449,0.09904986315677058,0.900453301425187]",0.000496835418042449,7.607251737530208,3338.991154673543,3.030340453242478e-05,3.338991154673543e-05,-3.086507014310646e-06,3030.340453242478,-308.6507014310646,-0.09243831059541749,-3086507.014310646,True
S10,source,regular-sensitivity,20,0.0003,confirmatory,edge,tie_bc,asymmetric_b,"[0.000496835418042449,0.09904986315677058,0.900453301425187]",0.000496835418042449,7.607251737530208,3338.991154673543,0.00023503258985966462,0.0003005092039206188,-6.547661406095418e-05,2611.4732206629405,-727.5179340106021,-0.21788555294382994,-2425059.7800353407,True
S10,source,regular-sensitivity,20,0.001,confirmatory,edge,tie_bc,asymmetric_b,"[0.000496835418042449,0.09904986315677058,0.900453301425187]",0.000496835418042449,7.607251737530208,3338.991154673543,0.0018967168033756764,0.003338991154673543,-0.0014422743512978666,1896.7168033756766,-1442.2743512978666,-0.43194913807397595,-1442274.3512978666,True
S10,source,regular-sensitivity,20,0.003,extended-local,edge,tie_bc,asymmetric_b,"[0.000496835418042449,0.09904986315677058,0.900453301425187]",0.000496835418042449,7.607251737530208,3338.991154673543,0.011042655209495548,0.030050920392061888,-0.01900826518256634,1226.9616899439498,-2112.029464729593,-0.6325352080593004,-704009.8215765312,True
S10,source,regular-sensitivity,20,0.01,extended-local,edge,tie_bc,asymmetric_b,"[0.000496835418042449,0.09904986315677058,0.900453301425187]",0.000496835418042449,7.607251737530208,3338.991154673543,0.06845666183089523,0.3338991154673543,-0.2654424536364591,684.5666183089522,-2654.4245363645905,-0.7949780078480373,-265442.453636459,True
S10,source,regular-sensitivity,20,0.03,stress,edge,tie_bc,asymmetric_b,"[0.000496835418042449,0.09904986315677058,0.900453301425187]",0.000496835418042449,7.607251737530208,3338.991154673543,0.3304122004810586,3.0050920392061884,-2.6746798387251296,367.12466720117624,-2971.8664874723663,-0.8900492243930276,-99062.21624907889,True
S10,source,regular-sensitivity,20,0.1,stress,edge,tie_bc,asymmetric_b,"[0.000496835418042449,0.09904986315677058,0.900453301425187]",0.000496835418042449,7.607251737530208,3338.991154673543,1.4885331789389247,33.38991154673543,-31.901378367796507,148.85331789389244,-3190.13783677965,-0.9554196728896558,-31901.3783677965,True
S10,source,regular-sensitivity,50,0.0001,confirmatory,edge,tie_bc,asymmetric_b,"[0.0001739176387352617,0.09908186401778302,0.9007442183434817]",0.0001739176387352617,8.656928711412716,25356.90371920135,0.00017877856067721352,0.0002535690371920135,-7.479047651479998e-05,17877.85606772135,-7479.047651479998,-0.29495113970940146,-74790476.51479997,True
S10,source,regular-sensitivity,50,0.0003,confirmatory,edge,tie_bc,asymmetric_b,"[0.0001739176387352617,0.09908186401778302,0.9007442183434817]",0.0001739176387352617,8.656928711412716,25356.90371920135,0.0011320293913172647,0.002282121334728121,-0.0011500919434108562,12578.10434796961,-12778.799371231737,-0.5039574039773269,-42595997.90410579,True
S10,source,regular-sensitivity,50,0.001,confirmatory,edge,tie_bc,asymmetric_b,"[0.0001739176387352617,0.09908186401778302,0.9007442183434817]",0.0001739176387352617,8.656928711412716,25356.90371920135,0.007419167475540653,0.025356903719201348,-0.017937736243660695,7419.167475540653,-17937.736243660696,-0.7074103542885428,-17937736.243660692,True
S10,source,regular-sensitivity,50,0.003,extended-local,edge,tie_bc,asymmetric_b,"[0.0001739176387352617,0.09908186401778302,0.9007442183434817]",0.0001739176387352617,8.656928711412716,25356.90371920135,0.038560258193791164,0.22821213347281216,-0.189651875279021,4284.473132643462,-21072.43058655789,-0.8310332688845179,-7024143.5288526295,True
S10,source,regular-sensitivity,50,0.01,extended-local,edge,tie_bc,asymmetric_b,"[0.0001739176387352617,0.09908186401778302,0.9007442183434817]",0.0001739176387352617,8.656928711412716,25356.90371920135,0.221405958264196,2.535690371920135,-2.314284413655939,2214.05958264196,-23142.84413655939,-0.9126841507480514,-2314284.4136559386,True
S10,source,regular-sensitivity,50,0.03,stress,edge,tie_bc,asymmetric_b,"[0.0001739176387352617,0.09908186401778302,0.9007442183434817]",0.0001739176387352617,8.656928711412716,25356.90371920135,0.9375617570467374,22.821213347281212,-21.883651590234475,1041.735285607486,-24315.168433593863,-0.9589170942500114,-810505.6144531289,True
S10,source,regular-sensitivity,50,0.1,stress,edge,tie_bc,asymmetric_b,"[0.0001739176387352617,0.09908186401778302,0.9007442183434817]",0.0001739176387352617,8.656928711412716,25356.90371920135,3.1048712179025197,253.56903719201355,-250.46416597411104,310.48712179025193,-25046.4165974111,-0.987755321973513,-250464.16597411098,True
S11,source,regular-sensitivity,1,0.0001,confirmatory,balanced,reversed,backward_cycle,"[0.3168124094855952,0.33305572906545156,0.35013186144895325]",0.3168124094855952,1.1494454484529983,0.00015247155972717512,1.5247223536375321e-12,1.5247155972717512e-12,6.756365780913131e-18,0.0001524722353637532,6.75636578091313e-10,,,False
S11,source,regular-sensitivity,1,0.0003,confirmatory,balanced,reversed,backward_cycle,"[0.3168124094855952,0.33305572906545156,0.35013186144895325]",0.3168124094855952,1.1494454484529983,0.00015247155972717512,1.372248503394877e-11,1.3722440375445758e-11,4.465850301272576e-17,0.00015247205593276413,4.962055890302863e-10,3.2544140685526627e-06,1.6540186301009545e-06,True
S11,source,regular-sensitivity,1,0.001,confirmatory,balanced,reversed,backward_cycle,"[0.3168124094855952,0.33305572906545156,0.35013186144895325]",0.3168124094855952,1.1494454484529983,0.00015247155972717512,1.5247206433043699e-10,1.5247155972717512e-10,5.046032618709057e-16,0.000152472064330437,5.046032618709057e-10,3.3094910472078675e-06,5.046032618709056e-07,True
S11,source,regular-sensitivity,1,0.003,extended-local,balanced,reversed,backward_cycle,"[0.3168124094855952,0.33305572906545156,0.35013186144895325]",0.3168124094855952,1.1494454484529983,0.00015247155972717512,1.3722590382468799e-09,1.372244037544576e-09,1.5000702303869093e-14,0.00015247322647187554,1.6667447004298992e-09,1.0931512102403149e-05,5.555815668099664e-07,True
S11,source,regular-sensitivity,1,0.01,extended-local,balanced,reversed,backward_cycle,"[0.3168124094855952,0.33305572906545156,0.35013186144895325]",0.3168124094855952,1.1494454484529983,0.00015247155972717512,1.5247713760669517e-08,1.5247155972717513e-08,5.577879520043299e-13,0.00015247713760669517,5.577879520043299e-09,3.6583081658140534e-05,5.577879520043298e-07,True
S11,source,regular-sensitivity,1,0.03,stress,balanced,reversed,backward_cycle,"[0.3168124094855952,0.33305572906545156,0.35013186144895325]",0.3168124094855952,1.1494454484529983,0.00015247155972717512,1.3723947003639993e-07,1.372244037544576e-07,1.5066281942319757e-11,0.00015248830004044436,1.6740313269244176e-08,0.0001097930217228606,5.580104423081392e-07,True
S11,source,regular-sensitivity,1,0.1,stress,balanced,reversed,backward_cycle,"[0.3168124094855952,0.33305572906545156,0.35013186144895325]",0.3168124094855952,1.1494454484529983,0.00015247155972717512,1.5252743630484985e-06,1.5247155972717514e-06,5.587657767470729e-10,0.00015252743630484982,5.5876577674707276e-08,0.000366472132735377,5.587657767470728e-07,True
S11,source,regular-sensitivity,5,0.0001,confirmatory,balanced,reversed,backward_cycle,"[0.25427521259046554,0.3264958357998367,0.41922895160969775]",0.25427521259046554,1.3693380844056786,0.032996102409154196,3.2992960632509383e-10,3.2996102409154195e-10,-3.1417766448116304e-14,0.03299296063250938,-3.1417766448116305e-06,-9.521659879258949e-05,-0.0314177664481163,True
S11,source,regular-sensitivity,5,0.0003,confirmatory,balanced,reversed,backward_cycle,"[0.25427521259046554,0.3264958357998367,0.41922895160969775]",0.25427521259046554,1.3693380844056786,0.032996102409154196,2.968799888284951e-09,2.9696492168238773e-09,-8.493285389262399e-13,0.03298666542538835,-9.43698376584711e-06,-0.0002860029844988293,-0.031456612552823705,True
S11,source,regular-sensitivity,5,0.001,confirmatory,balanced,reversed,backward_cycle,"[0.25427521259046554,0.3264958357998367,0.41922895160969775]",0.25427521259046554,1.3693380844056786,0.032996102409154196,3.296465645379965e-08,3.2996102409154195e-08,-3.1445955354546364e-11,0.03296465645379965,-3.144595535454636e-05,-0.0009530202981132169,-0.03144595535454636,True
S11,source,regular-sensitivity,5,0.003,extended-local,balanced,reversed,backward_cycle,"[0.25427521259046554,0.3264958357998367,0.41922895160969775]",0.25427521259046554,1.3693380844056786,0.032996102409154196,2.9611675282485445e-07,2.969649216823878e-07,-8.481688575333328e-10,0.03290186142498383,-9.424098417037031e-05,-0.002856124732605533,-0.031413661390123436,True
S11,source,regular-sensitivity,5,0.01,extended-local,balanced,reversed,backward_cycle,"[0.25427521259046554,0.3264958357998367,0.41922895160969775]",0.25427521259046554,1.3693380844056786,0.032996102409154196,3.26830945259534e-06,3.29961024091542e-06,-3.130078832007969e-08,0.0326830945259534,-0.0003130078832007969,-0.009486207774466062,-0.03130078832007969,True
S11,source,regular-sensitivity,5,0.03,stress,balanced,reversed,backward_cycle,"[0.25427521259046554,0.3264958357998367,0.41922895160969775]",0.25427521259046554,1.3693380844056786,0.032996102409154196,2.885997572129543e-05,2.9696492168238776e-05,-8.365164469433466e-07,0.032066639690328254,-0.0009294627188259408,-0.028168863925215525,-0.03098209062753136,True
S11,source,regular-sensitivity,5,0.1,stress,balanced,reversed,backward_cycle,"[0.25427521259046554,0.3264958357998367,0.41922895160969775]",0.25427521259046554,1.3693380844056786,0.032996102409154196,0.00030005219334756743,0.000329961024091542,-2.9908830743974573e-05,0.030005219334756736,-0.0029908830743974567,-0.09064352623562255,-0.029908830743974567,True
S11,source,regular-sensitivity,20,0.0001,confirmatory,balanced,reversed,backward_cycle,"[0.09003057317038032,0.24472847105479767,0.665240955774822]",0.09003057317038032,2.407605964444382,5.077195839044791,5.074910145773186e-08,5.077195839044791e-08,-2.285693271604737e-11,5.074910145773186,-0.002285693271604737,-0.00045018812432391045,-22.856932716047368,True
S11,source,regular-sensitivity,20,0.0003,confirmatory,balanced,reversed,backward_cycle,"[0.09003057317038032,0.24472847105479767,0.665240955774822]",0.09003057317038032,2.407605964444382,5.077195839044791,4.563309359008859e-07,4.569476255140311e-07,-6.166896131452021e-10,5.070343732232066,-0.006852106812724469,-0.0013495848948804,-22.840356042414896,True
S11,source,regular-sensitivity,20,0.001,confirmatory,balanced,reversed,backward_cycle,"[0.09003057317038032,0.24472847105479767,0.665240955774822]",0.09003057317038032,2.407605964444382,5.077195839044791,5.0544129305185505e-06,5.07719583904479e-06,-2.2782908526239822e-08,5.05441293051855,-0.022782908526239824,-0.004487301504313479,-22.78290852623982,True
S11,source,regular-sensitivity,20,0.003,extended-local,balanced,reversed,backward_cycle,"[0.09003057317038032,0.24472847105479767,0.665240955774822]",0.09003057317038032,2.407605964444382,5.077195839044791,4.508400180133071e-05,4.569476255140312e-05,-6.107607500724097e-07,5.00933353348119,-0.06786230556360108,-0.013366099657162034,-22.62076852120036,True
S11,source,regular-sensitivity,20,0.01,extended-local,balanced,reversed,backward_cycle,"[0.09003057317038032,0.24472847105479767,0.665240955774822]",0.09003057317038032,2.407605964444382,5.077195839044791,0.00048564417422233656,0.0005077195839044791,-2.2075409682142575e-05,4.856441742223366,-0.22075409682142574,-0.04347953157996714,-22.07540968214257,True
S11,source,regular-sensitivity,20,0.03,stress,balanced,reversed,backward_cycle,"[0.09003057317038032,0.24472847105479767,0.665240955774822]",0.09003057317038032,2.407605964444382,5.077195839044791,0.004011053601000833,0.004569476255140311,-0.0005584226541394781,4.456726223334259,-0.6204696157105313,-0.12220714649984128,-20.68232052368438,True
S11,source,regular-sensitivity,20,0.1,stress,balanced,reversed,backward_cycle,"[0.09003057317038032,0.24472847105479767,0.665240955774822]",0.09003057317038032,2.407605964444382,5.077195839044791,0.033677409013960255,0.050771958390447916,-0.01709454937648766,3.367740901396025,-1.7094549376487658,-0.33669273194125554,-17.094549376487656,True
S11,source,regular-sensitivity,50,0.0001,confirmatory,balanced,reversed,backward_cycle,"[0.006188285272800008,0.0753887479629967,0.9184229667642033]",0.006188285272800008,5.085097246364314,113.15864445366002,1.129297279988924e-06,1.1315864445366003e-06,-2.2891645476762976e-09,112.9297279988924,-0.22891645476762976,-0.00202296922053864,-2289.1645476762974,True
S11,source,regular-sensitivity,50,0.0003,confirmatory,balanced,reversed,backward_cycle,"[0.006188285272800008,0.0753887479629967,0.9184229667642033]",0.006188285272800008,5.085097246364314,113.15864445366002,1.0122810413153247e-05,1.01842780008294e-05,-6.146758767615211e-08,112.47567125725833,-0.6829731964016903,-0.006035537096605792,-2276.5773213389675,True
S11,source,regular-sensitivity,50,0.001,confirmatory,balanced,reversed,backward_cycle,"[0.006188285272800008,0.0753887479629967,0.9184229667642033]",0.006188285272800008,5.085097246364314,113.15864445366002,0.00011092482399594015,0.00011315864445366001,-2.2338204577198608e-06,110.92482399594016,-2.233820457719861,-0.01974060813917438,-2233.8204577198608,True
S11,source,regular-sensitivity,50,0.003,extended-local,balanced,reversed,backward_cycle,"[0.006188285272800008,0.0753887479629967,0.9184229667642033]",0.006188285272800008,5.085097246364314,113.15864445366002,0.000961141302193649,0.0010184278000829401,-5.7286497889291136e-05,106.79347802151655,-6.365166432143459,-0.0562499353264176,-2121.7221440478197,True
S11,source,regular-sensitivity,50,0.01,extended-local,balanced,reversed,backward_cycle,"[0.006188285272800008,0.0753887479629967,0.9184229667642033]",0.006188285272800008,5.085097246364314,113.15864445366002,0.009499248113180321,0.011315864445366003,-0.0018166163321856818,94.9924811318032,-18.166163321856818,-0.16053712387210597,-1816.6163321856816,True
S11,source,regular-sensitivity,50,0.03,stress,balanced,reversed,backward_cycle,"[0.006188285272800008,0.0753887479629967,0.9184229667642033]",0.006188285272800008,5.085097246364314,113.15864445366002,0.06612049076188227,0.10184278000829401,-0.03572228924641174,73.46721195764697,-39.69143249601305,-0.3507591725550161,-1323.0477498671019,True
S11,source,regular-sensitivity,50,0.1,stress,balanced,reversed,backward_cycle,"[0.006188285272800008,0.0753887479629967,0.9184229667642033]",0.006188285272800008,5.085097246364314,113.15864445366002,0.3998211933491867,1.1315864445366004,-0.7317652511874138,39.982119334918664,-73.17652511874137,-0.6466719840277703,-731.7652511874136,True
S12,source,regular-sensitivity,1,0.0001,confirmatory,mixed,strong_ordered,asymmetric_a,"[0.21355876344046074,0.3009298380813926,0.48551139847814656]",0.21355876344046074,1.5438432455876459,0.01945225745352821,1.945216003383524e-10,1.9452257453528208e-10,-9.741969296866594e-16,0.01945216003383524,-9.741969296866594e-08,-5.008143306832296e-06,-0.0009741969296866592,True
S12,source,regular-sensitivity,1,0.0003,confirmatory,mixed,strong_ordered,asymmetric_a,"[0.21355876344046074,0.3009298380813926,0.48551139847814656]",0.21355876344046074,1.5438432455876459,0.01945225745352821,1.7506765979891038e-09,1.7507031708175384e-09,-2.6572828434577063e-14,0.019451962199878936,-2.9525364927307855e-07,-1.5178374539738887e-05,-0.0009841788309102619,True
S12,source,regular-sensitivity,1,0.001,confirmatory,mixed,strong_ordered,asymmetric_a,"[0.21355876344046074,0.3009298380813926,0.48551139847814656]",0.21355876344046074,1.5438432455876459,0.01945225745352821,1.9451269463272524e-08,1.9452257453528208e-08,-9.879902556839613e-13,0.019451269463272525,-9.879902556839613e-07,-5.079051920036982e-05,-0.0009879902556839612,True
S12,source,regular-sensitivity,1,0.003,extended-local,mixed,strong_ordered,asymmetric_a,"[0.21355876344046074,0.3009298380813926,0.48551139847814656]",0.21355876344046074,1.5438432455876459,0.01945225745352821,1.7504365476230443e-07,1.7507031708175388e-07,-2.6662319449445525e-11,0.01944929497358938,-2.9624799388272804e-06,-0.00015229491723028538,-0.0009874933129424268,True
S12,source,regular-sensitivity,1,0.01,extended-local,mixed,strong_ordered,asymmetric_a,"[0.21355876344046074,0.3009298380813926,0.48551139847814656]",0.21355876344046074,1.5438432455876459,0.01945225745352821,1.9442401269100353e-06,1.945225745352821e-06,-9.85618442785835e-10,0.01944240126910035,-9.85618442785835e-06,-0.0005066858924423014,-0.0009856184427858349,True
S12,source,regular-sensitivity,1,0.03,stress,mixed,strong_ordered,asymmetric_a,"[0.21355876344046074,0.3009298380813926,0.48551139847814656]",0.21355876344046074,1.5438432455876459,0.01945225745352821,1.7480563999034814e-05,1.750703170817539e-05,-2.6467709140574593e-08,0.019422848887816462,-2.9408565711749547e-05,-0.001511833049814765,-0.000980285523724985,True
S12,source,regular-sensitivity,1,0.1,stress,mixed,strong_ordered,asymmetric_a,"[0.21355876344046074,0.3009298380813926,0.48551139847814656]",0.21355876344046074,1.5438432455876459,0.01945225745352821,0.0001935606852058909,0.00019452257453528212,-9.618893293912231e-07,0.019356068520589086,-9.61889329391223e-05,-0.004944872499704437,-0.0009618893293912229,True
S12,source,regular-sensitivity,5,0.0001,confirmatory,mixed,strong_ordered,asymmetric_a,"[0.2738123599012366,0.30048810285376115,0.42569953724500226]",0.2738123599012366,1.295312225067638,0.3110741853882998,3.1099085173456648e-09,3.110741853882998e-09,-8.333365373333193e-13,0.3109908517345665,-8.333365373333192e-05,-0.0002678899685273154,-0.8333365373333191,True
S12,source,regular-sensitivity,5,0.0003,confirmatory,mixed,strong_ordered,asymmetric_a,"[0.2738123599012366,0.30048810285376115,0.42569953724500226]",0.2738123599012366,1.295312225067638,0.3110741853882998,2.797418062962958e-08,2.7996676684946977e-08,-2.249605531739683e-11,0.3108242292181065,-0.00024995617019329817,-0.0008035259173990577,-0.8331872339776606,True
S12,source,regular-sensitivity,5,0.001,confirmatory,mixed,strong_ordered,asymmetric_a,"[0.2738123599012366,0.30048810285376115,0.42569953724500226]",0.2738123599012366,1.295312225067638,0.3110741853882998,3.102418462432835e-07,3.110741853882998e-07,-8.323391450162784e-10,0.31024184624328355,-0.0008323391450162784,-0.0026756934008436194,-0.8323391450162783,True
S12,source,regular-sensitivity,5,0.003,extended-local,mixed,strong_ordered,asymmetric_a,"[0.2738123599012366,0.30048810285376115,0.42569953724500226]",0.2738123599012366,1.295312225067638,0.3110741853882998,2.7772597528874163e-06,2.7996676684946983e-06,-2.2407915607281973e-08,0.3085844169874907,-0.002489768400809108,-0.00800377696947512,-0.8299228002697027,True
S12,source,regular-sensitivity,5,0.01,extended-local,mixed,strong_ordered,asymmetric_a,"[0.2738123599012366,0.30048810285376115,0.42569953724500226]",0.2738123599012366,1.295312225067638,0.3110741853882998,3.0285863767375455e-05,3.110741853882998e-05,-8.215547714545283e-07,0.30285863767375454,-0.008215547714545282,-0.0264102522820728,-0.8215547714545282,True
S12,source,regular-sensitivity,5,0.03,stress,mixed,strong_ordered,asymmetric_a,"[0.2738123599012366,0.30048810285376115,0.42569953724500226]",0.2738123599012366,1.295312225067638,0.3110741853882998,0.0002584104510797037,0.0002799667668494698,-2.1556315769766124e-05,0.287122723421893,-0.023951461966406806,-0.07699598067422175,-0.7983820655468936,True
S12,source,regular-sensitivity,5,0.1,stress,mixed,strong_ordered,asymmetric_a,"[0.2738123599012366,0.30048810285376115,0.42569953724500226]",0.2738123599012366,1.295312225067638,0.3110741853882998,0.0023857869910597143,0.0031107418538829984,-0.000724954862823284,0.23857869910597138,-0.0724954862823284,-0.23304886643626685,-0.7249548628232839,True
S12,source,regular-sensitivity,20,0.0001,confirmatory,mixed,strong_ordered,asymmetric_a,"[0.5544224567089029,0.2382670400011677,0.20731050328992942]",0.20731050328992942,1.5735375937234577,0.4079334992527989,4.077549942933459e-09,4.07933499252799e-09,-1.7850495945308754e-12,0.4077549942933459,-0.00017850495945308755,-0.0004375834781405557,-1.785049594530875,True
S12,source,regular-sensitivity,20,0.0003,confirmatory,mixed,strong_ordered,asymmetric_a,"[0.5544224567089029,0.2382670400011677,0.20731050328992942]",0.20731050328992942,1.5735375937234577,0.4079334992527989,3.6665999244039525e-08,3.67140149327519e-08,-4.80156887123743e-11,0.4073999916004392,-0.0005335076523597145,-0.001307829960856185,-1.7783588411990485,True
S12,source,regular-sensitivity,20,0.001,confirmatory,mixed,strong_ordered,asymmetric_a,"[0.5544224567089029,0.2382670400011677,0.20731050328992942]",0.20731050328992942,1.5735375937234577,0.4079334992527989,4.061783595328951e-07,4.079334992527989e-07,-1.7551397199038165e-09,0.4061783595328951,-0.0017551397199038166,-0.0043025143145112126,-1.7551397199038163,True
S12,source,regular-sensitivity,20,0.003,extended-local,mixed,strong_ordered,asymmetric_a,"[0.5544224567089029,0.2382670400011677,0.20731050328992942]",0.20731050328992942,1.5735375937234577,0.4079334992527989,3.625763538131423e-06,3.6714014932751903e-06,-4.563795514376751e-08,0.4028626153479359,-0.005070883904863056,-0.012430663120707815,-1.6902946349543522,True
S12,source,regular-sensitivity,20,0.01,extended-local,mixed,strong_ordered,asymmetric_a,"[0.5544224567089029,0.2382670400011677,0.20731050328992942]",0.20731050328992942,1.5735375937234577,0.4079334992527989,3.931338800559404e-05,4.0793349925279895e-05,-1.479961919685856e-06,0.39313388005594035,-0.014799619196858559,-0.036279489730474776,-1.4799619196858558,True
S12,source,regular-sensitivity,20,0.03,stress,mixed,strong_ordered,asymmetric_a,"[0.5544224567089029,0.2382670400011677,0.20731050328992942]",0.20731050328992942,1.5735375937234577,0.4079334992527989,0.0003400816588697928,0.000367140149327519,-2.7058490457726187e-05,0.3778685098553254,-0.030064989397473544,-0.07370071213210681,-1.0021663132491183,True
S12,source,regular-sensitivity,20,0.1,stress,mixed,strong_ordered,asymmetric_a,"[0.5544224567089029,0.2382670400011677,0.20731050328992942]",0.20731050328992942,1.5735375937234577,0.4079334992527989,0.0038444043771935733,0.00407933499252799,-0.00023493061533441661,0.38444043771935726,-0.023493061533441658,-0.057590419949509614,-0.23493061533441656,True
S12,source,regular-sensitivity,50,0.0001,confirmatory,mixed,strong_ordered,asymmetric_a,"[0.9195109421358374,0.06060073684592866,0.019888321018233898]",0.019888321018233898,3.9176226030410595,88.69861753390943,8.853959050202906e-07,8.869861753390943e-07,-1.5902703188036961e-09,88.53959050202906,-0.15902703188036962,-0.0017928918883045012,-1590.2703188036958,True
S12,source,regular-sensitivity,50,0.0003,confirmatory,mixed,strong_ordered,asymmetric_a,"[0.9195109421358374,0.06060073684592866,0.019888321018233898]",0.019888321018233898,3.9176226030410595,88.69861753390943,7.940131159268188e-06,7.982875578051847e-06,-4.274441878365922e-08,88.22367954742433,-0.47493798648510255,-0.005354513967520791,-1583.1266216170086,True
S12,source,regular-sensitivity,50,0.001,confirmatory,mixed,strong_ordered,asymmetric_a,"[0.9195109421358374,0.06060073684592866,0.019888321018233898]",0.019888321018233898,3.9176226030410595,88.69861753390943,8.713986412547448e-05,8.869861753390942e-05,-1.5587534084349376e-06,87.13986412547449,-1.5587534084349377,-0.0175735930477048,-1558.7534084349375,True
S12,source,regular-sensitivity,50,0.003,extended-local,mixed,strong_ordered,asymmetric_a,"[0.9195109421358374,0.06060073684592866,0.019888321018233898]",0.019888321018233898,3.9176226030410595,88.69861753390943,0.0007579482341272719,0.0007982875578051849,-4.033932367791305e-05,84.21647045858576,-4.482147075323672,-0.05053232169723671,-1494.0490251078909,True
S12,source,regular-sensitivity,50,0.01,extended-local,mixed,strong_ordered,asymmetric_a,"[0.9195109421358374,0.06060073684592866,0.019888321018233898]",0.019888321018233898,3.9176226030410595,88.69861753390943,0.007558169931930019,0.008869861753390943,-0.0013116918214609238,75.58169931930018,-13.116918214609237,-0.14788187887589846,-1311.6918214609236,True
S12,source,regular-sensitivity,50,0.03,stress,mixed,strong_ordered,asymmetric_a,"[0.9195109421358374,0.06060073684592866,0.019888321018233898]",0.019888321018233898,3.9176226030410595,88.69861753390943,0.052964788801903716,0.07982875578051848,-0.02686396697861477,58.84976533544857,-29.848852198460854,-0.33651992588328283,-994.9617399486953,True
S12,source,regular-sensitivity,50,0.1,stress,mixed,strong_ordered,asymmetric_a,"[0.9195109421358374,0.06060073684592866,0.019888321018233898]",0.019888321018233898,3.9176226030410595,88.69861753390943,0.31425666242396577,0.8869861753390944,-0.5727295129151286,31.42566624239657,-57.272951291512854,-0.6457028630645505,-572.7295129151285,True
S13,source,analytic-zero,1,0.0001,confirmatory,balanced,neutral,identity,"[0.3333333333333333,0.3333333333333333,0.3333333333333333]",0.3333333333333333,1.0986122886681098,0.0,0.0,0.0,0.0,0.0,0.0,,,False
S13,source,analytic-zero,1,0.0003,confirmatory,balanced,neutral,identity,"[0.3333333333333333,0.3333333333333333,0.3333333333333333]",0.3333333333333333,1.0986122886681098,0.0,0.0,0.0,0.0,0.0,0.0,,,False
S13,source,analytic-zero,1,0.001,confirmatory,balanced,neutral,identity,"[0.3333333333333333,0.3333333333333333,0.3333333333333333]",0.3333333333333333,1.0986122886681098,0.0,0.0,0.0,0.0,0.0,0.0,,,False
S13,source,analytic-zero,1,0.003,extended-local,balanced,neutral,identity,"[0.3333333333333333,0.3333333333333333,0.3333333333333333]",0.3333333333333333,1.0986122886681098,0.0,0.0,0.0,0.0,0.0,0.0,,,False
S13,source,analytic-zero,1,0.01,extended-local,balanced,neutral,identity,"[0.3333333333333333,0.3333333333333333,0.3333333333333333]",0.3333333333333333,1.0986122886681098,0.0,0.0,0.0,0.0,0.0,0.0,,,False
S13,source,analytic-zero,1,0.03,stress,balanced,neutral,identity,"[0.3333333333333333,0.3333333333333333,0.3333333333333333]",0.3333333333333333,1.0986122886681098,0.0,0.0,0.0,0.0,0.0,0.0,,,False
S13,source,analytic-zero,1,0.1,stress,balanced,neutral,identity,"[0.3333333333333333,0.3333333333333333,0.3333333333333333]",0.3333333333333333,1.0986122886681098,0.0,0.0,0.0,0.0,0.0,0.0,,,False
S13,source,analytic-zero,5,0.0001,confirmatory,balanced,neutral,identity,"[0.3333333333333333,0.3333333333333333,0.3333333333333333]",0.3333333333333333,1.0986122886681098,0.0,0.0,0.0,0.0,0.0,0.0,,,False
S13,source,analytic-zero,5,0.0003,confirmatory,balanced,neutral,identity,"[0.3333333333333333,0.3333333333333333,0.3333333333333333]",0.3333333333333333,1.0986122886681098,0.0,0.0,0.0,0.0,0.0,0.0,,,False
S13,source,analytic-zero,5,0.001,confirmatory,balanced,neutral,identity,"[0.3333333333333333,0.3333333333333333,0.3333333333333333]",0.3333333333333333,1.0986122886681098,0.0,0.0,0.0,0.0,0.0,0.0,,,False
S13,source,analytic-zero,5,0.003,extended-local,balanced,neutral,identity,"[0.3333333333333333,0.3333333333333333,0.3333333333333333]",0.3333333333333333,1.0986122886681098,0.0,0.0,0.0,0.0,0.0,0.0,,,False
S13,source,analytic-zero,5,0.01,extended-local,balanced,neutral,identity,"[0.3333333333333333,0.3333333333333333,0.3333333333333333]",0.3333333333333333,1.0986122886681098,0.0,0.0,0.0,0.0,0.0,0.0,,,False
S13,source,analytic-zero,5,0.03,stress,balanced,neutral,identity,"[0.3333333333333333,0.3333333333333333,0.3333333333333333]",0.3333333333333333,1.0986122886681098,0.0,0.0,0.0,0.0,0.0,0.0,,,False
S13,source,analytic-zero,5,0.1,stress,balanced,neutral,identity,"[0.3333333333333333,0.3333333333333333,0.3333333333333333]",0.3333333333333333,1.0986122886681098,0.0,0.0,0.0,0.0,0.0,0.0,,,False
S13,source,analytic-zero,20,0.0001,confirmatory,balanced,neutral,identity,"[0.3333333333333333,0.3333333333333333,0.3333333333333333]",0.3333333333333333,1.0986122886681098,0.0,0.0,0.0,0.0,0.0,0.0,,,False
S13,source,analytic-zero,20,0.0003,confirmatory,balanced,neutral,identity,"[0.3333333333333333,0.3333333333333333,0.3333333333333333]",0.3333333333333333,1.0986122886681098,0.0,0.0,0.0,0.0,0.0,0.0,,,False
S13,source,analytic-zero,20,0.001,confirmatory,balanced,neutral,identity,"[0.3333333333333333,0.3333333333333333,0.3333333333333333]",0.3333333333333333,1.0986122886681098,0.0,0.0,0.0,0.0,0.0,0.0,,,False
S13,source,analytic-zero,20,0.003,extended-local,balanced,neutral,identity,"[0.3333333333333333,0.3333333333333333,0.3333333333333333]",0.3333333333333333,1.0986122886681098,0.0,0.0,0.0,0.0,0.0,0.0,,,False
S13,source,analytic-zero,20,0.01,extended-local,balanced,neutral,identity,"[0.3333333333333333,0.3333333333333333,0.3333333333333333]",0.3333333333333333,1.0986122886681098,0.0,0.0,0.0,0.0,0.0,0.0,,,False
S13,source,analytic-zero,20,0.03,stress,balanced,neutral,identity,"[0.3333333333333333,0.3333333333333333,0.3333333333333333]",0.3333333333333333,1.0986122886681098,0.0,0.0,0.0,0.0,0.0,0.0,,,False
S13,source,analytic-zero,20,0.1,stress,balanced,neutral,identity,"[0.3333333333333333,0.3333333333333333,0.3333333333333333]",0.3333333333333333,1.0986122886681098,0.0,0.0,0.0,0.0,0.0,0.0,,,False
S13,source,analytic-zero,50,0.0001,confirmatory,balanced,neutral,identity,"[0.3333333333333333,0.3333333333333333,0.3333333333333333]",0.3333333333333333,1.0986122886681098,0.0,0.0,0.0,0.0,0.0,0.0,,,False
S13,source,analytic-zero,50,0.0003,confirmatory,balanced,neutral,identity,"[0.3333333333333333,0.3333333333333333,0.3333333333333333]",0.3333333333333333,1.0986122886681098,0.0,0.0,0.0,0.0,0.0,0.0,,,False
S13,source,analytic-zero,50,0.001,confirmatory,balanced,neutral,identity,"[0.3333333333333333,0.3333333333333333,0.3333333333333333]",0.3333333333333333,1.0986122886681098,0.0,0.0,0.0,0.0,0.0,0.0,,,False
S13,source,analytic-zero,50,0.003,extended-local,balanced,neutral,identity,"[0.3333333333333333,0.3333333333333333,0.3333333333333333]",0.3333333333333333,1.0986122886681098,0.0,0.0,0.0,0.0,0.0,0.0,,,False
S13,source,analytic-zero,50,0.01,extended-local,balanced,neutral,identity,"[0.3333333333333333,0.3333333333333333,0.3333333333333333]",0.3333333333333333,1.0986122886681098,0.0,0.0,0.0,0.0,0.0,0.0,,,False
S13,source,analytic-zero,50,0.03,stress,balanced,neutral,identity,"[0.3333333333333333,0.3333333333333333,0.3333333333333333]",0.3333333333333333,1.0986122886681098,0.0,0.0,0.0,0.0,0.0,0.0,,,False
S13,source,analytic-zero,50,0.1,stress,balanced,neutral,identity,"[0.3333333333333333,0.3333333333333333,0.3333333333333333]",0.3333333333333333,1.0986122886681098,0.0,0.0,0.0,0.0,0.0,0.0,,,False
S14,source,low-sensitivity,1,0.0001,confirmatory,mixed,weak,near_identity,"[0.2013026980748582,0.300448045019461,0.49824925690568084]",0.2013026980748582,1.6029455431730684,6.515168001037167e-27,6.671286745684423e-17,6.515168001037167e-35,6.671286745684423e-17,6.671286745684424e-09,6.671286745684424e-09,,,False
S14,source,low-sensitivity,1,0.0003,confirmatory,mixed,weak,near_identity,"[0.2013026980748582,0.300448045019461,0.49824925690568084]",0.2013026980748582,1.6029455431730684,6.515168001037167e-27,1.11411045521219e-16,5.863651200933449e-34,1.11411045521219e-16,1.2379005057913222e-09,1.2379005057913222e-09,,,False
S14,source,low-sensitivity,1,0.001,confirmatory,mixed,weak,near_identity,"[0.2013026980748582,0.300448045019461,0.49824925690568084]",0.2013026980748582,1.6029455431730684,6.515168001037167e-27,5.609426581931283e-17,6.515168001037166e-33,5.609426581931282e-17,5.6094265819312836e-11,5.609426581931282e-11,,,False
S14,source,low-sensitivity,1,0.003,extended-local,mixed,weak,near_identity,"[0.2013026980748582,0.300448045019461,0.49824925690568084]",0.2013026980748582,1.6029455431730684,6.515168001037167e-27,-9.841115520124689e-18,5.86365120093345e-32,-9.841115520124748e-18,-1.0934572800138544e-12,-1.0934572800138609e-12,,,False
S14,source,low-sensitivity,1,0.01,extended-local,mixed,weak,near_identity,"[0.2013026980748582,0.300448045019461,0.49824925690568084]",0.2013026980748582,1.6029455431730684,6.515168001037167e-27,-2.88545472809379e-17,6.515168001037167e-31,-2.885454728093855e-17,-2.8854547280937894e-13,-2.885454728093855e-13,,,False
S14,source,low-sensitivity,1,0.03,stress,mixed,weak,near_identity,"[0.2013026980748582,0.300448045019461,0.49824925690568084]",0.2013026980748582,1.6029455431730684,6.515168001037167e-27,-6.454895245034005e-17,5.86365120093345e-30,-6.454895245034591e-17,-7.172105827815561e-14,-7.172105827816213e-14,,,False
S14,source,low-sensitivity,1,0.1,stress,mixed,weak,near_identity,"[0.2013026980748582,0.300448045019461,0.49824925690568084]",0.2013026980748582,1.6029455431730684,6.515168001037167e-27,5.563746611243263e-17,6.515168001037168e-29,5.563746611236748e-17,5.5637466112432625e-15,5.5637466112367465e-15,,,False
S14,source,low-sensitivity,5,0.0001,confirmatory,mixed,weak,near_identity,"[0.2065672509329321,0.3022006310029988,0.4912321180640691]",0.2065672509329321,1.577129249222741,1.5625361233798948e-25,1.8007118306216483e-16,1.5625361233798948e-33,1.8007118306216483e-16,1.8007118306216484e-08,1.8007118306216484e-08,,,False
S14,source,low-sensitivity,5,0.0003,confirmatory,mixed,weak,near_identity,"[0.2065672509329321,0.3022006310029988,0.4912321180640691]",0.2065672509329321,1.577129249222741,1.5625361233798948e-25,1.8007118306216483e-16,1.4062825110419052e-32,1.800711830621648e-16,2.000790922912943e-09,2.0007909229129426e-09,,,False
S14,source,low-sensitivity,5,0.001,confirmatory,mixed,weak,near_identity,"[0.2065672509329321,0.3022006310029988,0.4912321180640691]",0.2065672509329321,1.577129249222741,1.5625361233798948e-25,-2.211800974048933e-17,1.5625361233798946e-31,-2.2118009740489488e-17,-2.2118009740489333e-11,-2.2118009740489488e-11,,,False
S14,source,low-sensitivity,5,0.003,extended-local,mixed,weak,near_identity,"[0.2065672509329321,0.3022006310029988,0.4912321180640691]",0.2065672509329321,1.577129249222741,1.5625361233798948e-25,-3.305118452575891e-17,1.4062825110419054e-30,-3.3051184525760315e-17,-3.672353836195434e-12,-3.67235383619559e-12,,,False
S14,source,low-sensitivity,5,0.01,extended-local,mixed,weak,near_identity,"[0.2065672509329321,0.3022006310029988,0.4912321180640691]",0.2065672509329321,1.577129249222741,1.5625361233798948e-25,1.0077304160727619e-16,1.562536123379895e-29,1.0077304160726056e-16,1.007730416072762e-12,1.0077304160726056e-12,,,False
S14,source,low-sensitivity,5,0.03,stress,mixed,weak,near_identity,"[0.2065672509329321,0.3022006310029988,0.4912321180640691]",0.2065672509329321,1.577129249222741,1.5625361233798948e-25,8.115765354207495e-17,1.4062825110419052e-28,8.115765354193432e-17,9.01751706023055e-14,9.017517060214925e-14,,,False
S14,source,low-sensitivity,5,0.1,stress,mixed,weak,near_identity,"[0.2065672509329321,0.3022006310029988,0.4912321180640691]",0.2065672509329321,1.577129249222741,1.5625361233798948e-25,5.616567994302321e-19,1.562536123379895e-27,5.61656797867696e-19,5.61656799430232e-17,5.616567978676959e-17,,,False
S14,source,low-sensitivity,20,0.0001,confirmatory,mixed,weak,near_identity,"[0.22706202353279806,0.30818132266115594,0.46475665380604597]",0.22706202353279806,1.4825320673996234,2.1169400791612592e-24,-1.9115517781327714e-17,2.1169400791612592e-32,-1.9115517781327736e-17,-1.9115517781327714e-09,-1.9115517781327735e-09,,,False
S14,source,low-sensitivity,20,0.0003,confirmatory,mixed,weak,near_identity,"[0.22706202353279806,0.30818132266115594,0.46475665380604597]",0.22706202353279806,1.4825320673996234,2.1169400791612592e-24,2.8941466564484345e-17,1.905246071245133e-31,2.8941466564484154e-17,3.2157185071649276e-10,3.2157185071649064e-10,,,False
S14,source,low-sensitivity,20,0.001,confirmatory,mixed,weak,near_identity,"[0.22706202353279806,0.30818132266115594,0.46475665380604597]",0.22706202353279806,1.4825320673996234,2.1169400791612592e-24,1.1915315284859369e-16,2.116940079161259e-30,1.1915315284859157e-16,1.191531528485937e-10,1.1915315284859157e-10,,,False
S14,source,low-sensitivity,20,0.003,extended-local,mixed,weak,near_identity,"[0.22706202353279806,0.30818132266115594,0.46475665380604597]",0.22706202353279806,1.4825320673996234,2.1169400791612592e-24,6.359756699453908e-17,1.9052460712451335e-29,6.359756699452003e-17,7.066396332726564e-12,7.066396332724447e-12,,,False
S14,source,low-sensitivity,20,0.01,extended-local,mixed,weak,near_identity,"[0.22706202353279806,0.30818132266115594,0.46475665380604597]",0.22706202353279806,1.4825320673996234,2.1169400791612592e-24,6.103930644099331e-18,2.1169400791612593e-28,6.103930643887637e-18,6.103930644099331e-14,6.103930643887636e-14,,,False
S14,source,low-sensitivity,20,0.03,stress,mixed,weak,near_identity,"[0.22706202353279806,0.30818132266115594,0.46475665380604597]",0.22706202353279806,1.4825320673996234,2.1169400791612592e-24,1.3921243653324002e-16,1.9052460712451333e-27,1.3921243653133477e-16,1.5468048503693337e-13,1.5468048503481642e-13,,,False
S14,source,low-sensitivity,20,0.1,stress,mixed,weak,near_identity,"[0.22706202353279806,0.30818132266115594,0.46475665380604597]",0.22706202353279806,1.4825320673996234,2.1169400791612592e-24,5.272681494363683e-17,2.1169400791612597e-26,5.2726814922467425e-17,5.272681494363682e-15,5.272681492246741e-15,,,False
S14,source,low-sensitivity,50,0.0001,confirmatory,mixed,weak,near_identity,"[0.2714051970286353,0.3170558699633252,0.41153893300803956]",0.2714051970286353,1.3041423828014231,8.923011319139791e-24,-7.307484885395615e-17,8.923011319139791e-32,-7.307484885395624e-17,-7.307484885395615e-09,-7.307484885395624e-09,,,False
S14,source,low-sensitivity,50,0.0003,confirmatory,mixed,weak,near_identity,"[0.2714051970286353,0.3170558699633252,0.41153893300803956]",0.2714051970286353,1.3041423828014231,8.923011319139791e-24,5.019335457450334e-19,8.03071018722581e-31,5.019335457442303e-19,5.577039397167038e-12,5.577039397158115e-12,,,False
S14,source,low-sensitivity,50,0.001,confirmatory,mixed,weak,near_identity,"[0.2714051970286353,0.3170558699633252,0.41153893300803956]",0.2714051970286353,1.3041423828014231,8.923011319139791e-24,-5.966929183219805e-17,8.923011319139791e-30,-5.966929183220698e-17,-5.966929183219805e-11,-5.966929183220699e-11,,,False
S14,source,low-sensitivity,50,0.003,extended-local,mixed,weak,near_identity,"[0.2714051970286353,0.3170558699633252,0.41153893300803956]",0.2714051970286353,1.3041423828014231,8.923011319139791e-24,-2.807029908985846e-17,8.030710187225813e-29,-2.807029908993877e-17,-3.1189221210953846e-12,-3.118922121104308e-12,,,False
S14,source,low-sensitivity,50,0.01,extended-local,mixed,weak,near_identity,"[0.2714051970286353,0.3170558699633252,0.41153893300803956]",0.2714051970286353,1.3041423828014231,8.923011319139791e-24,-3.4195038373002535e-17,8.923011319139792e-28,-3.4195038373894835e-17,-3.4195038373002535e-13,-3.4195038373894834e-13,,,False
S14,source,low-sensitivity,50,0.03,stress,mixed,weak,near_identity,"[0.2714051970286353,0.3170558699633252,0.41153893300803956]",0.2714051970286353,1.3041423828014231,8.923011319139791e-24,-1.500383857573789e-16,8.030710187225811e-27,-1.500383857654096e-16,-1.667093175081988e-13,-1.667093175171218e-13,,,False
S14,source,low-sensitivity,50,0.1,stress,mixed,weak,near_identity,"[0.2714051970286353,0.3170558699633252,0.41153893300803956]",0.2714051970286353,1.3041423828014231,8.923011319139791e-24,-1.742663774667525e-16,8.923011319139793e-26,-1.742663775559826e-16,-1.7426637746675247e-14,-1.7426637755598258e-14,,,False
T01,target,regular-sensitivity,1,0.0001,confirmatory,target_a,dominant_a,asymmetric_a,"[0.3151449209765772,0.3997001624198301,0.2851549166035926]",0.2851549166035926,1.254722679362382,0.003918679558119628,3.918679819435526e-11,3.9186795581196286e-11,2.613158971631142e-18,0.003918679819435526,2.613158971631142e-10,6.668468122678195e-08,2.6131589716311418e-06,True
T01,target,regular-sensitivity,1,0.0003,confirmatory,target_a,dominant_a,asymmetric_a,"[0.3151449209765772,0.3997001624198301,0.2851549166035926]",0.2851549166035926,1.254722679362382,0.003918679558119628,3.526794789081967e-10,3.526811602307665e-10,-1.6813225698148565e-15,0.003918660876757742,-1.8681361886831743e-08,-4.7672593815749406e-06,-6.227120628943914e-05,True
T01,target,regular-sensitivity,1,0.001,confirmatory,target_a,dominant_a,asymmetric_a,"[0.3151449209765772,0.3997001624198301,0.2851549166035926]",0.2851549166035926,1.254722679362382,0.003918679558119628,3.9186140447826845e-09,3.918679558119628e-09,-6.551333694340893e-14,0.0039186140447826845,-6.551333694340893e-08,-1.6718217443338337e-05,-6.551333694340892e-05,True
T01,target,regular-sensitivity,1,0.003,extended-local,target_a,dominant_a,asymmetric_a,"[0.3151449209765772,0.3997001624198301,0.2851549166035926]",0.2851549166035926,1.254722679362382,0.003918679558119628,3.526634804437755e-08,3.526811602307666e-08,-1.7679786991077148e-12,0.00391848311604195,-1.9644207767863498e-07,-5.012966096490354e-05,-6.5480692559545e-05,True
T01,target,regular-sensitivity,1,0.01,extended-local,target_a,dominant_a,asymmetric_a,"[0.3151449209765772,0.3997001624198301,0.2851549166035926]",0.2851549166035926,1.254722679362382,0.003918679558119628,3.9180253717867016e-07,3.9186795581196284e-07,-6.541863329268162e-11,0.003918025371786702,-6.541863329268162e-07,-0.00016694050208094238,-6.541863329268162e-05,True
T01,target,regular-sensitivity,1,0.03,stress,target_a,dominant_a,asymmetric_a,"[0.3151449209765772,0.3997001624198301,0.2851549166035926]",0.2851549166035926,1.254722679362382,0.003918679558119628,3.5250500228459908e-06,3.5268116023076654e-06,-1.761579461674667e-09,0.003916722247606657,-1.957310512971852e-06,-0.0004994821556450675,-6.524368376572842e-05,True
T01,target,regular-sensitivity,1,0.1,stress,target_a,dominant_a,asymmetric_a,"[0.3151449209765772,0.3997001624198301,0.2851549166035926]",0.2851549166035926,1.254722679362382,0.003918679558119628,3.912216145122863e-05,3.918679558119629e-05,-6.463412996765702e-08,0.003912216145122862,-6.463412996765701e-06,-0.0016493854373403165,-6.4634129967657e-05,True
T01,target,regular-sensitivity,5,0.0001,confirmatory,target_a,dominant_a,asymmetric_a,"[0.37808159604284897,0.3926003240840766,0.22931807987307445]",0.22931807987307445,1.4726452441102977,0.1614240931515039,1.6138603649365208e-09,1.6142409315150392e-09,-3.805665785183654e-13,0.16138603649365207,-3.805665785183654e-05,-0.00023575574815909678,-0.38056657851836534,True
T01,target,regular-sensitivity,5,0.0003,confirmatory,target_a,dominant_a,asymmetric_a,"[0.37808159604284897,0.3926003240840766,0.22931807987307445]",0.22931807987307445,1.4726452441102977,0.1614240931515039,1.451789471841982e-08,1.452816838363535e-08,-1.02736652155309e-11,0.1613099413157758,-0.00011415183572812113,-0.0007071548831374533,-0.38050611909373716,True
T01,target,regular-sensitivity,5,0.001,confirmatory,target_a,dominant_a,asymmetric_a,"[0.37808159604284897,0.3926003240840766,0.22931807987307445]",0.22931807987307445,1.4726452441102977,0.1614240931515039,1.6104394664500266e-07,1.614240931515039e-07,-3.8014650650125197e-10,0.16104394664500266,-0.000380146506501252,-0.002354955193364271,-0.3801465065012519,True
T01,target,regular-sensitivity,5,0.003,extended-local,target_a,dominant_a,asymmetric_a,"[0.37808159604284897,0.3926003240840766,0.22931807987307445]",0.22931807987307445,1.4726452441102977,0.1614240931515039,1.4425805651725873e-06,1.4528168383635353e-06,-1.0236273190948011e-08,0.1602867294636208,-0.0011373636878831124,-0.007045811227297057,-0.3791212292943708,True
T01,target,regular-sensitivity,5,0.01,extended-local,target_a,dominant_a,asymmetric_a,"[0.37808159604284897,0.3926003240840766,0.22931807987307445]",0.22931807987307445,1.4726452441102977,0.1614240931515039,1.5766842202903295e-05,1.6142409315150393e-05,-3.7556711224709854e-07,0.15766842202903295,-0.003755671122470985,-0.023265864773643893,-0.3755671122470985,True
T01,target,regular-sensitivity,5,0.03,stress,target_a,dominant_a,asymmetric_a,"[0.37808159604284897,0.3926003240840766,0.22931807987307445]",0.22931807987307445,1.4726452441102977,0.1614240931515039,0.00013540780941586304,0.00014528168383635352,-9.873874420490475e-06,0.15045312157318116,-0.01097097157832275,-0.06796365625561229,-0.3656990526107584,True
T01,target,regular-sensitivity,5,0.1,stress,target_a,dominant_a,asymmetric_a,"[0.37808159604284897,0.3926003240840766,0.22931807987307445]",0.22931807987307445,1.4726452441102977,0.1614240931515039,0.0012800497691358645,0.0016142409315150394,-0.00033419116237917495,0.12800497691358642,-0.03341911623791749,-0.2070268172827963,-0.3341911623791749,True
T01,target,regular-sensitivity,20,0.0001,confirmatory,target_a,dominant_a,asymmetric_a,"[0.615066217443981,0.30169362180896603,0.08324016074705301]",0.08324016074705301,2.486025346331069,9.386408885795209,9.377640902454292e-08,9.386408885795209e-08,-8.767983340917084e-11,9.377640902454292,-0.008767983340917083,-0.000934114787412041,-87.67983340917083,True
T01,target,regular-sensitivity,20,0.0003,confirmatory,target_a,dominant_a,asymmetric_a,"[0.615066217443981,0.30169362180896603,0.08324016074705301]",0.08324016074705301,2.486025346331069,9.386408885795209,8.424132916056131e-07,8.447767997215687e-07,-2.363508115955577e-09,9.360147684506813,-0.026261201288395306,-0.002797790039611137,-87.53733762798436,True
T01,target,regular-sensitivity,20,0.001,confirmatory,target_a,dominant_a,asymmetric_a,"[0.615066217443981,0.30169362180896603,0.08324016074705301]",0.08324016074705301,2.486025346331069,9.386408885795209,9.299365445277711e-06,9.386408885795208e-06,-8.704344051749753e-08,9.299365445277711,-0.08704344051749754,-0.009273348474007298,-87.04344051749753,True
T01,target,regular-sensitivity,20,0.003,extended-local,target_a,dominant_a,asymmetric_a,"[0.615066217443981,0.30169362180896603,0.08324016074705301]",0.08324016074705301,2.486025346331069,9.386408885795209,8.216469384073879e-05,8.447767997215688e-05,-2.312986131418088e-06,9.129410426748754,-0.25699845904645424,-0.027379849117310378,-85.66615301548475,True
T01,target,regular-sensitivity,20,0.01,extended-local,target_a,dominant_a,asymmetric_a,"[0.615066217443981,0.30169362180896603,0.08324016074705301]",0.08324016074705301,2.486025346331069,9.386408885795209,0.0008574364080744957,0.000938640888579521,-8.120448050502529e-05,8.574364080744957,-0.8120448050502528,-0.08651283093784136,-81.20448050502527,True
T01,target,regular-sensitivity,20,0.03,stress,target_a,dominant_a,asymmetric_a,"[0.615066217443981,0.30169362180896603,0.08324016074705301]",0.08324016074705301,2.486025346331069,9.386408885795209,0.006535094590887931,0.008447767997215689,-0.001912673406327758,7.2612162120977,-2.125192673697509,-0.22641168731884667,-70.83975578991698,True
T01,target,regular-sensitivity,20,0.1,stress,target_a,dominant_a,asymmetric_a,"[0.615066217443981,0.30169362180896603,0.08324016074705301]",0.08324016074705301,2.486025346331069,9.386408885795209,0.044660522009530926,0.09386408885795211,-0.049203566848421185,4.466052200953092,-4.920356684842117,-0.5242001221881853,-49.203566848421175,True
T01,target,regular-sensitivity,50,0.0001,confirmatory,target_a,dominant_a,asymmetric_a,"[0.8959091438822425,0.09805426779028298,0.006036588327474562]",0.006036588327474562,5.109916273065872,206.49389006662966,2.0515510123486885e-06,2.0649389006662964e-06,-1.3387888317607978e-08,205.15510123486885,-1.3387888317607979,-0.006483430726830751,-13387.888317607976,True
T01,target,regular-sensitivity,50,0.0003,confirmatory,target_a,dominant_a,asymmetric_a,"[0.8959091438822425,0.09805426779028298,0.006036588327474562]",0.006036588327474562,5.109916273065872,206.49389006662966,1.8230711316799672e-05,1.8584450105996668e-05,-3.537387891969958e-07,202.56345907555195,-3.930430991077732,-0.019034127304248537,-13101.436636925773,True
T01,target,regular-sensitivity,50,0.001,confirmatory,target_a,dominant_a,asymmetric_a,"[0.8959091438822425,0.09805426779028298,0.006036588327474562]",0.006036588327474562,5.109916273065872,206.49389006662966,0.00019428650995439133,0.00020649389006662964,-1.2207380112238316e-05,194.28650995439133,-12.207380112238317,-0.059117391358646715,-12207.380112238316,True
T01,target,regular-sensitivity,50,0.003,extended-local,target_a,dominant_a,asymmetric_a,"[0.8959091438822425,0.09805426779028298,0.006036588327474562]",0.006036588327474562,5.109916273065872,206.49389006662966,0.001580224455370982,0.001858445010599667,-0.0002782205552286849,175.58049504122022,-30.913395025409432,-0.1497061003375672,-10304.465008469811,True
T01,target,regular-sensitivity,50,0.01,extended-local,target_a,dominant_a,asymmetric_a,"[0.8959091438822425,0.09805426779028298,0.006036588327474562]",0.006036588327474562,5.109916273065872,206.49389006662966,0.013723076125130067,0.020649389006662966,-0.006926312881532899,137.23076125130066,-69.26312881532898,-0.3354245919478768,-6926.312881532898,True
T01,target,regular-sensitivity,50,0.03,stress,target_a,dominant_a,asymmetric_a,"[0.8959091438822425,0.09805426779028298,0.006036588327474562]",0.006036588327474562,5.109916273065872,206.49389006662966,0.08216154653426447,0.1858445010599667,-0.10368295452570223,91.29060726029385,-115.2032828063358,-0.5579016539867742,-3840.1094268778606,True
T01,target,regular-sensitivity,50,0.1,stress,target_a,dominant_a,asymmetric_a,"[0.8959091438822425,0.09805426779028298,0.006036588327474562]",0.006036588327474562,5.109916273065872,206.49389006662966,0.4186738170293961,2.064938900666297,-1.6462650836369006,41.8673817029396,-164.62650836369002,-0.7972463897627663,-1646.2650836369003,True
T02,target,regular-sensitivity,1,0.0001,confirmatory,target_b,weak,forward_cycle,"[0.6020975887574047,0.09984910241757357,0.2980533088250218]",0.09984910241757357,2.3040952084689437,0.08786523041718926,8.786195855241361e-10,8.786523041718926e-10,-3.271864775653382e-14,0.0878619585524136,-3.2718647756533823e-06,-3.7237309458114166e-05,-0.03271864775653382,True
T02,target,regular-sensitivity,1,0.0003,confirmatory,target_b,weak,forward_cycle,"[0.6020975887574047,0.09984910241757357,0.2980533088250218]",0.09984910241757357,2.3040952084689437,0.08786523041718926,7.906989047644974e-09,7.907870737547032e-09,-8.816899020584882e-13,0.08785543386272195,-9.796554467316537e-06,-0.00011149523447217884,-0.03265518155772179,True
T02,target,regular-sensitivity,1,0.001,confirmatory,target_b,weak,forward_cycle,"[0.6020975887574047,0.09984910241757357,0.2980533088250218]",0.09984910241757357,2.3040952084689437,0.08786523041718926,8.783258833026437e-08,8.786523041718926e-08,-3.2642086924886184e-11,0.08783258833026437,-3.2642086924886184e-05,-0.0003715017506913673,-0.03264208692488618,True
T02,target,regular-sensitivity,1,0.003,extended-local,target_b,weak,forward_cycle,"[0.6020975887574047,0.09984910241757357,0.2980533088250218]",0.09984910241757357,2.3040952084689437,0.08786523041718926,7.899068607834705e-07,7.907870737547033e-07,-8.802129712328258e-10,0.08776742897594117,-9.780144124809176e-05,-0.0011130846727849548,-0.032600480416030586,True
T02,target,regular-sensitivity,1,0.01,extended-local,target_b,weak,forward_cycle,"[0.6020975887574047,0.09984910241757357,0.2980533088250218]",0.09984910241757357,2.3040952084689437,0.08786523041718926,8.754067020109329e-06,8.786523041718927e-06,-3.245602160959747e-08,0.08754067020109328,-0.00032456021609597466,-0.0036938412902913216,-0.032456021609597464,True
T02,target,regular-sensitivity,1,0.03,stress,target_b,weak,forward_cycle,"[0.6020975887574047,0.09984910241757357,0.2980533088250218]",0.09984910241757357,2.3040952084689437,0.08786523041718926,7.821331793812542e-05,7.907870737547032e-05,-8.653894373449066e-07,0.08690368659791713,-0.0009615438192721185,-0.010943393816947299,-0.03205146064240395,True
T02,target,regular-sensitivity,1,0.1,stress,target_b,weak,forward_cycle,"[0.6020975887574047,0.09984910241757357,0.2980533088250218]",0.09984910241757357,2.3040952084689437,0.08786523041718926,0.0008479284874919456,0.0008786523041718927,-3.0723816679947055e-05,0.08479284874919454,-0.003072381667994705,-0.034966979013278145,-0.030723816679947048,True
T02,target,regular-sensitivity,5,0.0001,confirmatory,target_b,weak,forward_cycle,"[0.6104386110105052,0.09922780466722557,0.29033358432226913]",0.09922780466722557,2.3103370149808002,2.234738971442361,2.2339554658032683e-08,2.234738971442361e-08,-7.835056390926783e-12,2.2339554658032683,-0.0007835056390926783,-0.00035060275455212677,-7.835056390926782,True
T02,target,regular-sensitivity,5,0.0003,confirmatory,target_b,weak,forward_cycle,"[0.6104386110105052,0.09922780466722557,0.29033358432226913]",0.09922780466722557,2.3103370149808002,2.234738971442361,2.0091510641904542e-07,2.0112650742981245e-07,-2.1140101076703266e-10,2.2323900713227274,-0.0023489001196336967,-0.0010510847797663156,-7.829667065445656,True
T02,target,regular-sensitivity,5,0.001,confirmatory,target_b,weak,forward_cycle,"[0.6104386110105052,0.09922780466722557,0.29033358432226913]",0.09922780466722557,2.3103370149808002,2.234738971442361,2.2269276585345718e-06,2.234738971442361e-06,-7.811312907789042e-09,2.226927658534572,-0.007811312907789043,-0.003495402822257765,-7.811312907789041,True
T02,target,regular-sensitivity,5,0.003,extended-local,target_b,weak,forward_cycle,"[0.6104386110105052,0.09922780466722557,0.29033358432226913]",0.09922780466722557,2.3103370149808002,2.234738971442361,1.9903145692775053e-05,2.011265074298125e-05,-2.0950505020619637e-07,2.2114606325305615,-0.023278338911799597,-0.010416580732368544,-7.759446303933199,True
T02,target,regular-sensitivity,5,0.01,extended-local,target_b,weak,forward_cycle,"[0.6104386110105052,0.09922780466722557,0.29033358432226913]",0.09922780466722557,2.3103370149808002,2.234738971442361,0.0002158896372809905,0.0002234738971442361,-7.584259863245601e-06,2.1588963728099047,-0.075842598632456,-0.03393801226973061,-7.5842598632456,True
T02,target,regular-sensitivity,5,0.03,stress,target_b,weak,forward_cycle,"[0.6104386110105052,0.09922780466722557,0.29033358432226913]",0.09922780466722557,2.3103370149808002,2.234738971442361,0.0018187071204680844,0.002011265074298125,-0.00019255795383004044,2.020785689408983,-0.21395328203337827,-0.09573971938892131,-7.131776067779277,True
T02,target,regular-sensitivity,5,0.1,stress,target_b,weak,forward_cycle,"[0.6104386110105052,0.09922780466722557,0.29033358432226913]",0.09922780466722557,2.3103370149808002,2.234738971442361,0.016406245042481452,0.022347389714423613,-0.0059411446719421605,1.6406245042481449,-0.5941144671942159,-0.2658540772709389,-5.941144671942159,True
T02,target,regular-sensitivity,20,0.0001,confirmatory,target_b,weak,forward_cycle,"[0.6409551306699698,0.09666003091871943,0.2623848384113107]",0.09666003091871943,2.3365552926943685,38.06860996037062,3.8009275369055827e-07,3.8068609960370626e-07,-5.933459131479897e-10,38.00927536905583,-0.059334591314798964,-0.0015586224812664871,-593.3459131479896,True
T02,target,regular-sensitivity,20,0.0003,confirmatory,target_b,weak,forward_cycle,"[0.6409551306699698,0.09666003091871943,0.2623848384113107]",0.09666003091871943,2.3365552926943685,38.06860996037062,3.4102009922360073e-06,3.4261748964333555e-06,-1.5973904197348225e-08,37.89112213595564,-0.17748782441498032,-0.00466231429515669,-591.6260813832678,True
T02,target,regular-sensitivity,20,0.001,confirmatory,target_b,weak,forward_cycle,"[0.6409551306699698,0.09666003091871943,0.2623848384113107]",0.09666003091871943,2.3365552926943685,38.06860996037062,3.748291249935584e-05,3.806860996037062e-05,-5.8569746101478e-07,37.48291249935584,-0.58569746101478,-0.015385312508770099,-585.6974610147801,True
T02,target,regular-sensitivity,20,0.003,extended-local,target_b,weak,forward_cycle,"[0.6409551306699698,0.09666003091871943,0.2623848384113107]",0.09666003091871943,2.3365552926943685,38.06860996037062,0.00032724099107274765,0.0003426174896433356,-1.537649857058797e-05,36.36011011919418,-1.708499841176441,-0.04487949108084028,-569.4999470588136,True
T02,target,regular-sensitivity,20,0.01,extended-local,target_b,weak,forward_cycle,"[0.6409551306699698,0.09666003091871943,0.2623848384113107]",0.09666003091871943,2.3365552926943685,38.06860996037062,0.0032867572226753855,0.0038068609960370623,-0.0005201037733616768,32.86757222675385,-5.201037733616769,-0.13662273823580745,-520.1037733616768,True
T02,target,regular-sensitivity,20,0.03,stress,target_b,weak,forward_cycle,"[0.6409551306699698,0.09666003091871943,0.2623848384113107]",0.09666003091871943,2.3365552926943685,38.06860996037062,0.022925162899779864,0.03426174896433356,-0.011336586064553695,25.47240322197763,-12.596206738392995,-0.33088170940587613,-419.8735579464332,True
T02,target,regular-sensitivity,20,0.1,stress,target_b,weak,forward_cycle,"[0.6409551306699698,0.09666003091871943,0.2623848384113107]",0.09666003091871943,2.3365552926943685,38.06860996037062,0.1265601508484957,0.3806860996037063,-0.2541259487552106,12.656015084849567,-25.412594875521055,-0.6675472233416333,-254.12594875521054,True
T02,target,regular-sensitivity,50,0.0001,confirmatory,target_b,weak,forward_cycle,"[0.6978048300341113,0.09057515801026235,0.21162001195562632]",0.09057515801026235,2.401575297678506,267.3030084087437,2.6620013557113154e-06,2.6730300840874375e-06,-1.102872837612202e-08,266.2001355711315,-1.1028728376122021,-0.004125927516407728,-11028.728376122019,True
T02,target,regular-sensitivity,50,0.0003,confirmatory,target_b,weak,forward_cycle,"[0.6978048300341113,0.09057515801026235,0.21162001195562632]",0.09057515801026235,2.401575297678506,267.3030084087437,2.376183737755886e-05,2.4057270756786932e-05,-2.9543337922807275e-07,264.0204153062096,-3.2825931025341424,-0.012280419596006183,-10941.977008447142,True
T02,target,regular-sensitivity,50,0.001,confirmatory,target_b,weak,forward_cycle,"[0.6978048300341113,0.09057515801026235,0.21162001195562632]",0.09057515801026235,2.401575297678506,267.3030084087437,0.0002566524600882906,0.0002673030084087437,-1.0650548320453076e-05,256.65246008829064,-10.650548320453076,-0.039844476064283194,-10650.548320453076,True
T02,target,regular-sensitivity,50,0.003,extended-local,target_b,weak,forward_cycle,"[0.6978048300341113,0.09057515801026235,0.21162001195562632]",0.09057515801026235,2.401575297678506,267.3030084087437,0.0021381930458986044,0.0024057270756786936,-0.00026753402978008925,237.57700509984494,-29.726003308898804,-0.1112071408618177,-9908.667769632935,True
T02,target,regular-sensitivity,50,0.01,extended-local,target_b,weak,forward_cycle,"[0.6978048300341113,0.09057515801026235,0.21162001195562632]",0.09057515801026235,2.401575297678506,267.3030084087437,0.018706286527420783,0.026730300840874372,-0.008024014313453589,187.0628652742078,-80.24014313453588,-0.3001842127112819,-8024.014313453587,True
T02,target,regular-sensitivity,50,0.03,stress,target_b,weak,forward_cycle,"[0.6978048300341113,0.09057515801026235,0.21162001195562632]",0.09057515801026235,2.401575297678506,267.3030084087437,0.09814643889613127,0.24057270756786933,-0.14242626867173808,109.05159877347918,-158.25140963526454,-0.5920300357909777,-5275.046987842152,True
T02,target,regular-sensitivity,50,0.1,stress,target_b,weak,forward_cycle,"[0.6978048300341113,0.09057515801026235,0.21162001195562632]",0.09057515801026235,2.401575297678506,267.3030084087437,0.29830232251776295,2.6730300840874377,-2.374727761569675,29.83023225177629,-237.47277615696746,-0.8884029310805149,-2374.7277615696744,True
T03,target,regular-sensitivity,1,0.0001,confirmatory,target_c,tie_ab,uniform_off_diagonal,"[0.10148484224827074,0.6089090534896243,0.2896061042621049]",0.10148484224827074,2.2878458291077037,0.7436169429954025,7.4355199993099e-09,7.436169429954025e-09,-6.49430644124444e-13,0.74355199993099,-6.494306441244439e-05,-8.733403000588425e-05,-0.6494306441244438,True
T03,target,regular-sensitivity,1,0.0003,confirmatory,target_c,tie_ab,uniform_off_diagonal,"[0.10148484224827074,0.6089090534896243,0.2896061042621049]",0.10148484224827074,2.2878458291077037,0.7436169429954025,6.690799861331512e-08,6.692552486958621e-08,-1.752625627109702e-11,0.7434222068146125,-0.00019473618078996691,-0.00026187700888785544,-0.6491206026332231,True
T03,target,regular-sensitivity,1,0.001,confirmatory,target_c,tie_ab,uniform_off_diagonal,"[0.10148484224827074,0.6089090534896243,0.2896061042621049]",0.10148484224827074,2.2878458291077037,0.7436169429954025,7.429686423897689e-07,7.436169429954024e-07,-6.483006056335567e-10,0.7429686423897689,-0.0006483006056335567,-0.0008718206487094055,-0.6483006056335566,True
T03,target,regular-sensitivity,1,0.003,extended-local,target_c,tie_ab,uniform_off_diagonal,"[0.10148484224827074,0.6089090534896243,0.2896061042621049]",0.10148484224827074,2.2878458291077037,0.7436169429954025,6.675111421865589e-06,6.692552486958623e-06,-1.7441065093033256e-08,0.7416790468739544,-0.0019378961214481395,-0.002606040838233188,-0.6459653738160466,True
T03,target,regular-sensitivity,1,0.01,extended-local,target_c,tie_ab,uniform_off_diagonal,"[0.10148484224827074,0.6089090534896243,0.2896061042621049]",0.10148484224827074,2.2878458291077037,0.7436169429954025,7.37237560490229e-05,7.436169429954025e-05,-6.379382505173465e-07,0.737237560490229,-0.006379382505173464,-0.008578855774152131,-0.6379382505173463,True
T03,target,regular-sensitivity,1,0.03,stress,target_c,tie_ab,uniform_off_diagonal,"[0.10148484224827074,0.6089090534896243,0.2896061042621049]",0.10148484224827074,2.2878458291077037,0.7436169429954025,0.0006526184299092369,0.0006692552486958622,-1.66368187866253e-05,0.725131588788041,-0.018485354207361446,-0.024858704984450218,-0.6161784735787149,True
T03,target,regular-sensitivity,1,0.1,stress,target_c,tie_ab,uniform_off_diagonal,"[0.10148484224827074,0.6089090534896243,0.2896061042621049]",0.10148484224827074,2.2878458291077037,0.7436169429954025,0.006884880756858777,0.007436169429954027,-0.0005512886730952493,0.6884880756858776,-0.05512886730952492,-0.07413610976567778,-0.5512886730952492,True
T03,target,regular-sensitivity,5,0.0001,confirmatory,target_c,tie_ab,uniform_off_diagonal,"[0.1071076376741801,0.6426458260450806,0.2502465362807393]",0.1071076376741801,2.2339209905867117,18.87862631817733,1.8859704679846054e-07,1.8878626318177328e-07,-1.89216383312735e-10,18.859704679846054,-0.0189216383312735,-0.00100227834442884,-189.21638331273496,True
T03,target,regular-sensitivity,5,0.0003,confirmatory,target_c,tie_ab,uniform_off_diagonal,"[0.1071076376741801,0.6426458260450806,0.2502465362807393]",0.1071076376741801,2.2339209905867117,18.87862631817733,1.6939766829820611e-06,1.6990763686359593e-06,-5.099685653898194e-09,18.821963144245128,-0.05666317393220216,-0.003001445813758382,-188.87724644067387,True
T03,target,regular-sensitivity,5,0.001,confirmatory,target_c,tie_ab,uniform_off_diagonal,"[0.1071076376741801,0.6426458260450806,0.2502465362807393]",0.1071076376741801,2.2339209905867117,18.87862631817733,1.869092449544382e-05,1.887862631817733e-05,-1.8770182273350762e-07,18.690924495443824,-0.18770182273350763,-0.00994255723748176,-187.7018227335076,True
T03,target,regular-sensitivity,5,0.003,extended-local,target_c,tie_ab,uniform_off_diagonal,"[0.1071076376741801,0.6426458260450806,0.2502465362807393]",0.1071076376741801,2.2339209905867117,18.87862631817733,0.00016492780934229223,0.00016990763686359597,-4.9798275213037404e-06,18.32531214914358,-0.553314169033749,-0.02930902702920652,-184.43805634458298,True
T03,target,regular-sensitivity,5,0.01,extended-local,target_c,tie_ab,uniform_off_diagonal,"[0.1071076376741801,0.6426458260450806,0.2502465362807393]",0.1071076376741801,2.2339209905867117,18.87862631817733,0.001713861721757584,0.001887862631817733,-0.0001740009100601491,17.13861721757584,-1.7400091006014908,-0.09216820499943468,-174.00091006014907,True
T03,target,regular-sensitivity,5,0.03,stress,target_c,tie_ab,uniform_off_diagonal,"[0.1071076376741801,0.6426458260450806,0.2502465362807393]",0.1071076376741801,2.2339209905867117,18.87862631817733,0.012928143415181914,0.016990763686359597,-0.004062620271177682,14.364603794646571,-4.514022523530758,-0.23910757315983425,-150.46741745102528,True
T03,target,regular-sensitivity,5,0.1,stress,target_c,tie_ab,uniform_off_diagonal,"[0.1071076376741801,0.6426458260450806,0.2502465362807393]",0.1071076376741801,2.2339209905867117,18.87862631817733,0.08506788912404892,0.18878626318177333,-0.10371837405772441,8.50678891240489,-10.371837405772439,-0.5493957680483295,-103.71837405772439,True
T03,target,regular-sensitivity,20,0.0001,confirmatory,target_c,tie_ab,uniform_off_diagonal,"[0.12340136122540173,0.7404081673524101,0.1361904714221882]",0.12340136122540173,2.0923131365716765,326.82425190344014,3.255272412797962e-06,3.2682425190344015e-06,-1.2970106236439404e-08,325.5272412797962,-1.2970106236439405,-0.0039685262525350805,-12970.106236439402,True
T03,target,regular-sensitivity,20,0.0003,confirmatory,target_c,tie_ab,uniform_off_diagonal,"[0.12340136122540173,0.7404081673524101,0.1361904714221882]",0.12340136122540173,2.0923131365716765,326.82425190344014,2.9066357084145465e-05,2.9414182671309607e-05,-3.478255871641423e-07,322.9595231571719,-3.8647287462682485,-0.011825097812539561,-12882.429154227497,True
T03,target,regular-sensitivity,20,0.001,confirmatory,target_c,tie_ab,uniform_off_diagonal,"[0.12340136122540173,0.7404081673524101,0.1361904714221882]",0.12340136122540173,2.0923131365716765,326.82425190344014,0.00031423823213315395,0.00032682425190344014,-1.2586019770286189e-05,314.238232133154,-12.586019770286189,-0.0385100545537383,-12586.019770286188,True
T03,target,regular-sensitivity,20,0.003,extended-local,target_c,tie_ab,uniform_off_diagonal,"[0.12340136122540173,0.7404081673524101,0.1361904714221882]",0.12340136122540173,2.0923131365716765,326.82425190344014,0.0026223206735065726,0.0029414182671309613,-0.00031909759362438875,291.3689637229525,-35.455288180487635,-0.10848426325156207,-11818.429393495879,True
T03,target,regular-sensitivity,20,0.01,extended-local,target_c,tie_ab,uniform_off_diagonal,"[0.12340136122540173,0.7404081673524101,0.1361904714221882]",0.12340136122540173,2.0923131365716765,326.82425190344014,0.022898571241010388,0.03268242519034401,-0.009783853949333624,228.98571241010387,-97.83853949333624,-0.29936132010865135,-9783.853949333623,True
T03,target,regular-sensitivity,20,0.03,stress,target_c,tie_ab,uniform_off_diagonal,"[0.12340136122540173,0.7404081673524101,0.1361904714221882]",0.12340136122540173,2.0923131365716765,326.82425190344014,0.11605648296087265,0.29414182671309613,-0.17808534375222349,128.95164773430295,-197.87260416913722,-0.6054403950034848,-6595.753472304575,True
T03,target,regular-sensitivity,20,0.1,stress,target_c,tie_ab,uniform_off_diagonal,"[0.12340136122540173,0.7404081673524101,0.1361904714221882]",0.12340136122540173,2.0923131365716765,326.82425190344014,0.30395216113849977,3.268242519034402,-2.9642903578959023,30.39521611384997,-296.42903578959016,-0.9069982844393377,-2964.2903578959017,True
T03,target,regular-sensitivity,50,0.0001,confirmatory,target_c,tie_ab,uniform_off_diagonal,"[0.1380023198976183,0.8280139193857092,0.03398376071667251]",0.03398376071667251,3.381872494445817,2578.6699995023014,2.5532699469191645e-05,2.5786699995023016e-05,-2.5400052583137017e-07,2553.2699469191643,-25.400052583137015,-0.009850059367053316,-254000.52583137012,True
T03,target,regular-sensitivity,50,0.0003,confirmatory,target_c,tie_ab,uniform_off_diagonal,"[0.1380023198976183,0.8280139193857092,0.03398376071667251]",0.03398376071667251,3.381872494445817,2578.6699995023014,0.00022534772405994295,0.0002320802999552071,-6.732575895264137e-06,2503.863600666033,-74.8063988362682,-0.029009682840652848,-249354.6627875607,True
T03,target,regular-sensitivity,50,0.001,confirmatory,target_c,tie_ab,uniform_off_diagonal,"[0.1380023198976183,0.8280139193857092,0.03398376071667251]",0.03398376071667251,3.381872494445817,2578.6699995023014,0.0023440970575660525,0.0025786699995023013,-0.00023457294193624878,2344.0970575660526,-234.57294193624878,-0.09096663860886534,-234572.94193624877,True
T03,target,regular-sensitivity,50,0.003,extended-local,target_c,tie_ab,uniform_off_diagonal,"[0.1380023198976183,0.8280139193857092,0.03398376071667251]",0.03398376071667251,3.381872494445817,2578.6699995023014,0.017764966893976112,0.023208029995520713,-0.005443063101544601,1973.8852104417902,-604.7847890605111,-0.23453361196944092,-201594.92968683704,True
T03,target,regular-sensitivity,50,0.01,extended-local,target_c,tie_ab,uniform_off_diagonal,"[0.1380023198976183,0.8280139193857092,0.03398376071667251]",0.03398376071667251,3.381872494445817,2578.6699995023014,0.12061395095654795,0.25786699995023016,-0.1372530489936822,1206.1395095654793,-1372.530489936822,-0.5322629457052389,-137253.0489936822,True
T03,target,regular-sensitivity,50,0.03,stress,target_c,tie_ab,uniform_off_diagonal,"[0.1380023198976183,0.8280139193857092,0.03398376071667251]",0.03398376071667251,3.381872494445817,2578.6699995023014,0.39043910574335305,2.3208029995520714,-1.9303638938087184,433.8212286037256,-2144.8487708985763,-0.8317655114119079,-71494.95902995254,True
T03,target,regular-sensitivity,50,0.1,stress,target_c,tie_ab,uniform_off_diagonal,"[0.1380023198976183,0.8280139193857092,0.03398376071667251]",0.03398376071667251,3.381872494445817,2578.6699995023014,0.6298554472849992,25.786699995023017,-25.156844547738018,62.98554472849991,-2515.6844547738015,-0.9755744066745041,-25156.844547738012,True
T04,target,regular-sensitivity,1,0.0001,confirmatory,target_d,compressed,uniform_mix,"[0.8021905556861323,0.14817140517060456,0.049638039143263]",0.049638039143263,3.0029978209718076,1.0634092906914776,1.0632527347754768e-08,1.0634092906914776e-08,-1.5655591600081143e-12,1.0632527347754768,-0.00015655591600081142,-0.00014722075250914123,-1.565559160008114,True
T04,target,regular-sensitivity,1,0.0003,confirmatory,target_d,compressed,uniform_mix,"[0.8021905556861323,0.14817140517060456,0.049638039143263]",0.049638039143263,3.0029978209718076,1.0634092906914776,9.566459133338685e-08,9.570683616223297e-08,-4.2244828846123846e-11,1.0629399037042986,-0.00046938698717915393,-0.0004413982379953977,-1.5646232905971797,True
T04,target,regular-sensitivity,1,0.001,confirmatory,target_d,compressed,uniform_mix,"[0.8021905556861323,0.14817140517060456,0.049638039143263]",0.049638039143263,3.0029978209718076,1.0634092906914776,1.0618477717938557e-06,1.0634092906914776e-06,-1.561518897621854e-09,1.0618477717938557,-0.001561518897621854,-0.0014684081766922336,-1.561518897621854,True
T04,target,regular-sensitivity,1,0.003,extended-local,target_d,compressed,uniform_mix,"[0.8021905556861323,0.14817140517060456,0.049638039143263]",0.049638039143263,3.0029978209718076,1.0634092906914776,9.528759749067336e-06,9.5706836162233e-06,-4.1923867155963163e-08,1.058751083229704,-0.0046582074617736845,-0.004380446458902672,-1.5527358205912283,True
T04,target,regular-sensitivity,1,0.01,extended-local,target_d,compressed,uniform_mix,"[0.8021905556861323,0.14817140517060456,0.049638039143263]",0.049638039143263,3.0029978209718076,1.0634092906914776,0.00010481802798788156,0.00010634092906914776,-1.5229010812662058e-06,1.0481802798788156,-0.015229010812662057,-0.014320930751657676,-1.5229010812662056,True
T04,target,regular-sensitivity,1,0.03,stress,target_d,compressed,uniform_mix,"[0.8021905556861323,0.14817140517060456,0.049638039143263]",0.049638039143263,3.0029978209718076,1.0634092906914776,0.0009180624518317932,0.0009570683616223298,-3.900590979053658e-05,1.0200693909242147,-0.043339899767262866,-0.04075561512076058,-1.444663325575429,True
T04,target,regular-sensitivity,1,0.1,stress,target_d,compressed,uniform_mix,"[0.8021905556861323,0.14817140517060456,0.049638039143263]",0.049638039143263,3.0029978209718076,1.0634092906914776,0.009402882859372463,0.010634092906914779,-0.0012312100475423155,0.9402882859372461,-0.12312100475423153,-0.11577950825892501,-1.2312100475423151,True
T04,target,regular-sensitivity,5,0.0001,confirmatory,target_d,compressed,uniform_mix,"[0.8107645253260093,0.14103403262202488,0.048201442051965915]",0.048201442051965915,3.0323663402825405,26.86644997060866,2.6835817292140767e-07,2.686644997060866e-07,-3.063267846789288e-10,26.835817292140767,-0.030632678467892877,-0.0011401833327962718,-306.32678467892873,True
T04,target,regular-sensitivity,5,0.0003,confirmatory,target_d,compressed,uniform_mix,"[0.8107645253260093,0.14103403262202488,0.048201442051965915]",0.048201442051965915,3.0323663402825405,26.86644997060866,2.4097327441802564e-06,2.4179804973547788e-06,-8.247753174522337e-09,26.77480826866952,-0.0916417019391371,-0.00341100897362291,-305.47233979712365,True
T04,target,regular-sensitivity,5,0.001,confirmatory,target_d,compressed,uniform_mix,"[0.8107645253260093,0.14103403262202488,0.048201442051965915]",0.048201442051965915,3.0323663402825405,26.86644997060866,2.6563920761460197e-05,2.686644997060866e-05,-3.0252920914846247e-07,26.5639207614602,-0.3025292091484625,-0.011260483222734048,-302.5292091484624,True
T04,target,regular-sensitivity,5,0.003,extended-local,target_d,compressed,uniform_mix,"[0.8107645253260093,0.14103403262202488,0.048201442051965915]",0.048201442051965915,3.0323663402825405,26.86644997060866,0.00023384648310661397,0.00024179804973547793,-7.951566628863966e-06,25.98294256740155,-0.8835074032071073,-0.03288515617707759,-294.50246773570245,True
T04,target,regular-sensitivity,5,0.01,extended-local,target_d,compressed,uniform_mix,"[0.8107645253260093,0.14103403262202488,0.048201442051965915]",0.048201442051965915,3.0323663402825405,26.86644997060866,0.002416496815728907,0.002686644997060866,-0.000270148181331959,24.164968157289067,-2.7014818133195897,-0.10055224327274184,-270.14818133195894,True
T04,target,regular-sensitivity,5,0.03,stress,target_d,compressed,uniform_mix,"[0.8107645253260093,0.14103403262202488,0.048201442051965915]",0.048201442051965915,3.0323663402825405,26.86644997060866,0.018205753937712642,0.024179804973547794,-0.005974051035835152,20.22861548634738,-6.63783448426128,-0.24706779241481228,-221.26114947537604,True
T04,target,regular-sensitivity,5,0.1,stress,target_d,compressed,uniform_mix,"[0.8107645253260093,0.14103403262202488,0.048201442051965915]",0.048201442051965915,3.0323663402825405,26.86644997060866,0.12723303994110047,0.26866449970608663,-0.14143145976498617,12.723303994110044,-14.143145976498614,-0.5264240713592947,-141.43145976498613,True
T04,target,regular-sensitivity,20,0.0001,confirmatory,target_d,compressed,uniform_mix,"[0.840283819057414,0.11671829319407849,0.042997887748507505]",0.042997887748507505,3.1466042866228383,446.41638470085763,4.442115103973996e-06,4.4641638470085764e-06,-2.2048743034580393e-08,444.2115103973996,-2.2048743034580394,-0.0049390532673560346,-22048.743034580388,True
T04,target,regular-sensitivity,20,0.0003,confirmatory,target_d,compressed,uniform_mix,"[0.840283819057414,0.11671829319407849,0.042997887748507505]",0.042997887748507505,3.1466042866228383,446.41638470085763,3.958918289347774e-05,4.017747462307718e-05,-5.882917295994434e-07,439.87980992753046,-6.536574773327151,-0.014642327202455372,-21788.58257775717,True
T04,target,regular-sensitivity,20,0.001,confirmatory,target_d,compressed,uniform_mix,"[0.840283819057414,0.11671829319407849,0.042997887748507505]",0.042997887748507505,3.1466042866228383,446.41638470085763,0.00042548068610959253,0.00044641638470085764,-2.0935698591265106e-05,425.48068610959257,-20.93569859126511,-0.04689724505809539,-20935.698591265103,True
T04,target,regular-sensitivity,20,0.003,extended-local,target_d,compressed,uniform_mix,"[0.840283819057414,0.11671829319407849,0.042997887748507505]",0.042997887748507505,3.1466042866228383,446.41638470085763,0.0035075577662856006,0.0040177474623077185,-0.0005101896960221178,389.72864069840006,-56.687744002457535,-0.12698401300938772,-18895.914667485846,True
T04,target,regular-sensitivity,20,0.01,extended-local,target_d,compressed,uniform_mix,"[0.840283819057414,0.11671829319407849,0.042997887748507505]",0.042997887748507505,3.1466042866228383,446.41638470085763,0.030270172317891537,0.044641638470085766,-0.014371466152194229,302.70172317891536,-143.71466152194228,-0.32192962993113494,-14371.466152194227,True
T04,target,regular-sensitivity,20,0.03,stress,target_d,compressed,uniform_mix,"[0.840283819057414,0.11671829319407849,0.042997887748507505]",0.042997887748507505,3.1466042866228383,446.41638470085763,0.1615385772802325,0.40177474623077186,-0.24023616895053937,179.4873080891472,-266.9290766117104,-0.5979374542683482,-8897.635887057015,True
T04,target,regular-sensitivity,20,0.1,stress,target_d,compressed,uniform_mix,"[0.840283819057414,0.11671829319407849,0.042997887748507505]",0.042997887748507505,3.1466042866228383,446.41638470085763,0.537849076811953,4.464163847008577,-3.9263147701966243,53.78490768119529,-392.6314770196624,-0.8795185178580835,-3926.3147701966236,True
T04,target,regular-sensitivity,50,0.0001,confirmatory,target_d,compressed,uniform_mix,"[0.8877234895390679,0.0786245408513988,0.03365196960953334]",0.03365196960953334,3.3916836923745275,2994.848470536789,2.955491067668835e-05,2.9948484705367892e-05,-3.935740286795408e-07,2955.491067668835,-39.35740286795408,-0.013141700909128053,-393574.02867954073,True
T04,target,regular-sensitivity,50,0.0003,confirmatory,target_d,compressed,uniform_mix,"[0.8877234895390679,0.0786245408513988,0.03365196960953334]",0.03365196960953334,3.3916836923745275,2994.848470536789,0.00025925304142462944,0.000269536362348311,-1.0283320923681546e-05,2880.5893491625498,-114.25912137423943,-0.03815188731527372,-380863.73791413143,True
T04,target,regular-sensitivity,50,0.001,confirmatory,target_d,compressed,uniform_mix,"[0.8877234895390679,0.0786245408513988,0.03365196960953334]",0.03365196960953334,3.3916836923745275,2994.848470536789,0.002651458730835981,0.002994848470536789,-0.0003433897397008079,2651.458730835981,-343.3897397008079,-0.11466013826043747,-343389.7397008079,True
T04,target,regular-sensitivity,50,0.003,extended-local,target_d,compressed,uniform_mix,"[0.8877234895390679,0.0786245408513988,0.03365196960953334]",0.03365196960953334,3.3916836923745275,2994.848470536789,0.019599192346428113,0.026953636234831102,-0.007354443888402989,2177.6880384920123,-817.1604320447765,-0.27285535147569945,-272386.81068159215,True
T04,target,regular-sensitivity,50,0.01,extended-local,target_d,compressed,uniform_mix,"[0.8877234895390679,0.0786245408513988,0.03365196960953334]",0.03365196960953334,3.3916836923745275,2994.848470536789,0.1336492539823535,0.29948484705367895,-0.16583559307132545,1336.492539823535,-1658.3559307132543,-0.5537361729743925,-165835.59307132542,True
T04,target,regular-sensitivity,50,0.03,stress,target_d,compressed,uniform_mix,"[0.8877234895390679,0.0786245408513988,0.03365196960953334]",0.03365196960953334,3.3916836923745275,2994.848470536789,0.4840336948474698,2.69536362348311,-2.21132992863564,537.8152164971887,-2457.0332540396003,-0.8204198904257777,-81901.10846798668,True
T04,target,regular-sensitivity,50,0.1,stress,target_d,compressed,uniform_mix,"[0.8877234895390679,0.0786245408513988,0.03365196960953334]",0.03365196960953334,3.3916836923745275,2994.848470536789,0.8458770719612633,29.948484705367896,-29.102607633406635,84.58770719612632,-2910.260763340663,-0.9717555969765092,-29102.607633406627,True
T05,target,regular-sensitivity,1,0.0001,confirmatory,balanced,dominant_a,backward_cycle,"[0.35013186144895325,0.33305572906545156,0.3168124094855952]",0.3168124094855952,1.1494454484529983,0.00016028894376054982,1.6029142746456655e-12,1.6028894376054982e-12,2.4837040167348524e-17,0.00016029142746456655,2.4837040167348523e-09,,,False
T05,target,regular-sensitivity,1,0.0003,confirmatory,balanced,dominant_a,backward_cycle,"[0.35013186144895325,0.33305572906545156,0.3168124094855952]",0.3168124094855952,1.1494454484529983,0.00016028894376054982,1.4425994628990021e-11,1.442600493844948e-11,-1.0309459459254055e-17,0.00016028882921100026,-1.145495495472673e-10,-7.146441099417872e-07,-3.8183183182422436e-07,True
T05,target,regular-sensitivity,1,0.001,confirmatory,balanced,dominant_a,backward_cycle,"[0.35013186144895325,0.33305572906545156,0.3168124094855952]",0.3168124094855952,1.1494454484529983,0.00016028894376054982,1.6028824230601214e-10,1.602889437605498e-10,-7.014545376699127e-16,0.00016028824230601214,-7.014545376699127e-10,-4.3761879092409e-06,-7.014545376699127e-07,True
T05,target,regular-sensitivity,1,0.003,extended-local,balanced,dominant_a,backward_cycle,"[0.35013186144895325,0.33305572906545156,0.3168124094855952]",0.3168124094855952,1.1494454484529983,0.00016028894376054982,1.442580195133925e-09,1.4426004938449484e-09,-2.0298711023330225e-14,0.0001602866883482139,-2.2554123359255803e-09,-1.4070916452571201e-05,-7.518041119751935e-07,True
T05,target,regular-sensitivity,1,0.01,extended-local,balanced,dominant_a,backward_cycle,"[0.35013186144895325,0.33305572906545156,0.3168124094855952]",0.3168124094855952,1.1494454484529983,0.00016028894376054982,1.602814110680307e-08,1.6028894376054984e-08,-7.53269251913478e-13,0.0001602814110680307,-7.53269251913478e-09,-4.699446101777058e-05,-7.532692519134779e-07,True
T05,target,regular-sensitivity,1,0.03,stress,balanced,dominant_a,backward_cycle,"[0.35013186144895325,0.33305572906545156,0.3168124094855952]",0.3168124094855952,1.1494454484529983,0.00016028894376054982,1.4423971987924562e-07,1.4426004938449485e-07,-2.032950524922232e-11,0.00016026635542138403,-2.258833916580258e-08,-0.00014092262782357918,-7.529446388600861e-07,True
T05,target,regular-sensitivity,1,0.1,stress,balanced,dominant_a,backward_cycle,"[0.35013186144895325,0.33305572906545156,0.3168124094855952]",0.3168124094855952,1.1494454484529983,0.00016028894376054982,1.6021374607499929e-06,1.6028894376054986e-06,-7.519768555057364e-10,0.00016021374607499926,-7.519768555057363e-08,-0.0004691383185037945,-7.519768555057362e-07,True
T05,target,regular-sensitivity,5,0.0001,confirmatory,balanced,dominant_a,backward_cycle,"[0.41922895160969775,0.32649583579983676,0.2542752125904655]",0.2542752125904655,1.3693380844056788,0.037114236420893634,3.711021277601201e-10,3.7114236420893633e-10,-4.023644881624619e-14,0.03711021277601201,-4.023644881624619e-06,-0.00010841243872013191,-0.04023644881624618,True
T05,target,regular-sensitivity,5,0.0003,confirmatory,balanced,dominant_a,backward_cycle,"[0.41922895160969775,0.32649583579983676,0.2542752125904655]",0.2542752125904655,1.3693380844056788,0.037114236420893634,3.3391951340230788e-09,3.3402812778804265e-09,-1.0861438573477305e-12,0.03710216815581199,-1.2068265081641452e-05,-0.0003251653878792335,-0.040227550272138174,True
T05,target,regular-sensitivity,5,0.001,confirmatory,balanced,dominant_a,backward_cycle,"[0.41922895160969775,0.32649583579983676,0.2542752125904655]",0.2542752125904655,1.3693380844056788,0.037114236420893634,3.7074027304834396e-08,3.7114236420893636e-08,-4.0209116059239615e-11,0.037074027304834396,-4.020911605923962e-05,-0.0010833879378050117,-0.04020911605923961,True
T05,target,regular-sensitivity,5,0.003,extended-local,balanced,dominant_a,backward_cycle,"[0.41922895160969775,0.32649583579983676,0.2542752125904655]",0.2542752125904655,1.3693380844056788,0.037114236420893634,3.329437958773029e-07,3.3402812778804273e-07,-1.0843319107398251e-09,0.0369937550974781,-0.00012048132341553612,-0.0032462293457749974,-0.04016044113851204,True
T05,target,regular-sensitivity,5,0.01,extended-local,balanced,dominant_a,backward_cycle,"[0.41922895160969775,0.32649583579983676,0.2542752125904655]",0.2542752125904655,1.3693380844056788,0.037114236420893634,3.6714326886902286e-06,3.7114236420893634e-06,-3.999095339913478e-08,0.036714326886902286,-0.00039990953399134777,-0.010775097982784225,-0.03999095339913478,True
T05,target,regular-sensitivity,5,0.03,stress,balanced,dominant_a,backward_cycle,"[0.41922895160969775,0.32649583579983676,0.2542752125904655]",0.2542752125904655,1.3693380844056788,0.037114236420893634,3.233597097639226e-05,3.340281277880427e-05,-1.0668418024120107e-06,0.035928856640435845,-0.0011853797804577896,-0.03193868161572831,-0.03951265934859299,True
T05,target,regular-sensitivity,5,0.1,stress,balanced,dominant_a,backward_cycle,"[0.41922895160969775,0.32649583579983676,0.2542752125904655]",0.2542752125904655,1.3693380844056788,0.037114236420893634,0.00033323694973730507,0.0003711423642089364,-3.7905414471631356e-05,0.0333236949737305,-0.0037905414471631348,-0.10213173737906223,-0.03790541447163135,True
T05,target,regular-sensitivity,20,0.0001,confirmatory,balanced,dominant_a,backward_cycle,"[0.6652409557748219,0.24472847105479784,0.09003057317038031]",0.09003057317038031,2.407605964444382,7.690878420165275,7.685110602829635e-08,7.690878420165275e-08,-5.7678173356406173e-11,7.685110602829634,-0.0057678173356406175,-0.0007499555994172988,-57.67817335640616,True
T05,target,regular-sensitivity,20,0.0003,confirmatory,balanced,dominant_a,backward_cycle,"[0.6652409557748219,0.24472847105479784,0.09003057317038031]",0.09003057317038031,2.407605964444382,7.690878420165275,6.906238616395622e-07,6.921790578148746e-07,-1.5551961753123275e-09,7.673598462661804,-0.01727995750347031,-0.0022468119451950676,-57.59985834490103,True
T05,target,regular-sensitivity,20,0.001,confirmatory,balanced,dominant_a,backward_cycle,"[0.6652409557748219,0.24472847105479784,0.09003057317038031]",0.09003057317038031,2.407605964444382,7.690878420165275,7.633550396022974e-06,7.690878420165273e-06,-5.732802414229929e-08,7.633550396022975,-0.05732802414229929,-0.007454028137018363,-57.328024142299284,True
T05,target,regular-sensitivity,20,0.003,extended-local,balanced,dominant_a,backward_cycle,"[0.6652409557748219,0.24472847105479784,0.09003057317038031]",0.09003057317038031,2.407605964444382,7.690878420165275,6.769057983450899e-05,6.921790578148748e-05,-1.5273259469784879e-06,7.521175537167665,-0.16970288299760977,-0.022065474673563085,-56.56762766586992,True
T05,target,regular-sensitivity,20,0.01,extended-local,balanced,dominant_a,backward_cycle,"[0.6652409557748219,0.24472847105479784,0.09003057317038031]",0.09003057317038031,2.407605964444382,7.690878420165275,0.0007150071531536184,0.0007690878420165275,-5.408068886290907e-05,7.150071531536184,-0.5408068886290907,-0.0703179609771375,-54.08068886290906,True
T05,target,regular-sensitivity,20,0.03,stress,balanced,dominant_a,backward_cycle,"[0.6652409557748219,0.24472847105479784,0.09003057317038031]",0.09003057317038031,2.407605964444382,7.690878420165275,0.005621326756092643,0.006921790578148747,-0.0013004638220561046,6.245918617880714,-1.4449598022845607,-0.18787968335267338,-48.1653267428187,True
T05,target,regular-sensitivity,20,0.1,stress,balanced,dominant_a,backward_cycle,"[0.6652409557748219,0.24472847105479784,0.09003057317038031]",0.09003057317038031,2.407605964444382,7.690878420165275,0.0417306998839055,0.07690878420165276,-0.03517808431774726,4.173069988390549,-3.517808431774725,-0.45740008352636635,-35.17808431774725,True
T05,target,regular-sensitivity,50,0.0001,confirmatory,balanced,dominant_a,backward_cycle,"[0.9184229667642032,0.07538874796299677,0.006188285272800012]",0.006188285272800012,5.085097246364314,450.575370603811,4.447838058018713e-06,4.50575370603811e-06,-5.791564801939697e-08,444.7838058018713,-5.791564801939697,-0.01285370923443615,-57915.64801939696,True
T05,target,regular-sensitivity,50,0.0003,confirmatory,balanced,dominant_a,backward_cycle,"[0.9184229667642032,0.07538874796299677,0.006188285272800012]",0.006188285272800012,5.085097246364314,450.575370603811,3.904353539513415e-05,4.0551783354342986e-05,-1.5082479592088362e-06,433.81705994593506,-16.75831065787596,-0.03719313515831621,-55861.0355262532,True
T05,target,regular-sensitivity,50,0.001,confirmatory,balanced,dominant_a,backward_cycle,"[0.9184229667642032,0.07538874796299677,0.006188285272800012]",0.006188285272800012,5.085097246364314,450.575370603811,0.0004007295649731185,0.000450575370603811,-4.9845805630692496e-05,400.7295649731185,-49.845805630692496,-0.1106270091148007,-49845.80563069249,True
T05,target,regular-sensitivity,50,0.003,extended-local,balanced,dominant_a,backward_cycle,"[0.9184229667642032,0.07538874796299677,0.006188285272800012]",0.006188285272800012,5.085097246364314,450.575370603811,0.003011448861535317,0.004055178335434299,-0.0010437294738989819,334.60542905947966,-115.96994154433132,-0.25738189237667675,-38656.647181443775,True
T05,target,regular-sensitivity,50,0.01,extended-local,balanced,dominant_a,backward_cycle,"[0.9184229667642032,0.07538874796299677,0.006188285272800012]",0.006188285272800012,5.085097246364314,450.575370603811,0.022472264133535157,0.045057537060381105,-0.022585272926845947,224.72264133535157,-225.85272926845946,-0.5012540498292145,-22585.272926845944,True
T05,target,regular-sensitivity,50,0.03,stress,balanced,dominant_a,backward_cycle,"[0.9184229667642032,0.07538874796299677,0.006188285272800012]",0.006188285272800012,5.085097246364314,450.575370603811,0.11198726354238252,0.4055178335434299,-0.2935305700010474,124.43029282486947,-326.1450777789415,-0.7238413350065677,-10871.502592631387,True
T05,target,regular-sensitivity,50,0.1,stress,balanced,dominant_a,backward_cycle,"[0.9184229667642032,0.07538874796299677,0.006188285272800012]",0.006188285272800012,5.085097246364314,450.575370603811,0.4747320730606103,4.505753706038111,-4.031021632977501,47.47320730606102,-403.10216329775,-0.8946386988653137,-4031.0216329775,True
T06,target,regular-sensitivity,1,0.0001,confirmatory,mixed,neutral,uniform_mix,"[0.2,0.3,0.5]",0.2,1.6094379124341003,0.07407407407407407,7.407339046135099e-10,7.407407407407407e-10,-6.836127230812594e-15,0.07407339046135099,-6.836127230812594e-07,-9.228771761597002e-06,-0.006836127230812592,True
T06,target,regular-sensitivity,1,0.0003,confirmatory,mixed,neutral,uniform_mix,"[0.2,0.3,0.5]",0.2,1.6094379124341003,0.07407407407407407,6.666481512339882e-09,6.666666666666665e-09,-1.851543267835516e-13,0.07407201680377648,-2.057270297595018e-06,-2.7773149017532746e-05,-0.006857567658650061,True
T06,target,regular-sensitivity,1,0.001,confirmatory,mixed,neutral,uniform_mix,"[0.2,0.3,0.5]",0.2,1.6094379124341003,0.07407407407407407,7.40672191948909e-08,7.407407407407407e-08,-6.854879183175747e-12,0.0740672191948909,-6.854879183175747e-06,-9.254086897287259e-05,-0.006854879183175747,True
T06,target,regular-sensitivity,1,0.003,extended-local,mixed,neutral,uniform_mix,"[0.2,0.3,0.5]",0.2,1.6094379124341003,0.07407407407407407,6.664817898177546e-07,6.666666666666666e-07,-1.8487684891198216e-10,0.07405353220197274,-2.0541872101331352e-05,-0.00027731527336797326,-0.0068472907004437835,True
T06,target,regular-sensitivity,1,0.01,extended-local,mixed,neutral,uniform_mix,"[0.2,0.3,0.5]",0.2,1.6094379124341003,0.07407407407407407,7.400586680028848e-06,7.4074074074074075e-06,-6.820727378559347e-09,0.07400586680028848,-6.820727378559347e-05,-0.0009207981961055118,-0.006820727378559347,True
T06,target,regular-sensitivity,1,0.03,stress,mixed,neutral,uniform_mix,"[0.2,0.3,0.5]",0.2,1.6094379124341003,0.07407407407407407,6.648453883254489e-05,6.666666666666666e-05,-1.8212783412176637e-07,0.07387170981393877,-0.00020236426013529597,-0.002731917511826496,-0.0067454753378431995,True
T06,target,regular-sensitivity,1,0.1,stress,mixed,neutral,uniform_mix,"[0.2,0.3,0.5]",0.2,1.6094379124341003,0.07407407407407407,0.0007342515093666964,0.0007407407407407408,-6.48923137404442e-06,0.07342515093666963,-0.0006489231374044419,-0.008760462354959966,-0.0064892313740444185,True
T06,target,regular-sensitivity,5,0.0001,confirmatory,mixed,neutral,uniform_mix,"[0.2,0.3,0.5]",0.2,1.6094379124341003,1.8518518518518512,1.8510256094564294e-08,1.851851851851851e-08,-8.262423954217553e-12,1.8510256094564295,-0.0008262423954217553,-0.000446170893527748,-8.262423954217551,True
T06,target,regular-sensitivity,5,0.0003,confirmatory,mixed,neutral,uniform_mix,"[0.2,0.3,0.5]",0.2,1.6094379124341003,1.8518518518518512,1.664436993373741e-07,1.6666666666666657e-07,-2.2296732929247644e-10,1.8493744370819347,-0.002477414769916405,-0.0013378039757548593,-8.258049233054685,True
T06,target,regular-sensitivity,5,0.001,confirmatory,mixed,neutral,uniform_mix,"[0.2,0.3,0.5]",0.2,1.6094379124341003,1.8518518518518512,1.8436093892844384e-06,1.851851851851851e-06,-8.242462567412611e-09,1.8436093892844385,-0.008242462567412612,-0.004450929786402812,-8.24246256741261,True
T06,target,regular-sensitivity,5,0.003,extended-local,mixed,neutral,uniform_mix,"[0.2,0.3,0.5]",0.2,1.6094379124341003,1.8518518518518512,1.6445314406914914e-05,1.666666666666666e-05,-2.2135225975174666e-07,1.8272571563238793,-0.02459469552797185,-0.013281135585104804,-8.198231842657284,True
T06,target,regular-sensitivity,5,0.01,extended-local,mixed,neutral,uniform_mix,"[0.2,0.3,0.5]",0.2,1.6094379124341003,1.8518518518518512,0.00017713832635386784,0.00018518518518518512,-8.046858831317285e-06,1.7713832635386784,-0.08046858831317284,-0.04345303768911336,-8.046858831317284,True
T06,target,regular-sensitivity,5,0.03,stress,mixed,neutral,uniform_mix,"[0.2,0.3,0.5]",0.2,1.6094379124341003,1.8518518518518512,0.0014603460305716957,0.0016666666666666661,-0.0002063206360949704,1.6226067006352176,-0.22924515121663377,-0.12379238165698227,-7.64150504055446,True
T06,target,regular-sensitivity,5,0.1,stress,mixed,neutral,uniform_mix,"[0.2,0.3,0.5]",0.2,1.6094379124341003,1.8518518518518512,0.01204669781284183,0.018518518518518514,-0.006471820705676683,1.204669781284183,-0.6471820705676682,-0.349478318106541,-6.471820705676682,True
T06,target,regular-sensitivity,20,0.0001,confirmatory,mixed,neutral,uniform_mix,"[0.2,0.3,0.5]",0.2,1.6094379124341003,29.629629629629623,2.95679285225003e-07,2.9629629629629624e-07,-6.170110712932528e-10,29.5679285225003,-0.06170110712932528,-0.0020824123656147287,-617.0110712932527,True
T06,target,regular-sensitivity,20,0.0003,confirmatory,mixed,neutral,uniform_mix,"[0.2,0.3,0.5]",0.2,1.6094379124341003,29.629629629629623,2.650051573543921e-06,2.6666666666666656e-06,-1.6615093122744378e-08,29.445017483821353,-0.1846121458082709,-0.006230659921029145,-615.373819360903,True
T06,target,regular-sensitivity,20,0.001,confirmatory,mixed,neutral,uniform_mix,"[0.2,0.3,0.5]",0.2,1.6094379124341003,29.629629629629623,2.9019925766481623e-05,2.962962962962962e-05,-6.097038631479966e-07,29.019925766481624,-0.6097038631479966,-0.02057750538124489,-609.7038631479966,True
T06,target,regular-sensitivity,20,0.003,extended-local,mixed,neutral,uniform_mix,"[0.2,0.3,0.5]",0.2,1.6094379124341003,29.629629629629623,0.00025062854956120137,0.0002666666666666666,-1.6038117105465256e-05,27.847616617911264,-1.7820130117183617,-0.06014293914549472,-594.0043372394539,True
T06,target,regular-sensitivity,20,0.01,extended-local,mixed,neutral,uniform_mix,"[0.2,0.3,0.5]",0.2,1.6094379124341003,29.629629629629623,0.0024186945848067576,0.0029629629629629624,-0.0005442683781562048,24.186945848067573,-5.442683781562048,-0.18369057762771915,-544.2683781562047,True
T06,target,regular-sensitivity,20,0.03,stress,mixed,neutral,uniform_mix,"[0.2,0.3,0.5]",0.2,1.6094379124341003,29.629629629629623,0.014910975705810972,0.026666666666666658,-0.011755690960855686,16.567750784234413,-13.061878845395206,-0.4408384110320884,-435.39596151317363,True
T06,target,regular-sensitivity,20,0.1,stress,mixed,neutral,uniform_mix,"[0.2,0.3,0.5]",0.2,1.6094379124341003,29.629629629629623,0.05434611827677198,0.2962962962962963,-0.2419501780195243,5.434611827677196,-24.195017801952424,-0.8165818508158945,-241.95017801952423,True
T06,target,regular-sensitivity,50,0.0001,confirmatory,mixed,neutral,uniform_mix,"[0.2,0.3,0.5]",0.2,1.6094379124341003,185.18518518518516,1.841954651141055e-06,1.8518518518518517e-06,-9.897200710796707e-09,184.1954651141055,-0.9897200710796707,-0.0053444883838302225,-9897.200710796706,True
T06,target,regular-sensitivity,50,0.0003,confirmatory,mixed,neutral,uniform_mix,"[0.2,0.3,0.5]",0.2,1.6094379124341003,185.18518518518516,1.6401272871958625e-05,1.666666666666666e-05,-2.6539379470803587e-07,182.23636524398475,-2.948819941200399,-0.015923627682482157,-9829.39980400133,True
T06,target,regular-sensitivity,50,0.001,confirmatory,mixed,neutral,uniform_mix,"[0.2,0.3,0.5]",0.2,1.6094379124341003,185.18518518518516,0.00017558674316208236,0.00018518518518518515,-9.598442023102784e-06,175.58674316208237,-9.598442023102784,-0.05183158692475504,-9598.442023102783,True
T06,target,regular-sensitivity,50,0.003,extended-local,mixed,neutral,uniform_mix,"[0.2,0.3,0.5]",0.2,1.6094379124341003,185.18518518518516,0.0014239804348328902,0.0016666666666666666,-0.00024268623183377634,158.22004831476556,-26.96513687041959,-0.1456117391002658,-8988.378956806531,True
T06,target,regular-sensitivity,50,0.01,extended-local,mixed,neutral,uniform_mix,"[0.2,0.3,0.5]",0.2,1.6094379124341003,185.18518518518516,0.011217418393475134,0.018518518518518517,-0.007301100125043383,112.17418393475134,-73.01100125043384,-0.3942594067523427,-7301.100125043382,True
T06,target,regular-sensitivity,50,0.03,stress,mixed,neutral,uniform_mix,"[0.2,0.3,0.5]",0.2,1.6094379124341003,185.18518518518516,0.043185227113451574,0.16666666666666663,-0.12348143955321506,47.98358568161286,-137.20159950357228,-0.7408886373192904,-4573.386650119077,True
T06,target,regular-sensitivity,50,0.1,stress,mixed,neutral,uniform_mix,"[0.2,0.3,0.5]",0.2,1.6094379124341003,185.18518518518516,0.06952479907317691,1.851851851851852,-1.7823270527786752,6.95247990731769,-178.2327052778675,-0.9624566085004845,-1782.3270527786747,True
T07,target,regular-sensitivity,1,0.0001,confirmatory,target_e,dominant_b,asymmetric_b,"[0.04689971371093986,0.8088393294407796,0.14426095684828052]",0.04689971371093986,3.059743707792887,0.7224484306246862,7.223271166631857e-09,7.224484306246863e-09,-1.2131396150059138e-12,0.7223271166631856,-0.00012131396150059138,-0.00016792058278221146,-1.2131396150059135,True
T07,target,regular-sensitivity,1,0.0003,confirmatory,target_e,dominant_b,asymmetric_b,"[0.04689971371093986,0.8088393294407796,0.14426095684828052]",0.04689971371093986,3.059743707792887,0.7224484306246862,6.498761978992799e-08,6.502035875622175e-08,-3.273896629375708e-11,0.7220846643325334,-0.00036376629215285655,-0.0005035186966055354,-1.2125543071761886,True
T07,target,regular-sensitivity,1,0.001,confirmatory,target_e,dominant_b,asymmetric_b,"[0.04689971371093986,0.8088393294407796,0.14426095684828052]",0.04689971371093986,3.059743707792887,0.7224484306246862,7.212381605865927e-07,7.224484306246861e-07,-1.210270038093476e-09,0.7212381605865927,-0.0012102700380934761,-0.0016752338115635197,-1.2102700380934759,True
T07,target,regular-sensitivity,1,0.003,extended-local,target_e,dominant_b,asymmetric_b,"[0.04689971371093986,0.8088393294407796,0.14426095684828052]",0.04689971371093986,3.059743707792887,0.7224484306246862,6.4695333648241105e-06,6.502035875622176e-06,-3.250251079806524e-08,0.7188370405360123,-0.0036113900886739153,-0.00499882058786012,-1.2037966962246385,True
T07,target,regular-sensitivity,1,0.01,extended-local,target_e,dominant_b,asymmetric_b,"[0.04689971371093986,0.8088393294407796,0.14426095684828052]",0.04689971371093986,3.059743707792887,0.7224484306246862,7.106306874747782e-05,7.224484306246863e-05,-1.1817743149908024e-06,0.7106306874747782,-0.011817743149908024,-0.016357905490485273,-1.1817743149908022,True
T07,target,regular-sensitivity,1,0.03,stress,target_e,dominant_b,asymmetric_b,"[0.04689971371093986,0.8088393294407796,0.14426095684828052]",0.04689971371093986,3.059743707792887,0.7224484306246862,0.0006198613456313681,0.0006502035875622175,-3.034224193084942e-05,0.6887348284792979,-0.033713602145388245,-0.046665755943627416,-1.1237867381796083,True
T07,target,regular-sensitivity,1,0.1,stress,target_e,dominant_b,asymmetric_b,"[0.04689971371093986,0.8088393294407796,0.14426095684828052]",0.04689971371093986,3.059743707792887,0.7224484306246862,0.006260506103125464,0.007224484306246864,-0.0009639782031213998,0.6260506103125463,-0.09639782031213996,-0.13343211255755205,-0.9639782031213996,True
T07,target,regular-sensitivity,5,0.0001,confirmatory,target_e,dominant_b,asymmetric_b,"[0.036128070840845565,0.8410565264023759,0.1228154027567786]",0.036128070840845565,3.32068513018738,18.921853317830887,1.8900489497302188e-07,1.8921853317830887e-07,-2.1363820528699927e-10,18.900489497302186,-0.021363820528699926,-0.0011290553927171536,-213.63820528699924,True
T07,target,regular-sensitivity,5,0.0003,confirmatory,target_e,dominant_b,asymmetric_b,"[0.036128070840845565,0.8410565264023759,0.1228154027567786]",0.036128070840845565,3.32068513018738,18.921853317830887,1.6972166245778346e-06,1.7029667986047795e-06,-5.750174026944864e-09,18.857962495309277,-0.0638908225216096,-0.003376562615111412,-212.96940840536536,True
T07,target,regular-sensitivity,5,0.001,confirmatory,target_e,dominant_b,asymmetric_b,"[0.036128070840845565,0.8410565264023759,0.1228154027567786]",0.036128070840845565,3.32068513018738,18.921853317830887,1.87111849864741e-05,1.8921853317830886e-05,-2.1066833135678547e-07,18.711184986474102,-0.21066833135678548,-0.01113359922086826,-210.66833135678547,True
T07,target,regular-sensitivity,5,0.003,extended-local,target_e,dominant_b,asymmetric_b,"[0.036128070840845565,0.8410565264023759,0.1228154027567786]",0.036128070840845565,3.32068513018738,18.921853317830887,0.00016477753178860822,0.00017029667986047798,-5.51914807186976e-06,18.30861464317869,-0.6132386746521956,-0.032409017465234974,-204.41289155073187,True
T07,target,regular-sensitivity,5,0.01,extended-local,target_e,dominant_b,asymmetric_b,"[0.036128070840845565,0.8410565264023759,0.1228154027567786]",0.036128070840845565,3.32068513018738,18.921853317830887,0.0017065697980900192,0.0018921853317830889,-0.00018561553369306964,17.06569798090019,-1.8561553369306962,-0.09809585275568965,-185.6155336930696,True
T07,target,regular-sensitivity,5,0.03,stress,target_e,dominant_b,asymmetric_b,"[0.036128070840845565,0.8410565264023759,0.1228154027567786]",0.036128070840845565,3.32068513018738,18.921853317830887,0.013013640048070443,0.017029667986047797,-0.004016027937977354,14.459600053411604,-4.4622532644192825,-0.23582538081585838,-148.74177548064276,True
T07,target,regular-sensitivity,5,0.1,stress,target_e,dominant_b,asymmetric_b,"[0.036128070840845565,0.8410565264023759,0.1228154027567786]",0.036128070840845565,3.32068513018738,18.921853317830887,0.09784808095614407,0.18921853317830892,-0.09137045222216485,9.784808095614405,-9.137045222216482,-0.48288320751362374,-91.37045222216483,True
T07,target,regular-sensitivity,20,0.0001,confirmatory,target_e,dominant_b,asymmetric_b,"[0.012877771198871672,0.9234266629167607,0.06369556588436769]",0.012877771198871672,4.352252616845559,383.5758063418742,3.8050703756639637e-06,3.835758063418742e-06,-3.0687687754778664e-08,380.5070375663964,-3.0687687754778663,-0.008000423188168255,-30687.687754778657,True
T07,target,regular-sensitivity,20,0.0003,confirmatory,target_e,dominant_b,asymmetric_b,"[0.012877771198871672,0.9234266629167607,0.06369556588436769]",0.012877771198871672,4.352252616845559,383.5758063418742,3.371223176499826e-05,3.452182257076868e-05,-8.095908057704208e-07,374.58035294442516,-8.995453397449122,-0.023451566153866427,-29984.84465816374,True
T07,target,regular-sensitivity,20,0.001,confirmatory,target_e,dominant_b,asymmetric_b,"[0.012877771198871672,0.9234266629167607,0.06369556588436769]",0.012877771198871672,4.352252616845559,383.5758063418742,0.00035577616281031615,0.0003835758063418742,-2.7799643531558076e-05,355.7761628103162,-27.799643531558075,-0.07247496602218116,-27799.643531558075,True
T07,target,regular-sensitivity,20,0.003,extended-local,target_e,dominant_b,asymmetric_b,"[0.012877771198871672,0.9234266629167607,0.06369556588436769]",0.012877771198871672,4.352252616845559,383.5758063418742,0.0028260477600981233,0.0034521822570768683,-0.000626134496978745,314.00530667756925,-69.570499664305,-0.18137353428985054,-23190.166554768333,True
T07,target,regular-sensitivity,20,0.01,extended-local,target_e,dominant_b,asymmetric_b,"[0.012877771198871672,0.9234266629167607,0.06369556588436769]",0.012877771198871672,4.352252616845559,383.5758063418742,0.023208612246577137,0.03835758063418743,-0.01514896838761029,232.08612246577135,-151.4896838761029,-0.39494066458686616,-15148.968387610288,True
T07,target,regular-sensitivity,20,0.03,stress,target_e,dominant_b,asymmetric_b,"[0.012877771198871672,0.9234266629167607,0.06369556588436769]",0.012877771198871672,4.352252616845559,383.5758063418742,0.12890583979906484,0.3452182257076868,-0.21631238590862195,143.22871088784981,-240.34709545402438,-0.6265960769168203,-8011.569848467481,True
T07,target,regular-sensitivity,20,0.1,stress,target_e,dominant_b,asymmetric_b,"[0.012877771198871672,0.9234266629167607,0.06369556588436769]",0.012877771198871672,4.352252616845559,383.5758063418742,0.6361208843177328,3.835758063418743,-3.19963717910101,63.61208843177327,-319.96371791010097,-0.8341603214278928,-3199.637179101009,True
T07,target,regular-sensitivity,50,0.0001,confirmatory,target_e,dominant_b,asymmetric_b,"[0.0014454870531591516,0.9834187762785519,0.015135736668288977]",0.0014454870531591516,6.539308953200249,5760.506936194262,5.2949510095949635e-05,5.7605069361942623e-05,-4.6555592659929885e-06,5294.951009594964,-465.55592659929886,-0.08081856887874404,-4655559.265992988,True
T07,target,regular-sensitivity,50,0.0003,confirmatory,target_e,dominant_b,asymmetric_b,"[0.0014454870531591516,0.9834187762785519,0.015135736668288977]",0.0014454870531591516,6.539308953200249,5760.506936194262,0.00041596188544570077,0.0005184456242574836,-0.0001024837388117828,4621.798727174454,-1138.7082090198091,-0.19767500007075908,-3795694.0300660306,True
T07,target,regular-sensitivity,50,0.001,confirmatory,target_e,dominant_b,asymmetric_b,"[0.0014454870531591516,0.9834187762785519,0.015135736668288977]",0.0014454870531591516,6.539308953200249,5760.506936194262,0.003374888835402811,0.005760506936194262,-0.002385618100791451,3374.8888354028113,-2385.618100791451,-0.41413336138911655,-2385618.100791451,True
T07,target,regular-sensitivity,50,0.003,extended-local,target_e,dominant_b,asymmetric_b,"[0.0014454870531591516,0.9834187762785519,0.015135736668288977]",0.0014454870531591516,6.539308953200249,5760.506936194262,0.01901694853660337,0.051844562425748364,-0.03282761388914499,2112.994281844819,-3647.5126543494434,-0.6331929975522622,-1215837.5514498146,True
T07,target,regular-sensitivity,50,0.01,extended-local,target_e,dominant_b,asymmetric_b,"[0.0014454870531591516,0.9834187762785519,0.015135736668288977]",0.0014454870531591516,6.539308953200249,5760.506936194262,0.10624344861936309,0.5760506936194263,-0.4698072450000632,1062.4344861936308,-4698.072450000632,-0.8155658003780586,-469807.24500006315,True
T07,target,regular-sensitivity,50,0.03,stress,target_e,dominant_b,asymmetric_b,"[0.0014454870531591516,0.9834187762785519,0.015135736668288977]",0.0014454870531591516,6.539308953200249,5760.506936194262,0.4440569532672627,5.184456242574836,-4.7403992893075735,493.396614741403,-5267.110321452859,-0.9143484036723737,-175570.34404842867,True
T07,target,regular-sensitivity,50,0.1,stress,target_e,dominant_b,asymmetric_b,"[0.0014454870531591516,0.9834187762785519,0.015135736668288977]",0.0014454870531591516,6.539308953200249,5760.506936194262,1.6841484278744518,57.60506936194263,-55.92092093406818,168.41484278744514,-5592.092093406816,-0.9707638850794076,-55920.92093406816,True
T08,target,regular-sensitivity,1,0.0001,confirmatory,target_f,weak,uniform_off_diagonal,"[0.1510904165069194,0.25056141651800806,0.5983481669750724]",0.1510904165069194,1.8898768365532723,0.4101073360447933,4.100948345116945e-09,4.101073360447933e-09,-1.2501533098794867e-13,0.4100948345116945,-1.2501533098794868e-05,-3.0483563691797523e-05,-0.12501533098794865,True
T08,target,regular-sensitivity,1,0.0003,confirmatory,target_f,weak,uniform_off_diagonal,"[0.1510904165069194,0.25056141651800806,0.5983481669750724]",0.1510904165069194,1.8898768365532723,0.4101073360447933,3.690628692874765e-08,3.690966024403139e-08,-3.3733152837417082e-12,0.4100698547638628,-3.748128093046343e-05,-9.139383189763179e-05,-0.12493760310154478,True
T08,target,regular-sensitivity,1,0.001,confirmatory,target_f,weak,uniform_off_diagonal,"[0.1510904165069194,0.25056141651800806,0.5983481669750724]",0.1510904165069194,1.8898768365532723,0.4101073360447933,4.099825017891165e-07,4.101073360447933e-07,-1.2483425567683175e-10,0.4099825017891165,-0.00012483425567683175,-0.00030439410540853367,-0.12483425567683175,True
T08,target,regular-sensitivity,1,0.003,extended-local,target_f,weak,uniform_off_diagonal,"[0.1510904165069194,0.25056141651800806,0.5983481669750724]",0.1510904165069194,1.8898768365532723,0.4101073360447933,3.6876033483010558e-06,3.69096602440314e-06,-3.3626761020843754e-09,0.40973370536678394,-0.00037363067800937506,-0.0009110558265374843,-0.12454355933645835,True
T08,target,regular-sensitivity,1,0.01,extended-local,target_f,weak,uniform_off_diagonal,"[0.1510904165069194,0.25056141651800806,0.5983481669750724]",0.1510904165069194,1.8898768365532723,0.4101073360447933,4.088719845836853e-05,4.101073360447934e-05,-1.2353514611080713e-07,0.4088719845836853,-0.0012353514611080712,-0.0030122637478817056,-0.12353514611080711,True
T08,target,regular-sensitivity,1,0.03,stress,target_f,weak,uniform_off_diagonal,"[0.1510904165069194,0.25056141651800806,0.5983481669750724]",0.1510904165069194,1.8898768365532723,0.4101073360447933,0.00036583696809106177,0.00036909660244031396,-3.259634349252194e-06,0.4064855201011798,-0.003621815943613549,-0.008831385408862722,-0.12072719812045164,True
T08,target,regular-sensitivity,1,0.1,stress,target_f,weak,uniform_off_diagonal,"[0.1510904165069194,0.25056141651800806,0.5983481669750724]",0.1510904165069194,1.8898768365532723,0.4101073360447933,0.003989411487068439,0.004101073360447934,-0.00011166187337949447,0.3989411487068439,-0.011166187337949445,-0.027227475240115765,-0.11166187337949444,True
T08,target,regular-sensitivity,5,0.0001,confirmatory,target_f,weak,uniform_off_diagonal,"[0.15551049370710043,0.25278487656159115,0.5917046297313083]",0.15551049370710043,1.861042065992819,10.002057901105365,9.994515419480465e-08,1.0002057901105365e-07,-7.542481624899907e-11,9.994515419480464,-0.007542481624899906,-0.000754092977612773,-75.42481624899905,True
T08,target,regular-sensitivity,5,0.0003,confirmatory,target_f,weak,uniform_off_diagonal,"[0.15551049370710043,0.25278487656159115,0.5917046297313083]",0.15551049370710043,1.861042065992819,10.002057901105365,8.981509086077033e-07,9.001852110994828e-07,-2.034302491779455e-09,9.979454540085595,-0.022603361019771725,-0.002259871042865463,-75.34453673257242,True
T08,target,regular-sensitivity,5,0.001,confirmatory,target_f,weak,uniform_off_diagonal,"[0.15551049370710043,0.25278487656159115,0.5917046297313083]",0.15551049370710043,1.861042065992819,10.002057901105365,9.926993332017714e-06,1.0002057901105365e-05,-7.506456908765101e-08,9.926993332017714,-0.07506456908765101,-0.007504912471997922,-75.06456908765101,True
T08,target,regular-sensitivity,5,0.003,extended-local,target_f,weak,uniform_off_diagonal,"[0.15551049370710043,0.25278487656159115,0.5917046297313083]",0.15551049370710043,1.861042065992819,10.002057901105365,8.801303795133789e-05,9.001852110994829e-05,-2.0054831586104022e-06,9.779226439037542,-0.22283146206782248,-0.022278561499148742,-74.27715402260749,True
T08,target,regular-sensitivity,5,0.01,extended-local,target_f,weak,uniform_off_diagonal,"[0.15551049370710043,0.25278487656159115,0.5917046297313083]",0.15551049370710043,1.861042065992819,10.002057901105365,0.0009285480443612902,0.0010002057901105366,-7.165774574924635e-05,9.2854804436129,-0.7165774574924635,-0.07164300232787812,-71.65774574924635,True
T08,target,regular-sensitivity,5,0.03,stress,target_f,weak,uniform_off_diagonal,"[0.15551049370710043,0.25278487656159115,0.5917046297313083]",0.15551049370710043,1.861042065992819,10.002057901105365,0.007242790606794655,0.009001852110994829,-0.001759061504200174,8.047545118660729,-1.9545127824446378,-0.1954110645798838,-65.15042608148794,True
T08,target,regular-sensitivity,5,0.1,stress,target_f,weak,uniform_off_diagonal,"[0.15551049370710043,0.25278487656159115,0.5917046297313083]",0.15551049370710043,1.861042065992819,10.002057901105365,0.050602304476351695,0.10002057901105367,-0.049418274534701975,5.060230447635169,-4.9418274534701965,-0.49408106834935006,-49.418274534701965,True
T08,target,regular-sensitivity,20,0.0001,confirmatory,target_f,weak,uniform_off_diagonal,"[0.17292106672119276,0.2607757525600465,0.5663031807187607]",0.17292106672119276,1.754920050330621,145.14485554446313,1.446378769586116e-06,1.4514485554446314e-06,-5.069785858515266e-09,144.6378769586116,-0.5069785858515266,-0.003492914605548804,-5069.785858515264,True
T08,target,regular-sensitivity,20,0.0003,confirmatory,target_f,weak,uniform_off_diagonal,"[0.17292106672119276,0.2607757525600465,0.5663031807187607]",0.17292106672119276,1.754920050330621,145.14485554446313,1.2926809282216237e-05,1.306303699900168e-05,-1.3622771678544245e-07,143.6312142468471,-1.5136412976160274,-0.010428487402726748,-5045.470992053425,True
T08,target,regular-sensitivity,20,0.001,confirmatory,target_f,weak,uniform_off_diagonal,"[0.17292106672119276,0.2607757525600465,0.5663031807187607]",0.17292106672119276,1.754920050330621,145.14485554446313,0.00014018271175798153,0.00014514485554446312,-4.962143786481593e-06,140.18271175798154,-4.962143786481593,-0.03418752781741898,-4962.1437864815925,True
T08,target,regular-sensitivity,20,0.003,extended-local,target_f,weak,uniform_off_diagonal,"[0.17292106672119276,0.2607757525600465,0.5663031807187607]",0.17292106672119276,1.754920050330621,145.14485554446313,0.001178372372545887,0.0013063036999001682,-0.00012793132735428123,130.93026361620966,-14.21459192825347,-0.09793383220460766,-4738.197309417824,True
T08,target,regular-sensitivity,20,0.01,extended-local,target_f,weak,uniform_off_diagonal,"[0.17292106672119276,0.2607757525600465,0.5663031807187607]",0.17292106672119276,1.754920050330621,145.14485554446313,0.01042804028607483,0.014514485554446314,-0.004086445268371484,104.2804028607483,-40.86445268371484,-0.2815425495476591,-4086.4452683714835,True
T08,target,regular-sensitivity,20,0.03,stress,target_f,weak,uniform_off_diagonal,"[0.17292106672119276,0.2607757525600465,0.5663031807187607]",0.17292106672119276,1.754920050330621,145.14485554446313,0.05246879704385676,0.13063036999001681,-0.07816157294616005,58.29866338206307,-86.84619216240006,-0.5983415108763254,-2894.873072080002,True
T08,target,regular-sensitivity,20,0.1,stress,target_f,weak,uniform_off_diagonal,"[0.17292106672119276,0.2607757525600465,0.5663031807187607]",0.17292106672119276,1.754920050330621,145.14485554446313,0.12391087355697347,1.4514485554446315,-1.327537681887658,12.391087355697344,-132.75376818876578,-0.914629510572619,-1327.5376818876578,True
T08,target,regular-sensitivity,50,0.0001,confirmatory,target_f,weak,uniform_off_diagonal,"[0.21167945885004208,0.2747602138542399,0.513560327295718]",0.21167945885004208,1.5526821350716973,726.7405847751586,7.200584749227513e-06,7.267405847751586e-06,-6.682109852407286e-08,720.0584749227513,-6.682109852407286,-0.009194628719510167,-66821.09852407285,True
T08,target,regular-sensitivity,50,0.0003,confirmatory,target_f,weak,uniform_off_diagonal,"[0.21167945885004208,0.2747602138542399,0.513560327295718]",0.21167945885004208,1.5526821350716973,726.7405847751586,6.362399946961694e-05,6.540665262976427e-05,-1.7826531601473238e-06,706.9333274401884,-19.807257334970267,-0.02725492115057576,-66024.19111656757,True
T08,target,regular-sensitivity,50,0.001,confirmatory,target_f,weak,uniform_off_diagonal,"[0.21167945885004208,0.2747602138542399,0.513560327295718]",0.21167945885004208,1.5526821350716973,726.7405847751586,0.0006633746066349415,0.0007267405847751586,-6.336597814021706e-05,663.3746066349415,-63.36597814021706,-0.0871920179878511,-63365.978140217056,True
T08,target,regular-sensitivity,50,0.003,extended-local,target_f,weak,uniform_off_diagonal,"[0.21167945885004208,0.2747602138542399,0.513560327295718]",0.21167945885004208,1.5526821350716973,726.7405847751586,0.005008842467526281,0.006540665262976427,-0.0015318227954501462,556.5380519473646,-170.20253282779402,-0.23419984571310526,-56734.177609264676,True
T08,target,regular-sensitivity,50,0.01,extended-local,target_f,weak,uniform_off_diagonal,"[0.21167945885004208,0.2747602138542399,0.513560327295718]",0.21167945885004208,1.5526821350716973,726.7405847751586,0.031798111461293174,0.07267405847751586,-0.040875947016222686,317.9811146129317,-408.7594701622268,-0.5624558181083147,-40875.94701622268,True
T08,target,regular-sensitivity,50,0.03,stress,target_f,weak,uniform_off_diagonal,"[0.21167945885004208,0.2747602138542399,0.513560327295718]",0.21167945885004208,1.5526821350716973,726.7405847751586,0.0793230538451912,0.6540665262976427,-0.5747434724524515,88.13672649465688,-638.6038582805016,-0.8787232633747503,-21286.795276016725,True
T08,target,regular-sensitivity,50,0.1,stress,target_f,weak,uniform_off_diagonal,"[0.21167945885004208,0.2747602138542399,0.513560327295718]",0.21167945885004208,1.5526821350716973,726.7405847751586,0.08023059194917687,7.267405847751587,-7.18717525580241,8.023059194917685,-718.7175255802409,-0.9889602158418056,-7187.175255802408,True
T09,target,regular-sensitivity,1,0.0001,confirmatory,target_g,dominant_c,forward_cycle,"[0.4367206566777759,0.04673854429060058,0.5165407990316236]",0.04673854429060058,3.063186095187403,0.11549551571232072,1.1548855334103355e-09,1.1549551571232073e-09,-6.962371287187906e-14,0.11548855334103354,-6.962371287187906e-06,-6.0282611357223285e-05,-0.06962371287187905,True
T09,target,regular-sensitivity,1,0.0003,confirmatory,target_g,dominant_c,forward_cycle,"[0.4367206566777759,0.04673854429060058,0.5165407990316236]",0.04673854429060058,3.063186095187403,0.11549551571232072,1.0392715176948443e-08,1.0394596414108864e-08,-1.8812371604214508e-12,0.11547461307720494,-2.09026351157939e-05,-0.00018098222244280666,-0.06967545038597968,True
T09,target,regular-sensitivity,1,0.001,confirmatory,target_g,dominant_c,forward_cycle,"[0.4367206566777759,0.04673854429060058,0.5165407990316236]",0.04673854429060058,3.063186095187403,0.11549551571232072,1.15425889199173e-07,1.1549551571232071e-07,-6.962651314770664e-11,0.11542588919917302,-6.962651314770665e-05,-0.0006028503593259343,-0.06962651314770663,True
T09,target,regular-sensitivity,1,0.003,extended-local,target_g,dominant_c,forward_cycle,"[0.4367206566777759,0.04673854429060058,0.5165407990316236]",0.04673854429060058,3.063186095187403,0.11549551571232072,1.037583694565294e-06,1.0394596414108866e-06,-1.8759468455924874e-09,0.11528707717392156,-0.00020843853839916526,-0.0018047327388740308,-0.06947951279972175,True
T09,target,regular-sensitivity,1,0.01,extended-local,target_g,dominant_c,forward_cycle,"[0.4367206566777759,0.04673854429060058,0.5165407990316236]",0.04673854429060058,3.063186095187403,0.11549551571232072,1.148058080117204e-05,1.1549551571232074e-05,-6.897077006003277e-08,0.1148058080117204,-0.0006897077006003277,-0.005971727095606636,-0.06897077006003276,True
T09,target,regular-sensitivity,1,0.03,stress,target_g,dominant_c,forward_cycle,"[0.4367206566777759,0.04673854429060058,0.5165407990316236]",0.04673854429060058,3.063186095187403,0.11549551571232072,0.00010212173067817697,0.00010394596414108864,-1.82423346291167e-06,0.11346858964241886,-0.0020269260699018556,-0.017549824834330163,-0.06756420233006186,True
T09,target,regular-sensitivity,1,0.1,stress,target_g,dominant_c,forward_cycle,"[0.4367206566777759,0.04673854429060058,0.5165407990316236]",0.04673854429060058,3.063186095187403,0.11549551571232072,0.0010918298836749794,0.0011549551571232075,-6.312527344822807e-05,0.10918298836749792,-0.006312527344822806,-0.054656038426168986,-0.06312527344822805,True
T09,target,regular-sensitivity,5,0.0001,confirmatory,target_g,dominant_c,forward_cycle,"[0.3830209611643191,0.03528172551985163,0.5816973133158293]",0.03528172551985163,3.3443901397467206,2.694478764927773,2.693432858072041e-08,2.694478764927773e-08,-1.0459068557320266e-11,2.693432858072041,-0.0010459068557320266,-0.0003881666722877524,-10.459068557320265,True
T09,target,regular-sensitivity,5,0.0003,confirmatory,target_g,dominant_c,forward_cycle,"[0.3830209611643191,0.03528172551985163,0.5816973133158293]",0.03528172551985163,3.3443901397467206,2.694478764927773,2.42221000361744e-07,2.4250308884349954e-07,-2.820884817555511e-10,2.6913444484638225,-0.0031343164639505683,-0.0011632366544312275,-10.447721546501896,True
T09,target,regular-sensitivity,5,0.001,confirmatory,target_g,dominant_c,forward_cycle,"[0.3830209611643191,0.03528172551985163,0.5816973133158293]",0.03528172551985163,3.3443901397467206,2.694478764927773,2.684070134817201e-06,2.694478764927773e-06,-1.0408630110571792e-08,2.684070134817201,-0.010408630110571793,-0.0038629475377776087,-10.408630110571792,True
T09,target,regular-sensitivity,5,0.003,extended-local,target_g,dominant_c,forward_cycle,"[0.3830209611643191,0.03528172551985163,0.5816973133158293]",0.03528172551985163,3.3443901397467206,2.694478764927773,2.3972235919005177e-05,2.4250308884349955e-05,-2.78072965344778e-07,2.663581768778353,-0.030896996149419778,-0.011466780347867389,-10.298998716473259,True
T09,target,regular-sensitivity,5,0.01,extended-local,target_g,dominant_c,forward_cycle,"[0.3830209611643191,0.03528172551985163,0.5816973133158293]",0.03528172551985163,3.3443901397467206,2.694478764927773,0.0002595104432412945,0.0002694478764927773,-9.937433251482823e-06,2.5951044324129446,-0.09937433251482822,-0.03688072580430672,-9.93743325148282,True
T09,target,regular-sensitivity,5,0.03,stress,target_g,dominant_c,forward_cycle,"[0.3830209611643191,0.03528172551985163,0.5816973133158293]",0.03528172551985163,3.3443901397467206,2.694478764927773,0.0021804065937692414,0.0024250308884349956,-0.0002446242946657542,2.422673993076935,-0.271804771850838,-0.1008747129087595,-9.0601590616946,True
T09,target,regular-sensitivity,5,0.1,stress,target_g,dominant_c,forward_cycle,"[0.3830209611643191,0.03528172551985163,0.5816973133158293]",0.03528172551985163,3.3443901397467206,2.694478764927773,0.019882706606487,0.026944787649277734,-0.007062081042790734,1.9882706606486995,-0.7062081042790733,-0.262094514705891,-7.062081042790733,True
T09,target,regular-sensitivity,20,0.0001,confirmatory,target_g,dominant_c,forward_cycle,"[0.20281326275634193,0.01064468908648563,0.7865420481571724]",0.01064468908648563,4.542694188532885,32.919778182711475,3.2872824693984414e-07,3.2919778182711476e-07,-4.695348872706193e-10,32.87282469398441,-0.04695348872706193,-0.00142630027658329,-469.53488727061927,True
T09,target,regular-sensitivity,20,0.0003,confirmatory,target_g,dominant_c,forward_cycle,"[0.20281326275634193,0.01064468908648563,0.7865420481571724]",0.01064468908648563,4.542694188532885,32.919778182711475,2.9501707385558252e-06,2.9627800364440323e-06,-1.2609297888207056e-08,32.779674872842506,-0.14010330986896732,-0.004255900786796479,-467.0110328965577,True
T09,target,regular-sensitivity,20,0.001,confirmatory,target_g,dominant_c,forward_cycle,"[0.20281326275634193,0.01064468908648563,0.7865420481571724]",0.01064468908648563,4.542694188532885,32.919778182711475,3.2461315625541016e-05,3.2919778182711474e-05,-4.5846255717045813e-07,32.46131562554102,-0.45846255717045814,-0.013926659974010078,-458.4625571704581,True
T09,target,regular-sensitivity,20,0.003,extended-local,target_g,dominant_c,forward_cycle,"[0.20281326275634193,0.01064468908648563,0.7865420481571724]",0.01064468908648563,4.542694188532885,32.919778182711475,0.00028450009932351646,0.00029627800364440327,-1.1777904320886816e-05,31.611122147057383,-1.3086560356540906,-0.03975288133446049,-436.21867855136355,True
T09,target,regular-sensitivity,20,0.01,extended-local,target_g,dominant_c,forward_cycle,"[0.20281326275634193,0.01064468908648563,0.7865420481571724]",0.01064468908648563,4.542694188532885,32.919778182711475,0.002915296385376912,0.0032919778182711476,-0.00037668143289423545,29.15296385376912,-3.7668143289423544,-0.11442404951928192,-376.6814328942354,True
T09,target,regular-sensitivity,20,0.03,stress,target_g,dominant_c,forward_cycle,"[0.20281326275634193,0.01064468908648563,0.7865420481571724]",0.01064468908648563,4.542694188532885,32.919778182711475,0.022009481370004996,0.029627800364440328,-0.007618318994435332,24.45497930000555,-8.464798882705924,-0.25713414093268083,-282.15996275686416,True
T09,target,regular-sensitivity,20,0.1,stress,target_g,dominant_c,forward_cycle,"[0.20281326275634193,0.01064468908648563,0.7865420481571724]",0.01064468908648563,4.542694188532885,32.919778182711475,0.16107309965247826,0.32919778182711484,-0.16812468217463658,16.107309965247822,-16.812468217463653,-0.5107102521818656,-168.12468217463655,True
T09,target,regular-sensitivity,50,0.0001,confirmatory,target_g,dominant_c,forward_cycle,"[0.03801441327342834,0.000647744343019554,0.9613378423835521]",0.000647744343019554,7.342014471837606,217.11422505003983,2.162919747671142e-06,2.1711422505003983e-06,-8.222502829256135e-09,216.2919747671142,-0.8222502829256134,-0.0037871783055030304,-8222.502829256133,True
T09,target,regular-sensitivity,50,0.0003,confirmatory,target_g,dominant_c,forward_cycle,"[0.03801441327342834,0.000647744343019554,0.9613378423835521]",0.000647744343019554,7.342014471837606,217.11422505003983,1.9321369361958865e-05,1.9540280254503584e-05,-2.1891089254471826e-07,214.681881799543,-2.43234325049687,-0.011203057975295127,-8107.8108349895665,True
T09,target,regular-sensitivity,50,0.001,confirmatory,target_g,dominant_c,forward_cycle,"[0.03801441327342834,0.000647744343019554,0.9613378423835521]",0.000647744343019554,7.342014471837606,217.11422505003983,0.00020937184718408577,0.00021711422505003982,-7.742377865954057e-06,209.37184718408577,-7.742377865954057,-0.035660389659726885,-7742.377865954056,True
T09,target,regular-sensitivity,50,0.003,extended-local,target_g,dominant_c,forward_cycle,"[0.03801441327342834,0.000647744343019554,0.9613378423835521]",0.000647744343019554,7.342014471837606,217.11422505003983,0.0017672864701078518,0.0019540280254503584,-0.0001867415553425066,196.36516334531686,-20.749061704722955,-0.09556749079863733,-6916.353901574319,True
T09,target,regular-sensitivity,50,0.01,extended-local,target_g,dominant_c,forward_cycle,"[0.03801441327342834,0.000647744343019554,0.9613378423835521]",0.000647744343019554,7.342014471837606,217.11422505003983,0.016500768624548655,0.021711422505003984,-0.005210653880455329,165.00768624548655,-52.10653880455329,-0.23999596890781308,-5210.653880455328,True
T09,target,regular-sensitivity,50,0.03,stress,target_g,dominant_c,forward_cycle,"[0.03801441327342834,0.000647744343019554,0.9613378423835521]",0.000647744343019554,7.342014471837606,217.11422505003983,0.10771717700052705,0.19540280254503584,-0.08768562554450879,119.68575222280784,-97.42847282723199,-0.44874292693063744,-3247.6157609077336,True
T09,target,regular-sensitivity,50,0.1,stress,target_g,dominant_c,forward_cycle,"[0.03801441327342834,0.000647744343019554,0.9613378423835521]",0.000647744343019554,7.342014471837606,217.11422505003983,0.631946681362733,2.1711422505003988,-1.5391955691376658,63.19466813627329,-153.91955691376654,-0.7089335435220406,-1539.1955691376654,True
T10,target,regular-sensitivity,1,0.0001,confirmatory,target_h,tie_bc,asymmetric_a,"[0.11635287901180935,0.6828182298545109,0.2008288911336797]",0.11635287901180935,2.1511276451325023,0.08187717165733917,8.187620333291972e-10,8.187717165733917e-10,-9.683244194508675e-15,0.08187620333291971,-9.683244194508675e-07,-1.1826549450234588e-05,-0.009683244194508674,True
T10,target,regular-sensitivity,1,0.0003,confirmatory,target_h,tie_bc,asymmetric_a,"[0.11635287901180935,0.6828182298545109,0.2008288911336797]",0.11635287901180935,2.1511276451325023,0.08187717165733917,7.368685446357498e-09,7.368945449160524e-09,-2.600028030257452e-13,0.08187428273730554,-2.8889200336193917e-06,-3.5283583630730354e-05,-0.009629733445397972,True
T10,target,regular-sensitivity,1,0.001,confirmatory,target_h,tie_bc,asymmetric_a,"[0.11635287901180935,0.6828182298545109,0.2008288911336797]",0.11635287901180935,2.1511276451325023,0.08187717165733917,8.186754401392354e-08,8.187717165733916e-08,-9.627643415618514e-12,0.08186754401392354,-9.627643415618515e-06,-0.0001175864190315559,-0.009627643415618514,True
T10,target,regular-sensitivity,1,0.003,extended-local,target_h,tie_bc,asymmetric_a,"[0.11635287901180935,0.6828182298545109,0.2008288911336797]",0.11635287901180935,2.1511276451325023,0.08187717165733917,7.36634823299818e-07,7.368945449160526e-07,-2.5972161623459836e-10,0.08184831369997977,-2.8857957359399816e-05,-0.0003524542528187476,-0.009619319119799939,True
T10,target,regular-sensitivity,1,0.01,extended-local,target_h,tie_bc,asymmetric_a,"[0.11635287901180935,0.6828182298545109,0.2008288911336797]",0.11635287901180935,2.1511276451325023,0.08187717165733917,8.178126845890307e-06,8.187717165733917e-06,-9.590319843610101e-09,0.08178126845890306,-9.590319843610101e-05,-0.0011713057070102714,-0.0095903198436101,True
T10,target,regular-sensitivity,1,0.03,stress,target_h,tie_bc,asymmetric_a,"[0.11635287901180935,0.6828182298545109,0.2008288911336797]",0.11635287901180935,2.1511276451325023,0.08187717165733917,7.343273198457279e-05,7.368945449160524e-05,-2.567225070324524e-07,0.0815919244273031,-0.0002852472300360582,-0.003483843228364493,-0.009508241001201942,True
T10,target,regular-sensitivity,1,0.1,stress,target_h,tie_bc,asymmetric_a,"[0.11635287901180935,0.6828182298545109,0.2008288911336797]",0.11635287901180935,2.1511276451325023,0.08187717165733917,0.0008095420759330254,0.0008187717165733918,-9.229640640366415e-06,0.08095420759330252,-0.0009229640640366413,-0.011272544536580976,-0.009229640640366413,True
T10,target,regular-sensitivity,5,0.0001,confirmatory,target_h,tie_bc,asymmetric_a,"[0.10271363688508423,0.6933576442251621,0.2039287188897536]",0.10271363688508423,2.275810387171418,2.1030564697619236,2.102467579986097e-08,2.1030564697619235e-08,-5.8888977582639515e-12,2.1024675799860972,-0.0005888897758263951,-0.00028001614996722387,-5.88889775826395,True
T10,target,regular-sensitivity,5,0.0003,confirmatory,target_h,tie_bc,asymmetric_a,"[0.10271363688508423,0.6933576442251621,0.2039287188897536]",0.10271363688508423,2.275810387171418,2.1030564697619236,1.8911615676120582e-07,1.892750822785731e-07,-1.589255173672883e-10,2.101290630680065,-0.0017658390818587593,-0.000839653669432215,-5.886130272862531,True
T10,target,regular-sensitivity,5,0.001,confirmatory,target_h,tie_bc,asymmetric_a,"[0.10271363688508423,0.6933576442251621,0.2039287188897536]",0.10271363688508423,2.275810387171418,2.1030564697619236,2.0971797702135303e-06,2.1030564697619237e-06,-5.8766995483933634e-09,2.0971797702135304,-0.005876699548393364,-0.002794361270317499,-5.876699548393363,True
T10,target,regular-sensitivity,5,0.003,extended-local,target_h,tie_bc,asymmetric_a,"[0.10271363688508423,0.6933576442251621,0.2039287188897536]",0.10271363688508423,2.275810387171418,2.1030564697619236,1.8769560119999938e-05,1.8927508227857314e-05,-1.5794810785737598e-07,2.0855066799999933,-0.017549789761930664,-0.008344897064945378,-5.849929920643555,True
T10,target,regular-sensitivity,5,0.01,extended-local,target_h,tie_bc,asymmetric_a,"[0.10271363688508423,0.6933576442251621,0.2039287188897536]",0.10271363688508423,2.275810387171418,2.1030564697619236,0.00020454726211499054,0.00021030564697619236,-5.7583848612018215e-06,2.0454726211499055,-0.057583848612018214,-0.02738102825100887,-5.7583848612018205,True
T10,target,regular-sensitivity,5,0.03,stress,target_h,tie_bc,asymmetric_a,"[0.10271363688508423,0.6933576442251621,0.2039287188897536]",0.10271363688508423,2.275810387171418,2.1030564697619236,0.0017438783581823422,0.0018927508227857312,-0.00014887246460338894,1.9376426202026025,-0.16541384955932106,-0.07865402186658674,-5.513794985310702,True
T10,target,regular-sensitivity,5,0.1,stress,target_h,tie_bc,asymmetric_a,"[0.10271363688508423,0.6933576442251621,0.2039287188897536]",0.10271363688508423,2.275810387171418,2.1030564697619236,0.01621808976080351,0.021030564697619242,-0.004812474936815733,1.6218089760803505,-0.4812474936815732,-0.2288324163430822,-4.8124749368157325,True
T10,target,regular-sensitivity,20,0.0001,confirmatory,target_h,tie_bc,asymmetric_a,"[0.06342151519134591,0.7237197382612327,0.2128587465474214]",0.06342151519134591,2.7579521187769154,36.84203964743577,3.6797314763423097e-07,3.684203964743577e-07,-4.4724884012672064e-10,36.797314763423095,-0.044724884012672064,-0.0012139632995532305,-447.24884012672055,True
T10,target,regular-sensitivity,20,0.0003,confirmatory,target_h,tie_bc,asymmetric_a,"[0.06342151519134591,0.7237197382612327,0.2128587465474214]",0.06342151519134591,2.7579521187769154,36.84203964743577,3.3037323295199072e-06,3.3157835682692186e-06,-1.2051238749311388e-08,36.708136994665644,-0.13390265277012656,-0.003634507048239558,-446.34217590042186,True
T10,target,regular-sensitivity,20,0.001,confirmatory,target_h,tie_bc,asymmetric_a,"[0.06342151519134591,0.7237197382612327,0.2128587465474214]",0.06342151519134591,2.7579521187769154,36.84203964743577,3.6398839205112506e-05,3.684203964743577e-05,-4.4320044232326416e-07,36.39883920511251,-0.44320044232326417,-0.012029747716590149,-443.20044232326416,True
T10,target,regular-sensitivity,20,0.003,extended-local,target_h,tie_bc,asymmetric_a,"[0.06342151519134591,0.7237197382612327,0.2128587465474214]",0.06342151519134591,2.7579521187769154,36.84203964743577,0.00031984721696994706,0.0003315783568269219,-1.1731139856974865e-05,35.53857966332745,-1.3034599841083183,-0.03537969115124819,-434.48666136943945,True
T10,target,regular-sensitivity,20,0.01,extended-local,target_h,tie_bc,asymmetric_a,"[0.06342151519134591,0.7237197382612327,0.2128587465474214]",0.06342151519134591,2.7579521187769154,36.84203964743577,0.00327748135507145,0.003684203964743577,-0.000406722609672127,32.7748135507145,-4.06722609672127,-0.11039633352667409,-406.72260967212696,True
T10,target,regular-sensitivity,20,0.03,stress,target_h,tie_bc,asymmetric_a,"[0.06342151519134591,0.7237197382612327,0.2128587465474214]",0.06342151519134591,2.7579521187769154,36.84203964743577,0.02384898636329933,0.03315783568269219,-0.00930884931939286,26.498873736999258,-10.343165910436511,-0.28074357471564154,-344.77219701455044,True
T10,target,regular-sensitivity,20,0.1,stress,target_h,tie_bc,asymmetric_a,"[0.06342151519134591,0.7237197382612327,0.2128587465474214]",0.06342151519134591,2.7579521187769154,36.84203964743577,0.14292673080861856,0.36842039647435776,-0.2254936656657392,14.292673080861853,-22.549366566573916,-0.6120553254478506,-225.49366566573914,True
T10,target,regular-sensitivity,50,0.0001,confirmatory,target_h,tie_bc,asymmetric_a,"[0.023147923300343962,0.7548402410860978,0.22201183561355828]",0.023147923300343962,3.765850208722381,271.236223380267,2.7041298635439295e-06,2.71236223380267e-06,-8.232370258740702e-09,270.41298635439296,-0.8232370258740702,-0.003035129362938779,-8232.3702587407,True
T10,target,regular-sensitivity,50,0.0003,confirmatory,target_h,tie_bc,asymmetric_a,"[0.023147923300343962,0.7548402410860978,0.22201183561355828]",0.023147923300343962,3.765850208722381,271.236223380267,2.4190168810576517e-05,2.4411260104224028e-05,-2.210912936475109e-07,268.7796534508502,-2.4565699294167884,-0.009056938998788275,-8188.566431389295,True
T10,target,regular-sensitivity,50,0.001,confirmatory,target_h,tie_bc,asymmetric_a,"[0.023147923300343962,0.7548402410860978,0.22201183561355828]",0.023147923300343962,3.765850208722381,271.236223380267,0.00026319690397800816,0.000271236223380267,-8.039319402258814e-06,263.19690397800815,-8.039319402258815,-0.029639549253669826,-8039.319402258814,True
T10,target,regular-sensitivity,50,0.003,extended-local,target_h,tie_bc,asymmetric_a,"[0.023147923300343962,0.7548402410860978,0.22201183561355828]",0.023147923300343962,3.765850208722381,271.236223380267,0.002234722624685069,0.002441126010422403,-0.00020640338573733397,248.30251385389656,-22.93370952637044,-0.08455253225605454,-7644.56984212348,True
T10,target,regular-sensitivity,50,0.01,extended-local,target_h,tie_bc,asymmetric_a,"[0.023147923300343962,0.7548402410860978,0.22201183561355828]",0.023147923300343962,3.765850208722381,271.236223380267,0.020581437032418194,0.0271236223380267,-0.006542185305608506,205.81437032418194,-65.42185305608506,-0.24119880538361985,-6542.185305608506,True
T10,target,regular-sensitivity,50,0.03,stress,target_h,tie_bc,asymmetric_a,"[0.023147923300343962,0.7548402410860978,0.22201183561355828]",0.023147923300343962,3.765850208722381,271.236223380267,0.11824336127543425,0.2441126010422403,-0.12586923976680606,131.3815125282603,-139.85471085200675,-0.5156195920628699,-4661.823695066892,True
T10,target,regular-sensitivity,50,0.1,stress,target_h,tie_bc,asymmetric_a,"[0.023147923300343962,0.7548402410860978,0.22201183561355828]",0.023147923300343962,3.765850208722381,271.236223380267,0.4242917029006781,2.7123622338026707,-2.288070530901993,42.4291702900678,-228.80705309019925,-0.843571150780318,-2288.0705309019922,True
T11,target,regular-sensitivity,1,0.0001,confirmatory,skew_b,reversed,backward_cycle,"[0.04579478409279648,0.14442819864461237,0.8097770172625911]",0.04579478409279648,3.083585078784081,0.12494782174132049,1.2494420194509226e-09,1.2494782174132048e-09,-3.619796228229259e-14,0.12494420194509226,-3.6197962282292587e-06,-2.8970462852272238e-05,-0.03619796228229258,True
T11,target,regular-sensitivity,1,0.0003,confirmatory,skew_b,reversed,backward_cycle,"[0.04579478409279648,0.14442819864461237,0.8097770172625911]",0.04579478409279648,3.083585078784081,0.12494782174132049,1.1244326959059046e-08,1.1245303956718843e-08,-9.769976597972789e-13,0.1249369662117672,-1.0855529553303101e-05,-8.688050261314123e-05,-0.03618509851101034,True
T11,target,regular-sensitivity,1,0.001,confirmatory,skew_b,reversed,backward_cycle,"[0.04579478409279648,0.14442819864461237,0.8097770172625911]",0.04579478409279648,3.083585078784081,0.12494782174132049,1.2491165113877648e-07,1.2494782174132048e-07,-3.617060254400315e-11,0.12491165113877649,-3.617060254400315e-05,-0.00028948565921290857,-0.03617060254400315,True
T11,target,regular-sensitivity,1,0.003,extended-local,skew_b,reversed,backward_cycle,"[0.04579478409279648,0.14442819864461237,0.8097770172625911]",0.04579478409279648,3.083585078784081,0.12494782174132049,1.1235549579710798e-06,1.1245303956718843e-06,-9.754377008045847e-10,0.12483943977456441,-0.00010838196675606496,-0.0008674178168583698,-0.03612732225202166,True
T11,target,regular-sensitivity,1,0.01,extended-local,skew_b,reversed,backward_cycle,"[0.04579478409279648,0.14442819864461237,0.8097770172625911]",0.04579478409279648,3.083585078784081,0.12494782174132049,1.2458805456225719e-05,1.249478217413205e-05,-3.597671790633064e-08,0.12458805456225718,-0.0003597671790633064,-0.002879339343811311,-0.035976717906330634,True
T11,target,regular-sensitivity,1,0.03,stress,skew_b,reversed,backward_cycle,"[0.04579478409279648,0.14442819864461237,0.8097770172625911]",0.04579478409279648,3.083585078784081,0.12494782174132049,0.00011149307867430389,0.00011245303956718844,-9.599608928845499e-07,0.12388119852700433,-0.0010666232143161666,-0.008536549092663631,-0.03555410714387222,True
T11,target,regular-sensitivity,1,0.1,stress,skew_b,reversed,backward_cycle,"[0.04579478409279648,0.14442819864461237,0.8097770172625911]",0.04579478409279648,3.083585078784081,0.12494782174132049,0.0012153197243425784,0.001249478217413205,-3.415849307062671e-05,0.12153197243425781,-0.00341584930706267,-0.027338206136434326,-0.0341584930706267,True
T11,target,regular-sensitivity,5,0.0001,confirmatory,skew_b,reversed,backward_cycle,"[0.03201883570125102,0.12333899655946556,0.8446421677392834]",0.03201883570125102,3.4414309336845674,3.3674380387343006,3.3663876484877264e-08,3.367438038734301e-08,-1.0503902465744257e-11,3.366387648487726,-0.0010503902465744256,-0.00031192563441174103,-10.503902465744256,True
T11,target,regular-sensitivity,5,0.0003,confirmatory,skew_b,reversed,backward_cycle,"[0.03201883570125102,0.12333899655946556,0.8446421677392834]",0.03201883570125102,3.4414309336845674,3.3674380387343006,3.027860303673525e-07,3.03069423486087e-07,-2.833931187345105e-10,3.3642892263039172,-0.00314881243038345,-0.0009350765757718221,-10.496041434611502,True
T11,target,regular-sensitivity,5,0.001,confirmatory,skew_b,reversed,backward_cycle,"[0.03201883570125102,0.12333899655946556,0.8446421677392834]",0.03201883570125102,3.4414309336845674,3.3674380387343006,3.3569699221037193e-06,3.3674380387343003e-06,-1.0468116630580992e-08,3.3569699221037195,-0.010468116630580993,-0.0031086293229958236,-10.468116630580992,True
T11,target,regular-sensitivity,5,0.003,extended-local,skew_b,reversed,backward_cycle,"[0.03201883570125102,0.12333899655946556,0.8446421677392834]",0.03201883570125102,3.4414309336845674,3.3674380387343006,3.0026432540874917e-05,3.0306942348608706e-05,-2.805098077337895e-07,3.3362702823194352,-0.0311677564148655,-0.00925562877664123,-10.3892521382885,True
T11,target,regular-sensitivity,5,0.01,extended-local,skew_b,reversed,backward_cycle,"[0.03201883570125102,0.12333899655946556,0.8446421677392834]",0.03201883570125102,3.4414309336845674,3.3674380387343006,0.00032662000957572705,0.0003367438038734301,-1.0123794297703034e-05,3.2662000957572705,-0.10123794297703034,-0.030063787904196167,-10.123794297703032,True
T11,target,regular-sensitivity,5,0.03,stress,skew_b,reversed,backward_cycle,"[0.03201883570125102,0.12333899655946556,0.8446421677392834]",0.03201883570125102,3.4414309336845674,3.3674380387343006,0.0027756813171195723,0.0030306942348608703,-0.0002550129177412981,3.0840903523550804,-0.2833476863792201,-0.08414340015168338,-9.444922879307338,True
T11,target,regular-sensitivity,5,0.1,stress,skew_b,reversed,backward_cycle,"[0.03201883570125102,0.12333899655946556,0.8446421677392834]",0.03201883570125102,3.4414309336845674,3.3674380387343006,0.025963838915504994,0.033674380387343016,-0.007710541471838021,2.596383891550499,-0.7710541471838019,-0.2289735218034223,-7.710541471838019,True
T11,target,regular-sensitivity,20,0.0001,confirmatory,skew_b,reversed,backward_cycle,"[0.00785054182017043,0.06401995551998135,0.9281295026598483]",0.00785054182017043,4.8471727278919445,67.82797090953194,6.770821492227343e-07,6.782797090953194e-07,-1.197559872585096e-09,67.70821492227343,-0.1197559872585096,-0.0017655841042073714,-1197.5598725850957,True
T11,target,regular-sensitivity,20,0.0003,confirmatory,skew_b,reversed,backward_cycle,"[0.00785054182017043,0.06401995551998135,0.9281295026598483]",0.00785054182017043,4.8471727278919445,67.82797090953194,6.072335992519376e-06,6.104517381857874e-06,-3.218138933849853e-08,67.47039991688196,-0.3575709926499837,-0.005271733590953313,-1191.9033088332792,True
T11,target,regular-sensitivity,20,0.001,confirmatory,skew_b,reversed,backward_cycle,"[0.00785054182017043,0.06401995551998135,0.9281295026598483]",0.00785054182017043,4.8471727278919445,67.82797090953194,6.665538228597901e-05,6.782797090953194e-05,-1.17258862355293e-06,66.65538228597902,-1.17258862355293,-0.017287685416933866,-1172.58862355293,True
T11,target,regular-sensitivity,20,0.003,extended-local,skew_b,reversed,backward_cycle,"[0.00785054182017043,0.06401995551998135,0.9281295026598483]",0.00785054182017043,4.8471727278919445,67.82797090953194,0.0005801791298568042,0.0006104517381857875,-3.027260832898324e-05,64.46434776186713,-3.3636231476648044,-0.04959050230400023,-1121.2077158882682,True
T11,target,regular-sensitivity,20,0.01,extended-local,skew_b,reversed,backward_cycle,"[0.00785054182017043,0.06401995551998135,0.9281295026598483]",0.00785054182017043,4.8471727278919445,67.82797090953194,0.00580691386936703,0.006782797090953195,-0.0009758832215861647,58.0691386936703,-9.758832215861647,-0.1438762222281107,-975.8832215861645,True
T11,target,regular-sensitivity,20,0.03,stress,skew_b,reversed,backward_cycle,"[0.00785054182017043,0.06401995551998135,0.9281295026598483]",0.00785054182017043,4.8471727278919445,67.82797090953194,0.0414902962234434,0.06104517381857875,-0.01955487759513535,46.100329137159335,-21.72764177237261,-0.3203345387016317,-724.2547257457538,True
T11,target,regular-sensitivity,20,0.1,stress,skew_b,reversed,backward_cycle,"[0.00785054182017043,0.06401995551998135,0.9281295026598483]",0.00785054182017043,4.8471727278919445,67.82797090953194,0.27652016598053475,0.6782797090953195,-0.4017595431147848,27.652016598053468,-40.17595431147847,-0.5923213354718311,-401.7595431147847,True
T11,target,regular-sensitivity,50,0.0001,confirmatory,skew_b,reversed,backward_cycle,"[0.00041456653693072487,0.015151362997404978,0.9844340704656643]",0.00041456653693072487,7.788277072916233,702.4309814864398,6.951827505632859e-06,7.024309814864398e-06,-7.248230923153882e-08,695.1827505632859,-7.248230923153882,-0.010318780227796382,-72482.3092315388,True
T11,target,regular-sensitivity,50,0.0003,confirmatory,skew_b,reversed,backward_cycle,"[0.00041456653693072487,0.015151362997404978,0.9844340704656643]",0.00041456653693072487,7.788277072916233,702.4309814864398,6.13186184694242e-05,6.321878833377957e-05,-1.9001698643553616e-06,681.3179829936024,-21.112998492837356,-0.030057043395437046,-70376.6616427912,True
T11,target,regular-sensitivity,50,0.001,confirmatory,skew_b,reversed,backward_cycle,"[0.00041456653693072487,0.015151362997404978,0.9844340704656643]",0.00041456653693072487,7.788277072916233,702.4309814864398,0.0006384194676193984,0.0007024309814864397,-6.401151386704136e-05,638.4194676193985,-64.01151386704136,-0.09112854579902537,-64011.51386704136,True
T11,target,regular-sensitivity,50,0.003,extended-local,skew_b,reversed,backward_cycle,"[0.00041456653693072487,0.015151362997404978,0.9844340704656643]",0.00041456653693072487,7.788277072916233,702.4309814864398,0.004934501331597266,0.006321878833377958,-0.001387377501780692,548.2779257330295,-154.15305575341023,-0.2194565157521972,-51384.35191780341,True
T11,target,regular-sensitivity,50,0.01,extended-local,skew_b,reversed,backward_cycle,"[0.00041456653693072487,0.015151362997404978,0.9844340704656643]",0.00041456653693072487,7.788277072916233,702.4309814864398,0.03874377345639354,0.07024309814864399,-0.03149932469225045,387.4377345639354,-314.99324692250445,-0.44843302078723196,-31499.32469225044,True
T11,target,regular-sensitivity,50,0.03,stress,skew_b,reversed,backward_cycle,"[0.00041456653693072487,0.015151362997404978,0.9844340704656643]",0.00041456653693072487,7.788277072916233,702.4309814864398,0.20726490498437844,0.6321878833377959,-0.4249229783534174,230.2943388715316,-472.1366426149082,-0.6721466664465776,-15737.88808716361,True
T11,target,regular-sensitivity,50,0.1,stress,skew_b,reversed,backward_cycle,"[0.00041456653693072487,0.015151362997404978,0.9844340704656643]",0.00041456653693072487,7.788277072916233,702.4309814864398,0.9847944217935902,7.0243098148644,-6.039515393070809,98.479442179359,-603.9515393070808,-0.8598019666345538,-6039.515393070808,True
T12,target,regular-sensitivity,1,0.0001,confirmatory,edge,strong_ordered,uniform_mix,"[0.0010959654359604977,0.10192686044640238,0.8969771741176371]",0.0010959654359604977,6.8161196274859925,50.797963687223216,5.029666045831954e-07,5.079796368722322e-07,-5.013032289036762e-09,50.296660458319536,-0.5013032289036762,-0.009868569377905295,-5013.032289036761,True
T12,target,regular-sensitivity,1,0.0003,confirmatory,edge,strong_ordered,uniform_mix,"[0.0010959654359604977,0.10192686044640238,0.8969771741176371]",0.0010959654359604977,6.8161196274859925,50.797963687223216,4.440345507283731e-06,4.571816731850089e-06,-1.3147122456635772e-07,49.33717230315258,-1.4607913840706415,-0.028756888623826117,-4869.3046135688055,True
T12,target,regular-sensitivity,1,0.001,confirmatory,edge,strong_ordered,uniform_mix,"[0.0010959654359604977,0.10192686044640238,0.8969771741176371]",0.0010959654359604977,6.8161196274859925,50.797963687223216,4.6363529004189523e-05,5.079796368722322e-05,-4.434434683033693e-06,46.36352900418952,-4.434434683033693,-0.08729552055152653,-4434.434683033693,True
T12,target,regular-sensitivity,1,0.003,extended-local,edge,strong_ordered,uniform_mix,"[0.0010959654359604977,0.10192686044640238,0.8969771741176371]",0.0010959654359604977,6.8161196274859925,50.797963687223216,0.00036080359207122325,0.00045718167318500896,-9.637808111378571e-05,40.089288007913694,-10.708675679309524,-0.21080915261181987,-3569.558559769841,True
T12,target,regular-sensitivity,1,0.01,extended-local,edge,strong_ordered,uniform_mix,"[0.0010959654359604977,0.10192686044640238,0.8969771741176371]",0.0010959654359604977,6.8161196274859925,50.797963687223216,0.002881175650997863,0.005079796368722322,-0.002198620717724459,28.81175650997863,-21.986207177244587,-0.43281670329581723,-2198.6207177244587,True
T12,target,regular-sensitivity,1,0.03,stress,edge,strong_ordered,uniform_mix,"[0.0010959654359604977,0.10192686044640238,0.8969771741176371]",0.0010959654359604977,6.8161196274859925,50.797963687223216,0.016002112381815183,0.045718167318500896,-0.029716054936685714,17.780124868683536,-33.01783881853968,-0.6499835115800986,-1100.5946272846563,True
T12,target,regular-sensitivity,1,0.1,stress,edge,strong_ordered,uniform_mix,"[0.0010959654359604977,0.10192686044640238,0.8969771741176371]",0.0010959654359604977,6.8161196274859925,50.797963687223216,0.08923335411229977,0.5079796368722322,-0.4187462827599325,8.923335411229974,-41.87462827599324,-0.8243367496741925,-418.7462827599324,True
T12,target,regular-sensitivity,5,0.0001,confirmatory,edge,strong_ordered,uniform_mix,"[0.001579463192625612,0.11440043575001492,0.8840201010573595]",0.001579463192625612,6.450670241174657,1288.6846855894628,1.2371360114912832e-05,1.2886846855894629e-05,-5.154867409817969e-07,1237.1360114912832,-51.54867409817969,-0.040000998440204626,-515486.7409817968,True
T12,target,regular-sensitivity,5,0.0003,confirmatory,edge,strong_ordered,uniform_mix,"[0.001579463192625612,0.11440043575001492,0.8840201010573595]",0.001579463192625612,6.450670241174657,1288.6846855894628,0.0001034938583635318,0.00011598162170305163,-1.2487763339519826e-05,1149.931759594798,-138.75292599466476,-0.10767019081257817,-462509.7533155492,True
T12,target,regular-sensitivity,5,0.001,confirmatory,edge,strong_ordered,uniform_mix,"[0.001579463192625612,0.11440043575001492,0.8840201010573595]",0.001579463192625612,6.450670241174657,1288.6846855894628,0.0009428385431775209,0.0012886846855894628,-0.00034584614241194196,942.8385431775209,-345.84614241194197,-0.2683714226445913,-345846.14241194195,True
T12,target,regular-sensitivity,5,0.003,extended-local,edge,strong_ordered,uniform_mix,"[0.001579463192625612,0.11440043575001492,0.8840201010573595]",0.001579463192625612,6.450670241174657,1288.6846855894628,0.005959126417898267,0.011598162170305166,-0.0056390357524068995,662.1251575442518,-626.5595280452111,-0.48620080229991536,-208853.17601507035,True
T12,target,regular-sensitivity,5,0.01,extended-local,edge,strong_ordered,uniform_mix,"[0.001579463192625612,0.11440043575001492,0.8840201010573595]",0.001579463192625612,6.450670241174657,1288.6846855894628,0.0364491703994476,0.1288684685589463,-0.09241929815949869,364.49170399447604,-924.1929815949868,-0.7171599010445661,-92419.29815949868,True
T12,target,regular-sensitivity,5,0.03,stress,edge,strong_ordered,uniform_mix,"[0.001579463192625612,0.11440043575001492,0.8840201010573595]",0.001579463192625612,6.450670241174657,1288.6846855894628,0.15967148910927903,1.1598162170305164,-1.0001447279212374,177.4127656769767,-1111.271919912486,-0.862330353063965,-37042.39733041621,True
T12,target,regular-sensitivity,5,0.1,stress,edge,strong_ordered,uniform_mix,"[0.001579463192625612,0.11440043575001492,0.8840201010573595]",0.001579463192625612,6.450670241174657,1288.6846855894628,0.645750155061442,12.88684685589463,-12.241096700833188,64.57501550614418,-1224.1096700833186,-0.9498907558782645,-12241.096700833185,True
T12,target,regular-sensitivity,20,0.0001,confirmatory,edge,strong_ordered,uniform_mix,"[0.006098463392400993,0.17297666252451613,0.8209248740830829]",0.006098463392400993,5.099718442420816,25911.133450632864,0.00023637072939788374,0.00025911133450632864,-2.2740605108444894e-05,23637.072939788373,-2274.0605108444893,-0.08776383770231969,-22740605.10844489,True
T12,target,regular-sensitivity,20,0.0003,confirmatory,edge,strong_ordered,uniform_mix,"[0.006098463392400993,0.17297666252451613,0.8209248740830829]",0.006098463392400993,5.099718442420816,25911.133450632864,0.0018341107275164949,0.0023320020105569573,-0.0004978912830404625,20379.00808351661,-5532.12536711625,-0.21350379664619154,-18440417.8903875,True
T12,target,regular-sensitivity,20,0.001,confirmatory,edge,strong_ordered,uniform_mix,"[0.006098463392400993,0.17297666252451613,0.8209248740830829]",0.006098463392400993,5.099718442420816,25911.133450632864,0.014410457472131828,0.025911133450632864,-0.011500675978501036,14410.45747213183,-11500.675978501036,-0.4438507485754213,-11500675.978501035,True
T12,target,regular-sensitivity,20,0.003,extended-local,edge,strong_ordered,uniform_mix,"[0.006098463392400993,0.17297666252451613,0.8209248740830829]",0.006098463392400993,5.099718442420816,25911.133450632864,0.07584723446143354,0.23320020105569578,-0.15735296659426223,8427.470495714839,-17483.662954918025,-0.6747548496181667,-5827887.651639342,True
T12,target,regular-sensitivity,20,0.01,extended-local,edge,strong_ordered,uniform_mix,"[0.006098463392400993,0.17297666252451613,0.8209248740830829]",0.006098463392400993,5.099718442420816,25911.133450632864,0.35281923233004286,2.5911133450632864,-2.2382941127332434,3528.1923233004286,-22382.941127332433,-0.8638348905105787,-2238294.112733243,True
T12,target,regular-sensitivity,20,0.03,stress,edge,strong_ordered,uniform_mix,"[0.006098463392400993,0.17297666252451613,0.8209248740830829]",0.006098463392400993,5.099718442420816,25911.133450632864,0.9987848244675688,23.320020105569576,-22.321235281102005,1109.7609160750765,-24801.372534557784,-0.9571704989984537,-826712.417818593,True
T12,target,regular-sensitivity,20,0.1,stress,edge,strong_ordered,uniform_mix,"[0.006098463392400993,0.17297666252451613,0.8209248740830829]",0.006098463392400993,5.099718442420816,25911.133450632864,1.655632448991338,259.1113345063287,-257.45570205733736,165.56324489913376,-25745.570205733733,-0.9936103433987334,-257455.7020573373,True
T12,target,regular-sensitivity,50,0.0001,confirmatory,edge,strong_ordered,uniform_mix,"[0.07612503990932029,0.33112538173192996,0.5927495783587498]",0.07612503990932029,2.575378028691848,417438.6052585106,0.0036205536546295783,0.004174386052585106,-0.0005538323979555277,362055.3654629578,-55383.23979555276,-0.1326739767186965,-553832397.9555275,True
T12,target,regular-sensitivity,50,0.0003,confirmatory,edge,strong_ordered,uniform_mix,"[0.07612503990932029,0.33112538173192996,0.5927495783587498]",0.07612503990932029,2.575378028691848,417438.6052585106,0.025795994029054185,0.03756947447326595,-0.011773480444211767,286622.1558783799,-130816.44938013077,-0.3133788962789366,-436054831.2671026,True
T12,target,regular-sensitivity,50,0.001,confirmatory,edge,strong_ordered,uniform_mix,"[0.07612503990932029,0.33112538173192996,0.5927495783587498]",0.07612503990932029,2.575378028691848,417438.6052585106,0.16109999873388814,0.4174386052585106,-0.2563386065246225,161099.99873388815,-256338.6065246225,-0.6140749880233947,-256338606.52462247,True
T12,target,regular-sensitivity,50,0.003,extended-local,edge,strong_ordered,uniform_mix,"[0.07612503990932029,0.33112538173192996,0.5927495783587498]",0.07612503990932029,2.575378028691848,417438.6052585106,0.5433721374779055,3.7569474473265956,-3.2135753098486903,60374.6819419895,-357063.92331652116,-0.8553687148686194,-119021307.77217372,True
T12,target,regular-sensitivity,50,0.01,extended-local,edge,strong_ordered,uniform_mix,"[0.07612503990932029,0.33112538173192996,0.5927495783587498]",0.07612503990932029,2.575378028691848,417438.6052585106,1.1071519118551227,41.74386052585106,-40.63670861399594,11071.519118551227,-406367.0861399594,-0.9734774911110705,-40636708.61399594,True
T12,target,regular-sensitivity,50,0.03,stress,edge,strong_ordered,uniform_mix,"[0.07612503990932029,0.33112538173192996,0.5927495783587498]",0.07612503990932029,2.575378028691848,417438.6052585106,1.1840082009556396,375.69474473265956,-374.5107365317039,1315.5646677284885,-416123.0405907821,-0.9968484834628225,-13870768.01969274,True
T12,target,regular-sensitivity,50,0.1,stress,edge,strong_ordered,uniform_mix,"[0.07612503990932029,0.33112538173192996,0.5927495783587498]",0.07612503990932029,2.575378028691848,417438.6052585106,0.6803530723164319,4174.386052585107,-4173.7056995127905,68.03530723164319,-417370.569951279,-0.9998370172131312,-4173705.6995127895,True
T13,target,analytic-zero,1,0.0001,confirmatory,target_a,neutral,identity,"[0.3,0.4,0.3]",0.3,1.2039728043259361,0.0,0.0,0.0,0.0,0.0,0.0,,,False
T13,target,analytic-zero,1,0.0003,confirmatory,target_a,neutral,identity,"[0.3,0.4,0.3]",0.3,1.2039728043259361,0.0,0.0,0.0,0.0,0.0,0.0,,,False
T13,target,analytic-zero,1,0.001,confirmatory,target_a,neutral,identity,"[0.3,0.4,0.3]",0.3,1.2039728043259361,0.0,0.0,0.0,0.0,0.0,0.0,,,False
T13,target,analytic-zero,1,0.003,extended-local,target_a,neutral,identity,"[0.3,0.4,0.3]",0.3,1.2039728043259361,0.0,0.0,0.0,0.0,0.0,0.0,,,False
T13,target,analytic-zero,1,0.01,extended-local,target_a,neutral,identity,"[0.3,0.4,0.3]",0.3,1.2039728043259361,0.0,0.0,0.0,0.0,0.0,0.0,,,False
T13,target,analytic-zero,1,0.03,stress,target_a,neutral,identity,"[0.3,0.4,0.3]",0.3,1.2039728043259361,0.0,0.0,0.0,0.0,0.0,0.0,,,False
T13,target,analytic-zero,1,0.1,stress,target_a,neutral,identity,"[0.3,0.4,0.3]",0.3,1.2039728043259361,0.0,1.3322676295501878e-16,0.0,1.3322676295501878e-16,1.3322676295501875e-14,1.3322676295501875e-14,,,False
T13,target,analytic-zero,5,0.0001,confirmatory,target_a,neutral,identity,"[0.3,0.4,0.3]",0.3,1.2039728043259361,0.0,0.0,0.0,0.0,0.0,0.0,,,False
T13,target,analytic-zero,5,0.0003,confirmatory,target_a,neutral,identity,"[0.3,0.4,0.3]",0.3,1.2039728043259361,0.0,0.0,0.0,0.0,0.0,0.0,,,False
T13,target,analytic-zero,5,0.001,confirmatory,target_a,neutral,identity,"[0.3,0.4,0.3]",0.3,1.2039728043259361,0.0,0.0,0.0,0.0,0.0,0.0,,,False
T13,target,analytic-zero,5,0.003,extended-local,target_a,neutral,identity,"[0.3,0.4,0.3]",0.3,1.2039728043259361,0.0,0.0,0.0,0.0,0.0,0.0,,,False
T13,target,analytic-zero,5,0.01,extended-local,target_a,neutral,identity,"[0.3,0.4,0.3]",0.3,1.2039728043259361,0.0,0.0,0.0,0.0,0.0,0.0,,,False
T13,target,analytic-zero,5,0.03,stress,target_a,neutral,identity,"[0.3,0.4,0.3]",0.3,1.2039728043259361,0.0,0.0,0.0,0.0,0.0,0.0,,,False
T13,target,analytic-zero,5,0.1,stress,target_a,neutral,identity,"[0.3,0.4,0.3]",0.3,1.2039728043259361,0.0,1.7763568394002508e-16,0.0,1.7763568394002508e-16,1.7763568394002505e-14,1.7763568394002505e-14,,,False
T13,target,analytic-zero,20,0.0001,confirmatory,target_a,neutral,identity,"[0.3,0.4,0.3]",0.3,1.2039728043259361,0.0,0.0,0.0,0.0,0.0,0.0,,,False
T13,target,analytic-zero,20,0.0003,confirmatory,target_a,neutral,identity,"[0.3,0.4,0.3]",0.3,1.2039728043259361,0.0,0.0,0.0,0.0,0.0,0.0,,,False
T13,target,analytic-zero,20,0.001,confirmatory,target_a,neutral,identity,"[0.3,0.4,0.3]",0.3,1.2039728043259361,0.0,0.0,0.0,0.0,0.0,0.0,,,False
T13,target,analytic-zero,20,0.003,extended-local,target_a,neutral,identity,"[0.3,0.4,0.3]",0.3,1.2039728043259361,0.0,0.0,0.0,0.0,0.0,0.0,,,False
T13,target,analytic-zero,20,0.01,extended-local,target_a,neutral,identity,"[0.3,0.4,0.3]",0.3,1.2039728043259361,0.0,0.0,0.0,0.0,0.0,0.0,,,False
T13,target,analytic-zero,20,0.03,stress,target_a,neutral,identity,"[0.3,0.4,0.3]",0.3,1.2039728043259361,0.0,0.0,0.0,0.0,0.0,0.0,,,False
T13,target,analytic-zero,20,0.1,stress,target_a,neutral,identity,"[0.3,0.4,0.3]",0.3,1.2039728043259361,0.0,1.7763568394002508e-16,0.0,1.7763568394002508e-16,1.7763568394002505e-14,1.7763568394002505e-14,,,False
T13,target,analytic-zero,50,0.0001,confirmatory,target_a,neutral,identity,"[0.3,0.4,0.3]",0.3,1.2039728043259361,0.0,0.0,0.0,0.0,0.0,0.0,,,False
T13,target,analytic-zero,50,0.0003,confirmatory,target_a,neutral,identity,"[0.3,0.4,0.3]",0.3,1.2039728043259361,0.0,0.0,0.0,0.0,0.0,0.0,,,False
T13,target,analytic-zero,50,0.001,confirmatory,target_a,neutral,identity,"[0.3,0.4,0.3]",0.3,1.2039728043259361,0.0,0.0,0.0,0.0,0.0,0.0,,,False
T13,target,analytic-zero,50,0.003,extended-local,target_a,neutral,identity,"[0.3,0.4,0.3]",0.3,1.2039728043259361,0.0,0.0,0.0,0.0,0.0,0.0,,,False
T13,target,analytic-zero,50,0.01,extended-local,target_a,neutral,identity,"[0.3,0.4,0.3]",0.3,1.2039728043259361,0.0,0.0,0.0,0.0,0.0,0.0,,,False
T13,target,analytic-zero,50,0.03,stress,target_a,neutral,identity,"[0.3,0.4,0.3]",0.3,1.2039728043259361,0.0,0.0,0.0,0.0,0.0,0.0,,,False
T13,target,analytic-zero,50,0.1,stress,target_a,neutral,identity,"[0.3,0.4,0.3]",0.3,1.2039728043259361,0.0,1.7763568394002508e-16,0.0,1.7763568394002508e-16,1.7763568394002505e-14,1.7763568394002505e-14,,,False
T14,target,low-sensitivity,1,0.0001,confirmatory,target_c,compressed,near_identity,"[0.10120616353093707,0.5981964003344769,0.30059743613458606]",0.10120616353093707,2.290595619527473,2.9396107479735317e-26,0.0,2.9396107479735318e-34,-2.9396107479735318e-34,0.0,-2.9396107479735317e-26,,,False
T14,target,low-sensitivity,1,0.0003,confirmatory,target_c,compressed,near_identity,"[0.10120616353093707,0.5981964003344769,0.30059743613458606]",0.10120616353093707,2.290595619527473,2.9396107479735317e-26,2.2472282597205037e-17,2.645649673176178e-33,2.2472282597205034e-17,2.496920288578338e-10,2.4969202885783376e-10,,,False
T14,target,low-sensitivity,1,0.001,confirmatory,target_c,compressed,near_identity,"[0.10120616353093707,0.5981964003344769,0.30059743613458606]",0.10120616353093707,2.290595619527473,2.9396107479735317e-26,6.741684779161512e-17,2.9396107479735317e-32,6.74168477916151e-17,6.741684779161512e-11,6.74168477916151e-11,,,False
T14,target,low-sensitivity,1,0.003,extended-local,target_c,compressed,near_identity,"[0.10120616353093707,0.5981964003344769,0.30059743613458606]",0.10120616353093707,2.290595619527473,2.9396107479735317e-26,6.975715725305989e-17,2.6456496731761784e-31,6.975715725305963e-17,7.750795250339988e-12,7.75079525033996e-12,,,False
T14,target,low-sensitivity,1,0.01,extended-local,target_c,compressed,near_identity,"[0.10120616353093707,0.5981964003344769,0.30059743613458606]",0.10120616353093707,2.290595619527473,2.9396107479735317e-26,3.317513813025324e-17,2.9396107479735317e-30,3.31751381302503e-17,3.3175138130253235e-13,3.3175138130250296e-13,,,False
T14,target,low-sensitivity,1,0.03,stress,target_c,compressed,near_identity,"[0.10120616353093707,0.5981964003344769,0.30059743613458606]",0.10120616353093707,2.290595619527473,2.9396107479735317e-26,3.24464781847364e-17,2.6456496731761785e-29,3.2446478184709943e-17,3.605164242748489e-14,3.605164242745549e-14,,,False
T14,target,low-sensitivity,1,0.1,stress,target_c,compressed,near_identity,"[0.10120616353093707,0.5981964003344769,0.30059743613458606]",0.10120616353093707,2.290595619527473,2.9396107479735317e-26,6.443432825281268e-17,2.939610747973532e-28,6.443432825251872e-17,6.443432825281266e-15,6.44343282525187e-15,,,False
T14,target,low-sensitivity,5,0.0001,confirmatory,target_c,compressed,near_identity,"[0.10615543126484013,0.590910059366123,0.30293450936903693]",0.10615543126484013,2.242850926198892,7.186026709485549e-25,4.71424815916955e-17,7.186026709485549e-33,4.714248159169549e-17,4.71424815916955e-09,4.714248159169549e-09,,,False
T14,target,low-sensitivity,5,0.0003,confirmatory,target_c,compressed,near_identity,"[0.10615543126484013,0.590910059366123,0.30293450936903693]",0.10615543126484013,2.242850926198892,7.186026709485549e-25,1.2117776020307325e-16,6.467424038536993e-32,1.2117776020307317e-16,1.3464195578119252e-09,1.3464195578119244e-09,,,False
T14,target,low-sensitivity,5,0.001,confirmatory,target_c,compressed,near_identity,"[0.10615543126484013,0.590910059366123,0.30293450936903693]",0.10615543126484013,2.242850926198892,7.186026709485549e-25,-6.528857900458091e-17,7.186026709485548e-31,-6.528857900458163e-17,-6.528857900458092e-11,-6.528857900458163e-11,,,False
T14,target,low-sensitivity,5,0.003,extended-local,target_c,compressed,near_identity,"[0.10615543126484013,0.590910059366123,0.30293450936903693]",0.10615543126484013,2.242850926198892,7.186026709485549e-25,-7.481516952336773e-17,6.467424038536994e-30,-7.48151695233742e-17,-8.312796613707525e-12,-8.312796613708244e-12,,,False
T14,target,low-sensitivity,5,0.01,extended-local,target_c,compressed,near_identity,"[0.10615543126484013,0.590910059366123,0.30293450936903693]",0.10615543126484013,2.242850926198892,7.186026709485549e-25,1.12322167732189e-16,7.186026709485549e-29,1.1232216773211714e-16,1.12322167732189e-12,1.1232216773211713e-12,,,False
T14,target,low-sensitivity,5,0.03,stress,target_c,compressed,near_identity,"[0.10615543126484013,0.590910059366123,0.30293450936903693]",0.10615543126484013,2.242850926198892,7.186026709485549e-25,-6.3301781285207e-17,6.467424038536994e-28,-6.330178128585374e-17,-7.03353125391189e-14,-7.033531253983749e-14,,,False
T14,target,low-sensitivity,5,0.1,stress,target_c,compressed,near_identity,"[0.10615543126484013,0.590910059366123,0.30293450936903693]",0.10615543126484013,2.242850926198892,7.186026709485549e-25,-1.4836286030937486e-16,7.18602670948555e-27,-1.483628603165609e-16,-1.4836286030937483e-14,-1.4836286031656085e-14,,,False
T14,target,low-sensitivity,20,0.0001,confirmatory,target_c,compressed,near_identity,"[0.12656463019163802,0.5625683048388535,0.31086706496950856]",0.12656463019163802,2.0670021906791143,1.0521198153368719e-23,9.990868947579204e-17,1.0521198153368719e-31,9.990868947579193e-17,9.990868947579203e-09,9.990868947579192e-09,,,False
T14,target,low-sensitivity,20,0.0003,confirmatory,target_c,compressed,near_identity,"[0.12656463019163802,0.5625683048388535,0.31086706496950856]",0.12656463019163802,2.0670021906791143,1.0521198153368719e-23,-4.344440890127625e-17,9.469078338031846e-31,-4.34444089012772e-17,-4.82715654458625e-10,-4.827156544586356e-10,,,False
T14,target,low-sensitivity,20,0.001,confirmatory,target_c,compressed,near_identity,"[0.12656463019163802,0.5625683048388535,0.31086706496950856]",0.12656463019163802,2.0670021906791143,1.0521198153368719e-23,5.2933189944603694e-17,1.0521198153368718e-29,5.2933189944593174e-17,5.29331899446037e-11,5.293318994459318e-11,,,False
T14,target,low-sensitivity,20,0.003,extended-local,target_c,compressed,near_identity,"[0.12656463019163802,0.5625683048388535,0.31086706496950856]",0.12656463019163802,2.0670021906791143,1.0521198153368719e-23,1.4200593999539375e-16,9.469078338031847e-29,1.4200593999529906e-16,1.577843777726597e-11,1.577843777725545e-11,,,False
T14,target,low-sensitivity,20,0.01,extended-local,target_c,compressed,near_identity,"[0.12656463019163802,0.5625683048388535,0.31086706496950856]",0.12656463019163802,2.0670021906791143,1.0521198153368719e-23,-9.725635154121056e-17,1.0521198153368719e-27,-9.725635154226268e-17,-9.725635154121056e-13,-9.725635154226267e-13,,,False
T14,target,low-sensitivity,20,0.03,stress,target_c,compressed,near_identity,"[0.12656463019163802,0.5625683048388535,0.31086706496950856]",0.12656463019163802,2.0670021906791143,1.0521198153368719e-23,-1.821364229258623e-16,9.469078338031847e-27,-1.8213642293533138e-16,-2.0237380325095814e-13,-2.0237380326147932e-13,,,False
T14,target,low-sensitivity,20,0.1,stress,target_c,compressed,near_identity,"[0.12656463019163802,0.5625683048388535,0.31086706496950856]",0.12656463019163802,2.0670021906791143,1.0521198153368719e-23,4.4806444058776016e-18,1.052119815336872e-25,4.48064430066562e-18,4.480644405877601e-16,4.480644300665619e-16,,,False
T14,target,low-sensitivity,50,0.0001,confirmatory,target_c,compressed,near_identity,"[0.17687246446133764,0.5012918178744582,0.32183571766420416]",0.17687246446133764,1.732326345888303,5.348531382732955e-23,1.8387392726378985e-17,5.348531382732954e-31,1.838739272637845e-17,1.8387392726378985e-09,1.838739272637845e-09,,,False
T14,target,low-sensitivity,50,0.0003,confirmatory,target_c,compressed,near_identity,"[0.17687246446133764,0.5012918178744582,0.32183571766420416]",0.17687246446133764,1.732326345888303,5.348531382732955e-23,5.688322531655513e-17,4.8136782444596584e-30,5.68832253165503e-17,6.320358368506126e-10,6.32035836850559e-10,,,False
T14,target,low-sensitivity,50,0.001,confirmatory,target_c,compressed,near_identity,"[0.17687246446133764,0.5012918178744582,0.32183571766420416]",0.17687246446133764,1.732326345888303,5.348531382732955e-23,-7.162272593772672e-18,5.348531382732954e-29,-7.162272593826157e-18,-7.162272593772672e-12,-7.1622725938261576e-12,,,False
T14,target,low-sensitivity,50,0.003,extended-local,target_c,compressed,near_identity,"[0.17687246446133764,0.5012918178744582,0.32183571766420416]",0.17687246446133764,1.732326345888303,5.348531382732955e-23,6.578237995200208e-17,4.813678244459659e-28,6.578237995152071e-17,7.309153328000231e-12,7.309153327946745e-12,,,False
T14,target,low-sensitivity,50,0.01,extended-local,target_c,compressed,near_identity,"[0.17687246446133764,0.5012918178744582,0.32183571766420416]",0.17687246446133764,1.732326345888303,5.348531382732955e-23,-2.2765090191444778e-17,5.348531382732955e-27,-2.276509019679331e-17,-2.2765090191444774e-13,-2.2765090196793307e-13,,,False
T14,target,low-sensitivity,50,0.03,stress,target_c,compressed,near_identity,"[0.17687246446133764,0.5012918178744582,0.32183571766420416]",0.17687246446133764,1.732326345888303,5.348531382732955e-23,-1.128487975070233e-16,4.813678244459659e-26,-1.1284879755516008e-16,-1.2538755278558144e-13,-1.2538755283906676e-13,,,False
T14,target,low-sensitivity,50,0.1,stress,target_c,compressed,near_identity,"[0.17687246446133764,0.5012918178744582,0.32183571766420416]",0.17687246446133764,1.732326345888303,5.348531382732955e-23,1.0788076760169595e-16,5.348531382732956e-25,1.0788076706684281e-16,1.0788076760169594e-14,1.0788076706684279e-14,,,False
