landscape_id,split,stratum,horizon,epsilon,region,p0_id,reward_id,mutation_id,clean_terminal,clean_boundary_min_probability,clean_boundary_pressure,C_endpoint_l1,endpoint_l1,endpoint_prediction,endpoint_residual,endpoint_residual_over_epsilon_squared,endpoint_relative_residual,C_max_path_l1,max_path_l1,max_path_prediction,max_path_residual,max_path_residual_over_epsilon_squared,max_path_relative_residual
S01,source,regular-sensitivity,1,0.0001,confirmatory,mixed,dominant_a,uniform_off_diagonal,"[0.21326792289706445,0.3043000853427558,0.48243199176017965]",0.21326792289706445,1.5452060497314315,0.447295975280539,4.4729597528020415e-05,4.47295975280539e-05,-3.348829460264602e-17,-3.348829460264602e-09,-7.486831193069093e-13,0.447295975280539,4.4729597528020415e-05,4.47295975280539e-05,-3.348829460264602e-17,-3.348829460264602e-09,-7.486831193069093e-13
S01,source,regular-sensitivity,1,0.0003,confirmatory,mixed,dominant_a,uniform_off_diagonal,"[0.21326792289706445,0.3043000853427558,0.48243199176017965]",0.21326792289706445,1.5452060497314315,0.447295975280539,0.00013418879258411676,0.0001341887925841617,-4.494018004952416e-17,-4.993353338836018e-10,-3.349026337004872e-13,0.447295975280539,0.00013418879258411676,0.0001341887925841617,-4.494018004952416e-17,-4.993353338836018e-10,-3.349026337004872e-13
S01,source,regular-sensitivity,1,0.001,confirmatory,mixed,dominant_a,uniform_off_diagonal,"[0.21326792289706445,0.3043000853427558,0.48243199176017965]",0.21326792289706445,1.5452060497314315,0.447295975280539,0.00044729597528056497,0.000447295975280539,2.596664203102783e-17,2.596664203102783e-11,5.805248306726177e-14,0.447295975280539,0.00044729597528056497,0.000447295975280539,2.596664203102783e-17,2.596664203102783e-11,5.805248306726177e-14
S01,source,regular-sensitivity,1,0.003,extended-local,mixed,dominant_a,uniform_off_diagonal,"[0.21326792289706445,0.3043000853427558,0.48243199176017965]",0.21326792289706445,1.5452060497314315,0.447295975280539,0.0013418879258416394,0.001341887925841617,2.233456475320139e-17,2.4816183059112656e-12,1.6644135715874635e-14,0.447295975280539,0.0013418879258416394,0.001341887925841617,2.233456475320139e-17,2.4816183059112656e-12,1.6644135715874635e-14
S01,source,regular-sensitivity,1,0.01,extended-local,mixed,dominant_a,uniform_off_diagonal,"[0.21326792289706445,0.3043000853427558,0.48243199176017965]",0.21326792289706445,1.5452060497314315,0.447295975280539,0.004472959752805372,0.00447295975280539,-1.8214596497756474e-17,-1.8214596497756474e-13,-4.072157476116901e-15,0.447295975280539,0.004472959752805372,0.00447295975280539,-1.8214596497756474e-17,-1.8214596497756474e-13,-4.072157476116901e-15
S01,source,regular-sensitivity,1,0.03,stress,mixed,dominant_a,uniform_off_diagonal,"[0.21326792289706445,0.3043000853427558,0.48243199176017965]",0.21326792289706445,1.5452060497314315,0.447295975280539,0.013418879258416117,0.013418879258416169,-5.204170427930421e-17,-5.782411586589357e-14,-3.87824521534943e-15,0.447295975280539,0.013418879258416117,0.013418879258416169,-5.204170427930421e-17,-5.782411586589357e-14,-3.87824521534943e-15
S01,source,regular-sensitivity,1,0.1,stress,mixed,dominant_a,uniform_off_diagonal,"[0.21326792289706445,0.3043000853427558,0.48243199176017965]",0.21326792289706445,1.5452060497314315,0.447295975280539,0.04472959752805389,0.0447295975280539,-1.3877787807814457e-17,-1.3877787807814455e-15,-3.1025961722795437e-16,0.447295975280539,0.04472959752805389,0.0447295975280539,-1.3877787807814457e-17,-1.3877787807814455e-15,-3.1025961722795437e-16
S01,source,regular-sensitivity,5,0.0001,confirmatory,mixed,dominant_a,uniform_off_diagonal,"[0.2714051970286356,0.3170558699633255,0.41153893300803884]",0.2714051970286356,1.3041423828014223,1.7057443238824315,0.00017051309794452463,0.00017057443238824315,-6.133444371852646e-08,-6.1334443718526455,-0.000359575833609832,1.7057443238824315,0.00017051309794452463,0.00017057443238824315,-6.133444371852646e-08,-6.1334443718526455,-0.000359575833609832
S01,source,regular-sensitivity,5,0.0003,confirmatory,mixed,dominant_a,uniform_off_diagonal,"[0.2714051970286356,0.3170558699633255,0.41153893300803884]",0.2714051970286356,1.3041423828014223,1.7057443238824315,0.0005111714827582547,0.0005117232971647294,-5.518144064746607e-07,-6.131271183051786,-0.0010783452884245476,1.7057443238824315,0.0005111714827582547,0.0005117232971647294,-5.518144064746607e-07,-6.131271183051786,-0.0010783452884245476
S01,source,regular-sensitivity,5,0.001,confirmatory,mixed,dominant_a,uniform_off_diagonal,"[0.2714051970286356,0.3170558699633255,0.41153893300803884]",0.2714051970286356,1.3041423828014223,1.7057443238824315,0.0016996206517071455,0.0017057443238824314,-6.12367217528594e-06,-6.12367217528594,-0.0035900293435231242,1.7057443238824315,0.0016996206517071455,0.0017057443238824314,-6.12367217528594e-06,-6.12367217528594,-0.0035900293435231242
S01,source,regular-sensitivity,5,0.003,extended-local,mixed,dominant_a,uniform_off_diagonal,"[0.2714051970286356,0.3170558699633255,0.41153893300803884]",0.2714051970286356,1.3041423828014223,1.7057443238824315,0.005062314775824028,0.005117232971647294,-5.491819582326574e-05,-6.102021758140638,-0.010732010078014284,1.7057443238824315,0.005062314775824028,0.005117232971647294,-5.491819582326574e-05,-6.102021758140638,-0.010732010078014284
S01,source,regular-sensitivity,5,0.01,extended-local,mixed,dominant_a,uniform_off_diagonal,"[0.2714051970286356,0.3170558699633255,0.41153893300803884]",0.2714051970286356,1.3041423828014223,1.7057443238824315,0.016454748050564738,0.017057443238824316,-0.0006026951882595784,-6.0269518825957835,-0.035333266528936084,1.7057443238824315,0.016454748050564738,0.017057443238824316,-0.0006026951882595784,-6.0269518825957835,-0.035333266528936084
S01,source,regular-sensitivity,5,0.03,stress,mixed,dominant_a,uniform_off_diagonal,"[0.2714051970286356,0.3170558699633255,0.41153893300803884]",0.2714051970286356,1.3041423828014223,1.7057443238824315,0.04593578083856603,0.05117232971647294,-0.0052365488779069075,-5.818387642118786,-0.10233164889933093,1.7057443238824315,0.04593578083856603,0.05117232971647294,-0.0052365488779069075,-5.818387642118786,-0.10233164889933093
S01,source,regular-sensitivity,5,0.1,stress,mixed,dominant_a,uniform_off_diagonal,"[0.2714051970286356,0.3170558699633255,0.41153893300803884]",0.2714051970286356,1.3041423828014223,1.7057443238824315,0.1190481331521498,0.17057443238824316,-0.051526299236093365,-5.152629923609336,-0.3020751616444764,1.7057443238824315,0.1190481331521498,0.17057443238824316,-0.051526299236093365,-5.152629923609336,-0.3020751616444764
S01,source,regular-sensitivity,20,0.0001,confirmatory,mixed,dominant_a,uniform_off_diagonal,"[0.52905647749322,0.2919435019325063,0.17900002057427372]",0.17900002057427372,1.720369358201312,1.6178839578693451,0.00016210699024526987,0.00016178839578693453,3.1859445833533253e-07,31.859445833533254,0.0019692046316776763,2.0431125069523084,0.00020416462615241437,0.00020431125069523084,-1.466245428164651e-07,-14.662454281646509,-0.0007176528082400295
S01,source,regular-sensitivity,20,0.0003,confirmatory,mixed,dominant_a,uniform_off_diagonal,"[0.52905647749322,0.2919435019325063,0.17900002057427372]",0.17900002057427372,1.720369358201312,1.6178839578693451,0.00048822217088059783,0.0004853651873608035,2.8569835197943347e-06,31.74426133104817,0.005886255533342471,2.0431125069523084,0.0006116151252610891,0.0006129337520856924,-1.3186268246033342e-06,-14.651409162259272,-0.0021513366169121995
S01,source,regular-sensitivity,20,0.001,confirmatory,mixed,dominant_a,uniform_off_diagonal,"[0.52905647749322,0.2919435019325063,0.17900002057427372]",0.17900002057427372,1.720369358201312,1.6178839578693451,0.0016492285865643275,0.0016178839578693451,3.134462869498235e-05,31.34462869498235,0.019373842321955725,2.0431125069523084,0.0020284996656418364,0.0020431125069523084,-1.4612841310472028e-05,-14.612841310472028,-0.007152245048056539
S01,source,regular-sensitivity,20,0.003,extended-local,mixed,dominant_a,uniform_off_diagonal,"[0.52905647749322,0.2919435019325063,0.17900002057427372]",0.17900002057427372,1.720369358201312,1.6178839578693451,0.005125742144090895,0.004853651873608035,0.0002720902704828592,30.232252275873243,0.05605887640239777,2.0431125069523084,0.005998806794371647,0.006129337520856926,-0.00013053072648527841,-14.503414053919823,-0.021296057859615025
S01,source,regular-sensitivity,20,0.01,extended-local,mixed,dominant_a,uniform_off_diagonal,"[0.52905647749322,0.2919435019325063,0.17900002057427372]",0.17900002057427372,1.720369358201312,1.6178839578693451,0.018844599281606422,0.01617883957869345,0.002665759702912971,26.65759702912971,0.16476828822900344,2.0431125069523084,0.019018207270397103,0.020431125069523083,-0.0014129177991259803,-14.129177991259802,-0.06915516371800869
S01,source,regular-sensitivity,20,0.03,stress,mixed,dominant_a,uniform_off_diagonal,"[0.52905647749322,0.2919435019325063,0.17900002057427372]",0.17900002057427372,1.720369358201312,1.6178839578693451,0.065330729093386,0.04853651873608035,0.016794210357305647,18.66023373033961,0.34601184416675973,2.0431125069523084,0.065330729093386,0.06129337520856925,0.004037353884816748,4.485948760907498,0.06586933532504011
S01,source,regular-sensitivity,20,0.1,stress,mixed,dominant_a,uniform_off_diagonal,"[0.52905647749322,0.2919435019325063,0.17900002057427372]",0.17900002057427372,1.720369358201312,1.6178839578693451,0.21194652538720105,0.16178839578693452,0.05015812960026653,5.0158129600266514,0.3100230356837318,2.0431125069523084,0.21194652538720105,0.20431125069523084,0.007635274691970201,0.76352746919702,0.03737079904307212
S01,source,regular-sensitivity,50,0.0001,confirmatory,mixed,dominant_a,uniform_off_diagonal,"[0.8772142468731454,0.10800919537116982,0.014776557755684781]",0.014776557755684781,4.2147132893906845,21.689411307414396,0.0021670589954753336,0.0021689411307414396,-1.8821352661059672e-06,-188.21352661059672,-0.0008677668745497811,21.689411307414396,0.0021670589954753336,0.0021689411307414396,-1.8821352661059672e-06,-188.21352661059672,-0.0008677668745497811
S01,source,regular-sensitivity,50,0.0003,confirmatory,mixed,dominant_a,uniform_off_diagonal,"[0.8772142468731454,0.10800919537116982,0.014776557755684781]",0.014776557755684781,4.2147132893906845,21.689411307414396,0.006489884438636344,0.006506823392224318,-1.6938953587974405e-05,-188.21059542193785,-0.0026032600805204775,21.689411307414396,0.006489884438636344,0.006506823392224318,-1.6938953587974405e-05,-188.21059542193785,-0.0026032600805204775
S01,source,regular-sensitivity,50,0.001,confirmatory,mixed,dominant_a,uniform_off_diagonal,"[0.8772142468731454,0.10800919537116982,0.014776557755684781]",0.014776557755684781,4.2147132893906845,21.689411307414396,0.02150121987585077,0.021689411307414395,-0.00018819143156362586,-188.19143156362586,-0.008676650043484295,21.689411307414396,0.02150121987585077,0.021689411307414395,-0.00018819143156362586,-188.19143156362586,-0.008676650043484295
S01,source,regular-sensitivity,50,0.003,extended-local,mixed,dominant_a,uniform_off_diagonal,"[0.8772142468731454,0.10800919537116982,0.014776557755684781]",0.014776557755684781,4.2147132893906845,21.689411307414396,0.06337567825694541,0.06506823392224319,-0.0016925556652977736,-188.0617405886415,-0.026012011749395023,21.689411307414396,0.06337567825694541,0.06506823392224319,-0.0016925556652977736,-188.0617405886415,-0.026012011749395023
S01,source,regular-sensitivity,50,0.01,extended-local,mixed,dominant_a,uniform_off_diagonal,"[0.8772142468731454,0.10800919537116982,0.014776557755684781]",0.014776557755684781,4.2147132893906845,21.689411307414396,0.19821518164922852,0.21689411307414397,-0.018678931424915446,-186.78931424915444,-0.08612004798180098,21.689411307414396,0.19821518164922852,0.21689411307414397,-0.018678931424915446,-186.78931424915444,-0.08612004798180098
S01,source,regular-sensitivity,50,0.03,stress,mixed,dominant_a,uniform_off_diagonal,"[0.8772142468731454,0.10800919537116982,0.014776557755684781]",0.014776557755684781,4.2147132893906845,21.689411307414396,0.4908017445396975,0.6506823392224319,-0.1598805946827344,-177.64510520303824,-0.24571220862363097,21.689411307414396,0.4908017445396975,0.6506823392224319,-0.1598805946827344,-177.64510520303824,-0.24571220862363097
S01,source,regular-sensitivity,50,0.1,stress,mixed,dominant_a,uniform_off_diagonal,"[0.8772142468731454,0.10800919537116982,0.014776557755684781]",0.014776557755684781,4.2147132893906845,21.689411307414396,0.887179240642419,2.1689411307414397,-1.2817618900990206,-128.17618900990203,-0.5909620468402745,21.689411307414396,0.887179240642419,2.1689411307414397,-1.2817618900990206,-128.17618900990203,-0.5909620468402745
S02,source,regular-sensitivity,1,0.0001,confirmatory,balanced,dominant_b,forward_cycle,"[0.32224807772203845,0.34734609562962415,0.3304058266483374]",0.32224807772203845,1.1324336023566182,0.01254900895379285,1.2549008953088858e-06,1.254900895379285e-06,-7.039923758690985e-17,-7.039923758690985e-09,-5.6099440080192283e-11,0.01254900895379285,1.2549008953088858e-06,1.254900895379285e-06,-7.039923758690985e-17,-7.039923758690985e-09,-5.6099440080192283e-11
S02,source,regular-sensitivity,1,0.0003,confirmatory,balanced,dominant_b,forward_cycle,"[0.32224807772203845,0.34734609562962415,0.3304058266483374]",0.32224807772203845,1.1324336023566182,0.01254900895379285,3.764702686093191e-06,3.764702686137855e-06,-4.4664047308719257e-17,-4.96267192319103e-10,-1.1863897638763966e-11,0.01254900895379285,3.764702686093191e-06,3.764702686137855e-06,-4.4664047308719257e-17,-4.96267192319103e-10,-1.1863897638763966e-11
S02,source,regular-sensitivity,1,0.001,confirmatory,balanced,dominant_b,forward_cycle,"[0.32224807772203845,0.34734609562962415,0.3304058266483374]",0.32224807772203845,1.1324336023566182,0.01254900895379285,1.2549008953866014e-05,1.2549008953792851e-05,7.316331785203745e-17,7.316331785203745e-11,5.830206841148547e-12,0.01254900895379285,1.2549008953866014e-05,1.2549008953792851e-05,7.316331785203745e-17,7.316331785203745e-11,5.830206841148547e-12
S02,source,regular-sensitivity,1,0.003,extended-local,balanced,dominant_b,forward_cycle,"[0.32224807772203845,0.34734609562962415,0.3304058266483374]",0.32224807772203845,1.1324336023566182,0.01254900895379285,3.7647026861376e-05,3.764702686137855e-05,-2.55465136891897e-18,-2.8385015210210775e-13,-6.785798459797481e-14,0.01254900895379285,3.7647026861376e-05,3.764702686137855e-05,-2.55465136891897e-18,-2.8385015210210775e-13,-6.785798459797481e-14
S02,source,regular-sensitivity,1,0.01,extended-local,balanced,dominant_b,forward_cycle,"[0.32224807772203845,0.34734609562962415,0.3304058266483374]",0.32224807772203845,1.1324336023566182,0.01254900895379285,0.000125490089537994,0.0001254900895379285,6.55129162724366e-17,6.551291627243661e-13,5.22056494769141e-13,0.01254900895379285,0.000125490089537994,0.0001254900895379285,6.55129162724366e-17,6.551291627243661e-13,5.22056494769141e-13
S02,source,regular-sensitivity,1,0.03,stress,balanced,dominant_b,forward_cycle,"[0.32224807772203845,0.34734609562962415,0.3304058266483374]",0.32224807772203845,1.1324336023566182,0.01254900895379285,0.000376470268613871,0.0003764702686137855,8.548934130048202e-17,9.498815700053558e-14,2.2708125562017246e-13,0.01254900895379285,0.000376470268613871,0.0003764702686137855,8.548934130048202e-17,9.498815700053558e-14,2.2708125562017246e-13
S02,source,regular-sensitivity,1,0.1,stress,balanced,dominant_b,forward_cycle,"[0.32224807772203845,0.34734609562962415,0.3304058266483374]",0.32224807772203845,1.1324336023566182,0.01254900895379285,0.0012549008953793295,0.0012549008953792852,4.423544863740858e-17,4.423544863740857e-15,3.525015306012569e-14,0.01254900895379285,0.0012549008953793295,0.0012549008953792852,4.423544863740858e-17,4.423544863740857e-15,3.525015306012569e-14
S02,source,regular-sensitivity,5,0.0001,confirmatory,balanced,dominant_b,forward_cycle,"[0.27869593630004535,0.4055001946055472,0.3158038690944073]",0.27869593630004535,1.2776339255117486,0.19365382852136104,1.936452447759418e-05,1.9365382852136104e-05,-8.583745419234743e-10,-0.08583745419234742,-4.432520381742884e-05,0.19365382852136104,1.936452447759418e-05,1.9365382852136104e-05,-8.583745419234743e-10,-0.08583745419234742,-4.432520381742884e-05
S02,source,regular-sensitivity,5,0.0003,confirmatory,balanced,dominant_b,forward_cycle,"[0.27869593630004535,0.4055001946055472,0.3158038690944073]",0.27869593630004535,1.2776339255117486,0.19365382852136104,5.808842340254694e-05,5.8096148556408305e-05,-7.725153861364768e-09,-0.085835042904053,-0.00013297187599043764,0.19365382852136104,5.808842340254694e-05,5.8096148556408305e-05,-7.725153861364768e-09,-0.085835042904053,-0.00013297187599043764
S02,source,regular-sensitivity,5,0.001,confirmatory,balanced,dominant_b,forward_cycle,"[0.27869593630004535,0.4055001946055472,0.3158038690944073]",0.27869593630004535,1.2776339255117486,0.19365382852136104,0.000193568001915001,0.00019365382852136104,-8.582660636003076e-08,-0.08582660636003077,-0.00044319602155742374,0.19365382852136104,0.000193568001915001,0.00019365382852136104,-8.582660636003076e-08,-0.08582660636003077,-0.00044319602155742374
S02,source,regular-sensitivity,5,0.003,extended-local,balanced,dominant_b,forward_cycle,"[0.27869593630004535,0.4055001946055472,0.3158038690944073]",0.27869593630004535,1.2776339255117486,0.19365382852136104,0.0005801892631503436,0.0005809614855640831,-7.722224137395647e-07,-0.08580249041550718,-0.0013292144710587437,0.19365382852136104,0.0005801892631503436,0.0005809614855640831,-7.722224137395647e-07,-0.08580249041550718,-0.0013292144710587437
S02,source,regular-sensitivity,5,0.01,extended-local,balanced,dominant_b,forward_cycle,"[0.27869593630004535,0.4055001946055472,0.3158038690944073]",0.27869593630004535,1.2776339255117486,0.19365382852136104,0.0019279664841983513,0.0019365382852136103,-8.571801015259083e-06,-0.08571801015259083,-0.004426352466516596,0.19365382852136104,0.0019279664841983513,0.0019365382852136103,-8.571801015259083e-06,-0.08571801015259083,-0.004426352466516596
S02,source,regular-sensitivity,5,0.03,stress,balanced,dominant_b,forward_cycle,"[0.27869593630004535,0.4055001946055472,0.3158038690944073]",0.27869593630004535,1.2776339255117486,0.19365382852136104,0.005732686452288638,0.005809614855640831,-7.69284033521932e-05,-0.08547600372465912,-0.013241566827360296,0.19365382852136104,0.005732686452288638,0.005809614855640831,-7.69284033521932e-05,-0.08547600372465912,-0.013241566827360296
S02,source,regular-sensitivity,5,0.1,stress,balanced,dominant_b,forward_cycle,"[0.27869593630004535,0.4055001946055472,0.3158038690944073]",0.27869593630004535,1.2776339255117486,0.19365382852136104,0.018519165280077354,0.019365382852136105,-0.0008462175720587509,-0.08462175720587507,-0.043697435703699945,0.19365382852136104,0.018519165280077354,0.019365382852136105,-0.0008462175720587509,-0.08462175720587507,-0.043697435703699945
S02,source,regular-sensitivity,20,0.0001,confirmatory,balanced,dominant_b,forward_cycle,"[0.14024438316608837,0.6285317192117627,0.2312238976221491]",0.14024438316608837,1.9643687841079458,2.5537390387812984,0.00025532779167614095,0.0002553739038781298,-4.611220198887621e-08,-4.6112201988876205,-0.0001805674005394145,2.5537390387812984,0.00025532779167614095,0.0002553739038781298,-4.611220198887621e-08,-4.6112201988876205,-0.0001805674005394145
S02,source,regular-sensitivity,20,0.0003,confirmatory,balanced,dominant_b,forward_cycle,"[0.14024438316608837,0.6285317192117627,0.2312238976221491]",0.14024438316608837,1.9643687841079458,2.5537390387812984,0.0007657067435715703,0.0007661217116343895,-4.1496806281915606e-07,-4.610756253546179,-0.0005416476997289279,2.5537390387812984,0.0007657067435715703,0.0007661217116343895,-4.1496806281915606e-07,-4.610756253546179,-0.0005416476997289279
S02,source,regular-sensitivity,20,0.001,confirmatory,balanced,dominant_b,forward_cycle,"[0.14024438316608837,0.6285317192117627,0.2312238976221491]",0.14024438316608837,1.9643687841079458,2.5537390387812984,0.002549129909655251,0.0025537390387812982,-4.609129126047131e-06,-4.609129126047131,-0.0018048551774682159,2.5537390387812984,0.002549129909655251,0.0025537390387812982,-4.609129126047131e-06,-4.609129126047131,-0.0018048551774682159
S02,source,regular-sensitivity,20,0.003,extended-local,balanced,dominant_b,forward_cycle,"[0.14024438316608837,0.6285317192117627,0.2312238976221491]",0.14024438316608837,1.9643687841079458,2.5537390387812984,0.0076197770475041615,0.007661217116343895,-4.144006883973362e-05,-4.604452093303736,-0.005409071197229005,2.5537390387812984,0.0076197770475041615,0.007661217116343895,-4.144006883973362e-05,-4.604452093303736,-0.005409071197229005
S02,source,regular-sensitivity,20,0.01,extended-local,balanced,dominant_b,forward_cycle,"[0.14024438316608837,0.6285317192117627,0.2312238976221491]",0.14024438316608837,1.9643687841079458,2.5537390387812984,0.0250786143260191,0.025537390387812983,-0.00045877606179388353,-4.5877606179388355,-0.017964876396016634,2.5537390387812984,0.0250786143260191,0.025537390387812983,-0.00045877606179388353,-4.5877606179388355,-0.017964876396016634
S02,source,regular-sensitivity,20,0.03,stress,balanced,dominant_b,forward_cycle,"[0.14024438316608837,0.6285317192117627,0.2312238976221491]",0.14024438316608837,1.9643687841079458,2.5537390387812984,0.07252845652447548,0.07661217116343895,-0.004083714638963468,-4.537460709959409,-0.05330373199124669,2.5537390387812984,0.07252845652447548,0.07661217116343895,-0.004083714638963468,-4.537460709959409,-0.05330373199124669
S02,source,regular-sensitivity,20,0.1,stress,balanced,dominant_b,forward_cycle,"[0.14024438316608837,0.6285317192117627,0.2312238976221491]",0.14024438316608837,1.9643687841079458,2.5537390387812984,0.2120089453803492,0.25537390387812986,-0.04336495849778066,-4.336495849778065,-0.16980967060156385,2.5537390387812984,0.2120089453803492,0.25537390387812986,-0.04336495849778066,-4.336495849778065,-0.16980967060156385
S02,source,regular-sensitivity,50,0.0001,confirmatory,balanced,dominant_b,forward_cycle,"[0.021271424997296076,0.9044840065682137,0.07424456843449029]",0.021271424997296076,3.8503906563725345,8.127397814572994,0.0008125528213264663,0.0008127397814572994,-1.8696013083312982e-07,-18.69601308331298,-0.00023003688892636362,8.127397814572994,0.0008125528213264663,0.0008127397814572994,-1.8696013083312982e-07,-18.69601308331298,-0.00023003688892636362
S02,source,regular-sensitivity,50,0.0003,confirmatory,balanced,dominant_b,forward_cycle,"[0.021271424997296076,0.9044840065682137,0.07424456843449029]",0.021271424997296076,3.8503906563725345,8.127397814572994,0.0024365361790443067,0.002438219344371898,-1.6831653275911802e-06,-18.701836973235338,-0.0006903256392729405,8.127397814572994,0.0024365361790443067,0.002438219344371898,-1.6831653275911802e-06,-18.701836973235338,-0.0006903256392729405
S02,source,regular-sensitivity,50,0.001,confirmatory,balanced,dominant_b,forward_cycle,"[0.021271424997296076,0.9044840065682137,0.07424456843449029]",0.021271424997296076,3.8503906563725345,8.127397814572994,0.008108675693934912,0.008127397814572994,-1.8722120638081652e-05,-18.722120638081652,-0.0023035811787767515,8.127397814572994,0.008108675693934912,0.008127397814572994,-1.8722120638081652e-05,-18.722120638081652,-0.0023035811787767515
S02,source,regular-sensitivity,50,0.003,extended-local,balanced,dominant_b,forward_cycle,"[0.021271424997296076,0.9044840065682137,0.07424456843449029]",0.021271424997296076,3.8503906563725345,8.127397814572994,0.02421318051860419,0.02438219344371898,-0.00016901292511478996,-18.779213901643327,-0.00693181790657677,8.127397814572994,0.02421318051860419,0.02438219344371898,-0.00016901292511478996,-18.779213901643327,-0.00693181790657677
S02,source,regular-sensitivity,50,0.01,extended-local,balanced,dominant_b,forward_cycle,"[0.021271424997296076,0.9044840065682137,0.07424456843449029]",0.021271424997296076,3.8503906563725345,8.127397814572994,0.0793770905644877,0.08127397814572994,-0.0018968875812422348,-18.968875812422347,-0.023339420864092346,8.127397814572994,0.0793770905644877,0.08127397814572994,-0.0018968875812422348,-18.968875812422347,-0.023339420864092346
S02,source,regular-sensitivity,50,0.03,stress,balanced,dominant_b,forward_cycle,"[0.021271424997296076,0.9044840065682137,0.07424456843449029]",0.021271424997296076,3.8503906563725345,8.127397814572994,0.22634313910474715,0.2438219344371898,-0.017478795332442648,-19.420883702714054,-0.07168672241399719,8.127397814572994,0.22634313910474715,0.2438219344371898,-0.017478795332442648,-19.420883702714054,-0.07168672241399719
S02,source,regular-sensitivity,50,0.1,stress,balanced,dominant_b,forward_cycle,"[0.021271424997296076,0.9044840065682137,0.07424456843449029]",0.021271424997296076,3.8503906563725345,8.127397814572994,0.613403457210946,0.8127397814572994,-0.1993363242463534,-19.933632424635334,-0.24526463302796547,8.127397814572994,0.613403457210946,0.8127397814572994,-0.1993363242463534,-19.933632424635334,-0.24526463302796547
S03,source,regular-sensitivity,1,0.0001,confirmatory,skew_a,weak,uniform_mix,"[0.7013975491964067,0.19939980409302516,0.09920264671056807]",0.09920264671056807,2.310590584497148,0.736128431726147,7.361284317261574e-05,7.36128431726147e-05,1.043544591017298e-18,1.043544591017298e-10,1.417612125876311e-14,0.736128431726147,7.361284317261574e-05,7.36128431726147e-05,1.043544591017298e-18,1.043544591017298e-10,1.417612125876311e-14
S03,source,regular-sensitivity,1,0.0003,confirmatory,skew_a,weak,uniform_mix,"[0.7013975491964067,0.19939980409302516,0.09920264671056807]",0.09920264671056807,2.310590584497148,0.736128431726147,0.00022083852951790273,0.00022083852951784407,5.865533753146579e-17,6.517259725718422e-10,2.6560282600834086e-13,0.736128431726147,0.00022083852951790273,0.00022083852951784407,5.865533753146579e-17,6.517259725718422e-10,2.6560282600834086e-13
S03,source,regular-sensitivity,1,0.001,confirmatory,skew_a,weak,uniform_mix,"[0.7013975491964067,0.19939980409302516,0.09920264671056807]",0.09920264671056807,2.310590584497148,0.736128431726147,0.0007361284317261713,0.000736128431726147,2.42861286636753e-17,2.42861286636753e-11,3.299170038403051e-14,0.736128431726147,0.0007361284317261713,0.000736128431726147,2.42861286636753e-17,2.42861286636753e-11,3.299170038403051e-14
S03,source,regular-sensitivity,1,0.003,extended-local,skew_a,weak,uniform_mix,"[0.7013975491964067,0.19939980409302516,0.09920264671056807]",0.09920264671056807,2.310590584497148,0.736128431726147,0.0022083852951784444,0.002208385295178441,3.469446951953614e-18,3.854941057726238e-13,1.5710333516205004e-15,0.736128431726147,0.0022083852951784444,0.002208385295178441,3.469446951953614e-18,3.854941057726238e-13,1.5710333516205004e-15
S03,source,regular-sensitivity,1,0.01,extended-local,skew_a,weak,uniform_mix,"[0.7013975491964067,0.19939980409302516,0.09920264671056807]",0.09920264671056807,2.310590584497148,0.736128431726147,0.007361284317261449,0.00736128431726147,-2.0816681711721685e-17,-2.0816681711721685e-13,-2.827860032916901e-15,0.736128431726147,0.007361284317261449,0.00736128431726147,-2.0816681711721685e-17,-2.0816681711721685e-13,-2.827860032916901e-15
S03,source,regular-sensitivity,1,0.03,stress,skew_a,weak,uniform_mix,"[0.7013975491964067,0.19939980409302516,0.09920264671056807]",0.09920264671056807,2.310590584497148,0.736128431726147,0.02208385295178439,0.02208385295178441,-2.0816681711721685e-17,-2.312964634635743e-14,-9.426200109723002e-16,0.736128431726147,0.02208385295178439,0.02208385295178441,-2.0816681711721685e-17,-2.312964634635743e-14,-9.426200109723002e-16
S03,source,regular-sensitivity,1,0.1,stress,skew_a,weak,uniform_mix,"[0.7013975491964067,0.19939980409302516,0.09920264671056807]",0.09920264671056807,2.310590584497148,0.736128431726147,0.07361284317261467,0.0736128431726147,-2.7755575615628914e-17,-2.775557561562891e-15,-3.770480043889201e-16,0.736128431726147,0.07361284317261467,0.0736128431726147,-2.7755575615628914e-17,-2.775557561562891e-15,-3.770480043889201e-16
S03,source,regular-sensitivity,5,0.0001,confirmatory,skew_a,weak,uniform_mix,"[0.7069386560313311,0.19699550812095584,0.09606583584771308]",0.09606583584771308,2.342721532480518,3.680524581586109,0.0003679800660056215,0.00036805245815861094,-7.239215298943851e-08,-7.239215298943851,-0.00019668976903895955,3.680524581586109,0.0003679800660056215,0.00036805245815861094,-7.239215298943851e-08,-7.239215298943851,-0.00019668976903895955
S03,source,regular-sensitivity,5,0.0003,confirmatory,skew_a,weak,uniform_mix,"[0.7069386560313311,0.19699550812095584,0.09606583584771308]",0.09606583584771308,2.342721532480518,3.680524581586109,0.0011035059713931372,0.0011041573744758326,-6.514030826954269e-07,-7.23781202994919,-0.000589954926492849,3.680524581586109,0.0011035059713931372,0.0011041573744758326,-6.514030826954269e-07,-7.23781202994919,-0.000589954926492849
S03,source,regular-sensitivity,5,0.001,confirmatory,skew_a,weak,uniform_mix,"[0.7069386560313311,0.19699550812095584,0.09606583584771308]",0.09606583584771308,2.342721532480518,3.680524581586109,0.00367329167893074,0.0036805245815861093,-7.232902655369099e-06,-7.232902655369099,-0.001965182542607039,3.680524581586109,0.00367329167893074,0.0036805245815861093,-7.232902655369099e-06,-7.232902655369099,-0.001965182542607039
S03,source,regular-sensitivity,5,0.003,extended-local,skew_a,weak,uniform_mix,"[0.7069386560313311,0.19699550812095584,0.09606583584771308]",0.09606583584771308,2.342721532480518,3.680524581586109,0.010976603706972843,0.011041573744758329,-6.497003778548581e-05,-7.218893087276201,-0.005884128412068839,3.680524581586109,0.010976603706972843,0.011041573744758329,-6.497003778548581e-05,-7.218893087276201,-0.005884128412068839
S03,source,regular-sensitivity,5,0.01,extended-local,skew_a,weak,uniform_mix,"[0.7069386560313311,0.19699550812095584,0.09606583584771308]",0.09606583584771308,2.342721532480518,3.680524581586109,0.03608823979539627,0.036805245815861094,-0.0007170060204648235,-7.170060204648235,-0.019481082236267315,3.680524581586109,0.03608823979539627,0.036805245815861094,-0.0007170060204648235,-7.170060204648235,-0.019481082236267315
S03,source,regular-sensitivity,5,0.03,stress,skew_a,weak,uniform_mix,"[0.7069386560313311,0.19699550812095584,0.09606583584771308]",0.09606583584771308,2.342721532480518,3.680524581586109,0.10408671050276355,0.11041573744758328,-0.006329026944819724,-7.032252160910804,-0.057319971691754984,3.680524581586109,0.10408671050276355,0.11041573744758328,-0.006329026944819724,-7.032252160910804,-0.057319971691754984
S03,source,regular-sensitivity,5,0.1,stress,skew_a,weak,uniform_mix,"[0.7069386560313311,0.19699550812095584,0.09606583584771308]",0.09606583584771308,2.342721532480518,3.680524581586109,0.3023552795483062,0.36805245815861093,-0.06569717861030472,-6.569717861030471,-0.1784994968896329,3.680524581586109,0.3023552795483062,0.36805245815861093,-0.06569717861030472,-6.569717861030471,-0.1784994968896329
S03,source,regular-sensitivity,20,0.0001,confirmatory,skew_a,weak,uniform_mix,"[0.7270154892403149,0.18795166233038774,0.08503284842929734]",0.08503284842929734,2.4647176450358237,14.686808254627987,0.0014673754087908553,0.0014686808254627988,-1.3054166719435323e-06,-130.54166719435324,-0.0008888361918473199,14.686808254627987,0.0014673754087908553,0.0014686808254627988,-1.3054166719435323e-06,-130.54166719435324,-0.0008888361918473199
S03,source,regular-sensitivity,20,0.0003,confirmatory,skew_a,weak,uniform_mix,"[0.7270154892403149,0.18795166233038774,0.08503284842929734]",0.08503284842929734,2.4647176450358237,14.686808254627987,0.0043943064568130324,0.0044060424763883955,-1.173601957536307e-05,-130.40021750403415,-0.002663619254298022,14.686808254627987,0.0043943064568130324,0.0044060424763883955,-1.173601957536307e-05,-130.40021750403415,-0.002663619254298022
S03,source,regular-sensitivity,20,0.001,confirmatory,skew_a,weak,uniform_mix,"[0.7270154892403149,0.18795166233038774,0.08503284842929734]",0.08503284842929734,2.4647176450358237,14.686808254627987,0.014556901553319804,0.014686808254627988,-0.00012990670130818421,-129.9067013081842,-0.008845128162359515,14.686808254627987,0.014556901553319804,0.014686808254627988,-0.00012990670130818421,-129.9067013081842,-0.008845128162359515
S03,source,regular-sensitivity,20,0.003,extended-local,skew_a,weak,uniform_mix,"[0.7270154892403149,0.18795166233038774,0.08503284842929734]",0.08503284842929734,2.4647176450358237,14.686808254627987,0.04290383541528457,0.044060424763883964,-0.001156589348599392,-128.50992762215466,-0.026250072594566555,14.686808254627987,0.04290383541528457,0.044060424763883964,-0.001156589348599392,-128.50992762215466,-0.026250072594566555
S03,source,regular-sensitivity,20,0.01,extended-local,skew_a,weak,uniform_mix,"[0.7270154892403149,0.18795166233038774,0.08503284842929734]",0.08503284842929734,2.4647176450358237,14.686808254627987,0.13449077945277277,0.14686808254627987,-0.012377303093507097,-123.77303093507096,-0.08427496893075365,14.686808254627987,0.13449077945277277,0.14686808254627987,-0.012377303093507097,-123.77303093507096,-0.08427496893075365
S03,source,regular-sensitivity,20,0.03,stress,skew_a,weak,uniform_mix,"[0.7270154892403149,0.18795166233038774,0.08503284842929734]",0.08503284842929734,2.4647176450358237,14.686808254627987,0.34028754427474817,0.4406042476388396,-0.10031670336409143,-111.46300373787938,-0.22767983718196103,14.686808254627987,0.34028754427474817,0.4406042476388396,-0.10031670336409143,-111.46300373787938,-0.22767983718196103
S03,source,regular-sensitivity,20,0.1,stress,skew_a,weak,uniform_mix,"[0.7270154892403149,0.18795166233038774,0.08503284842929734]",0.08503284842929734,2.4647176450358237,14.686808254627987,0.6700870285727993,1.4686808254627988,-0.7985937968899994,-79.85937968899992,-0.5437490454322185,14.686808254627987,0.6700870285727993,1.4686808254627988,-0.7985937968899994,-79.85937968899992,-0.5437490454322185
S03,source,regular-sensitivity,50,0.0001,confirmatory,skew_a,weak,uniform_mix,"[0.7638475556092894,0.16996716413019824,0.06618528026051237]",0.06618528026051237,2.7152971933234062,36.19249854312967,0.003611749941787132,0.0036192498543129673,-7.499912525835498e-06,-749.9912525835498,-0.0020722284527822923,36.19249854312967,0.003611749941787132,0.0036192498543129673,-7.499912525835498e-06,-749.9912525835498,-0.0020722284527822923
S03,source,regular-sensitivity,50,0.0003,confirmatory,skew_a,weak,uniform_mix,"[0.7638475556092894,0.16996716413019824,0.06618528026051237]",0.06618528026051237,2.7152971933234062,36.19249854312967,0.01079041732020354,0.0108577495629389,-6.73322427353594e-05,-748.1360303928823,-0.006201307402151425,36.19249854312967,0.01079041732020354,0.0108577495629389,-6.73322427353594e-05,-748.1360303928823,-0.006201307402151425
S03,source,regular-sensitivity,50,0.001,confirmatory,skew_a,weak,uniform_mix,"[0.7638475556092894,0.16996716413019824,0.06618528026051237]",0.06618528026051237,2.7152971933234062,36.19249854312967,0.03545081482608324,0.03619249854312968,-0.000741683717046436,-741.6837170464361,-0.02049274703050939,36.19249854312967,0.03545081482608324,0.03619249854312968,-0.000741683717046436,-741.6837170464361,-0.02049274703050939
S03,source,regular-sensitivity,50,0.003,extended-local,skew_a,weak,uniform_mix,"[0.7638475556092894,0.16996716413019824,0.06618528026051237]",0.06618528026051237,2.7152971933234062,36.19249854312967,0.10206510776506585,0.10857749562938902,-0.006512387864323177,-723.5986515914641,-0.05997916811925848,36.19249854312967,0.10206510776506585,0.10857749562938902,-0.006512387864323177,-723.5986515914641,-0.05997916811925848
S03,source,regular-sensitivity,50,0.01,extended-local,skew_a,weak,uniform_mix,"[0.7638475556092894,0.16996716413019824,0.06618528026051237]",0.06618528026051237,2.7152971933234062,36.19249854312967,0.2954927362443702,0.36192498543129675,-0.06643224918692653,-664.3224918692653,-0.18355253674393582,36.19249854312967,0.2954927362443702,0.36192498543129675,-0.06643224918692653,-664.3224918692653,-0.18355253674393582
S03,source,regular-sensitivity,50,0.03,stress,skew_a,weak,uniform_mix,"[0.7638475556092894,0.16996716413019824,0.06618528026051237]",0.06618528026051237,2.7152971933234062,36.19249854312967,0.6118391732372347,1.08577495629389,-0.4739357830566554,-526.595314507395,-0.4364954084724475,36.19249854312967,0.6118391732372347,1.08577495629389,-0.4739357830566554,-526.595314507395,-0.4364954084724475
S03,source,regular-sensitivity,50,0.1,stress,skew_a,weak,uniform_mix,"[0.7638475556092894,0.16996716413019824,0.06618528026051237]",0.06618528026051237,2.7152971933234062,36.19249854312967,0.8266684822919443,3.6192498543129674,-2.792581372021023,-279.25813720210226,-0.7715912093477535,36.19249854312967,0.8266684822919443,3.6192498543129674,-2.792581372021023,-279.25813720210226,-0.7715912093477535
S04,source,regular-sensitivity,1,0.0001,confirmatory,skew_b,tie_ab,asymmetric_a,"[0.052030027507840866,0.15609008252352258,0.7918798899686366]",0.052030027507840866,2.9559342749881394,0.5294438569592275,5.294438569598825e-05,5.294438569592275e-05,6.549936374528054e-17,6.549936374528054e-09,1.2371352105483895e-12,0.5294438569592275,5.294438569598825e-05,5.294438569592275e-05,6.549936374528054e-17,6.549936374528054e-09,1.2371352105483895e-12
S04,source,regular-sensitivity,1,0.0003,confirmatory,skew_b,tie_ab,asymmetric_a,"[0.052030027507840866,0.15609008252352258,0.7918798899686366]",0.052030027507840866,2.9559342749881394,0.5294438569592275,0.00015883315708781903,0.00015883315708776824,5.079487178094588e-17,5.643874642327321e-10,3.1980017719396956e-13,0.5294438569592275,0.00015883315708781903,0.00015883315708776824,5.079487178094588e-17,5.643874642327321e-10,3.1980017719396956e-13
S04,source,regular-sensitivity,1,0.001,confirmatory,skew_b,tie_ab,asymmetric_a,"[0.052030027507840866,0.15609008252352258,0.7918798899686366]",0.052030027507840866,2.9559342749881394,0.5294438569592275,0.0005294438569592233,0.0005294438569592275,-4.228388472693467e-18,-4.228388472693467e-12,-7.98647187442784e-15,0.5294438569592275,0.0005294438569592233,0.0005294438569592275,-4.228388472693467e-18,-4.228388472693467e-12,-7.98647187442784e-15
S04,source,regular-sensitivity,1,0.003,extended-local,skew_b,tie_ab,asymmetric_a,"[0.052030027507840866,0.15609008252352258,0.7918798899686366]",0.052030027507840866,2.9559342749881394,0.5294438569592275,0.0015883315708777254,0.0015883315708776825,4.2934406030425976e-17,4.7704895589362195e-12,2.703113557498654e-14,0.5294438569592275,0.0015883315708777254,0.0015883315708776825,4.2934406030425976e-17,4.7704895589362195e-12,2.703113557498654e-14
S04,source,regular-sensitivity,1,0.01,extended-local,skew_b,tie_ab,asymmetric_a,"[0.052030027507840866,0.15609008252352258,0.7918798899686366]",0.052030027507840866,2.9559342749881394,0.5294438569592275,0.005294438569592309,0.005294438569592275,3.469446951953614e-17,3.469446951953614e-13,6.5530025636331006e-15,0.5294438569592275,0.005294438569592309,0.005294438569592275,3.469446951953614e-17,3.469446951953614e-13,6.5530025636331006e-15
S04,source,regular-sensitivity,1,0.03,stress,skew_b,tie_ab,asymmetric_a,"[0.052030027507840866,0.15609008252352258,0.7918798899686366]",0.052030027507840866,2.9559342749881394,0.5294438569592275,0.015883315708776893,0.015883315708776824,6.938893903907228e-17,7.709882115452476e-14,4.3686683757554e-15,0.5294438569592275,0.015883315708776893,0.015883315708776824,6.938893903907228e-17,7.709882115452476e-14,4.3686683757554e-15
S04,source,regular-sensitivity,1,0.1,stress,skew_b,tie_ab,asymmetric_a,"[0.052030027507840866,0.15609008252352258,0.7918798899686366]",0.052030027507840866,2.9559342749881394,0.5294438569592275,0.05294438569592271,0.05294438569592275,-3.469446951953614e-17,-3.4694469519536134e-15,-6.553002563633101e-16,0.5294438569592275,0.05294438569592271,0.05294438569592275,-3.469446951953614e-17,-3.4694469519536134e-15,-6.553002563633101e-16
S04,source,regular-sensitivity,5,0.0001,confirmatory,skew_b,tie_ab,asymmetric_a,"[0.06075034256234827,0.1822510276870448,0.7569986297506069]",0.06075034256234827,2.8009825578909866,2.6816143341546557,0.0002681280328238056,0.00026816143341546557,-3.340059165997302e-08,-3.3400591659973022,-0.00012455404654786842,2.6816143341546557,0.0002681280328238056,0.00026816143341546557,-3.340059165997302e-08,-3.3400591659973022,-0.00012455404654786842
S04,source,regular-sensitivity,5,0.0003,confirmatory,skew_b,tie_ab,asymmetric_a,"[0.06075034256234827,0.1822510276870448,0.7569986297506069]",0.06075034256234827,2.8009825578909866,2.6816143341546557,0.0008041837353159192,0.0008044843002463966,-3.005649304773511e-07,-3.339610338637235,-0.0003736119280205896,2.6816143341546557,0.0008041837353159192,0.0008044843002463966,-3.005649304773511e-07,-3.339610338637235,-0.0003736119280205896
S04,source,regular-sensitivity,5,0.001,confirmatory,skew_b,tie_ab,asymmetric_a,"[0.06075034256234827,0.1822510276870448,0.7569986297506069]",0.06075034256234827,2.8009825578909866,2.6816143341546557,0.002678276294110528,0.002681614334154656,-3.338040044128035e-06,-3.3380400441280353,-0.001244787515345792,2.6816143341546557,0.002678276294110528,0.002681614334154656,-3.338040044128035e-06,-3.3380400441280353,-0.001244787515345792
S04,source,regular-sensitivity,5,0.003,extended-local,skew_b,tie_ab,asymmetric_a,"[0.06075034256234827,0.1822510276870448,0.7569986297506069]",0.06075034256234827,2.8009825578909866,2.6816143341546557,0.008014840971673258,0.008044843002463968,-3.000203079070972e-05,-3.333558976745524,-0.0037293494455417865,2.6816143341546557,0.008014840971673258,0.008044843002463968,-3.000203079070972e-05,-3.333558976745524,-0.0037293494455417865
S04,source,regular-sensitivity,5,0.01,extended-local,skew_b,tie_ab,asymmetric_a,"[0.06075034256234827,0.1822510276870448,0.7569986297506069]",0.06075034256234827,2.8009825578909866,2.6816143341546557,0.026484349438218792,0.026816143341546556,-0.00033179390332776365,-3.317939033277636,-0.012372916533963763,2.6816143341546557,0.026484349438218792,0.026816143341546556,-0.00033179390332776365,-3.317939033277636,-0.012372916533963763
S04,source,regular-sensitivity,5,0.03,stress,skew_b,tie_ab,asymmetric_a,"[0.06075034256234827,0.1822510276870448,0.7569986297506069]",0.06075034256234827,2.8009825578909866,2.6816143341546557,0.07750196415788577,0.08044843002463967,-0.0029464658667539,-3.273850963059889,-0.0366255235291908,2.6816143341546557,0.07750196415788577,0.08044843002463967,-0.0029464658667539,-3.273850963059889,-0.0366255235291908
S04,source,regular-sensitivity,5,0.1,stress,skew_b,tie_ab,asymmetric_a,"[0.06075034256234827,0.1822510276870448,0.7569986297506069]",0.06075034256234827,2.8009825578909866,2.6816143341546557,0.23690537817732232,0.26816143341546556,-0.03125605523814323,-3.1256055238143228,-0.11655686218576357,2.6816143341546557,0.23690537817732232,0.26816143341546556,-0.03125605523814323,-3.1256055238143228,-0.11655686218576357
S04,source,regular-sensitivity,20,0.0001,confirmatory,skew_b,tie_ab,asymmetric_a,"[0.1011524187979224,0.3034572563937672,0.5953903248083104]",0.1011524187979224,2.2911268026743388,9.888674129278309,0.0009880891082411775,0.0009888674129278309,-7.783046866534013e-07,-77.83046866534013,-0.0007870667760696077,9.888674129278309,0.0009880891082411775,0.0009888674129278309,-7.783046866534013e-07,-77.83046866534013,-0.0007870667760696077
S04,source,regular-sensitivity,20,0.0003,confirmatory,skew_b,tie_ab,asymmetric_a,"[0.1011524187979224,0.3034572563937672,0.5953903248083104]",0.1011524187979224,2.2911268026743388,9.888674129278309,0.0029596054999654203,0.0029666022387834926,-6.996738818072258e-06,-77.74154242302511,-0.002358502507212222,9.888674129278309,0.0029596054999654203,0.0029666022387834926,-6.996738818072258e-06,-77.74154242302511,-0.002358502507212222
S04,source,regular-sensitivity,20,0.001,confirmatory,skew_b,tie_ab,asymmetric_a,"[0.1011524187979224,0.3034572563937672,0.5953903248083104]",0.1011524187979224,2.2911268026743388,9.888674129278309,0.009811242386238081,0.009888674129278309,-7.743174304022764e-05,-77.43174304022764,-0.007830346316193022,9.888674129278309,0.009811242386238081,0.009888674129278309,-7.743174304022764e-05,-77.43174304022764,-0.007830346316193022
S04,source,regular-sensitivity,20,0.003,extended-local,skew_b,tie_ab,asymmetric_a,"[0.1011524187979224,0.3034572563937672,0.5953903248083104]",0.1011524187979224,2.2911268026743388,9.888674129278309,0.028976993315226157,0.029666022387834928,-0.0006890290726087704,-76.55878584541894,-0.02322620348629275,9.888674129278309,0.028976993315226157,0.029666022387834928,-0.0006890290726087704,-76.55878584541894,-0.02322620348629275
S04,source,regular-sensitivity,20,0.01,extended-local,skew_b,tie_ab,asymmetric_a,"[0.1011524187979224,0.3034572563937672,0.5953903248083104]",0.1011524187979224,2.2911268026743388,9.888674129278309,0.09152285287349342,0.09888674129278309,-0.007363888419289671,-73.63888419289671,-0.07446790462521895,9.888674129278309,0.09152285287349342,0.09888674129278309,-0.007363888419289671,-73.63888419289671,-0.07446790462521895
S04,source,regular-sensitivity,20,0.03,stress,skew_b,tie_ab,asymmetric_a,"[0.1011524187979224,0.3034572563937672,0.5953903248083104]",0.1011524187979224,2.2911268026743388,9.888674129278309,0.23698275624810305,0.2966602238783493,-0.05967746763024623,-66.30829736694025,-0.20116437198779308,9.888674129278309,0.23698275624810305,0.2966602238783493,-0.05967746763024623,-66.30829736694025,-0.20116437198779308
S04,source,regular-sensitivity,20,0.1,stress,skew_b,tie_ab,asymmetric_a,"[0.1011524187979224,0.3034572563937672,0.5953903248083104]",0.1011524187979224,2.2911268026743388,9.888674129278309,0.5029527115247749,0.988867412927831,-0.48591470140305604,-48.591470140305596,-0.49138508868885017,9.888674129278309,0.5033642210789597,0.988867412927831,-0.48550319184887125,-48.550319184887115,-0.4909689463943373
S04,source,regular-sensitivity,50,0.0001,confirmatory,skew_b,tie_ab,asymmetric_a,"[0.18820482785729226,0.5646144835718766,0.24718068857083117]",0.18820482785729226,1.6702243993581198,20.085123220194472,0.0020032134561270565,0.002008512322019447,-5.29886589239071e-06,-529.886589239071,-0.0026382043238166422,20.085123220194472,0.0020032134561270565,0.002008512322019447,-5.29886589239071e-06,-529.886589239071,-0.0026382043238166422
S04,source,regular-sensitivity,50,0.0003,confirmatory,skew_b,tie_ab,asymmetric_a,"[0.18820482785729226,0.5646144835718766,0.24718068857083117]",0.18820482785729226,1.6702243993581198,20.085123220194472,0.00597803601870589,0.006025536966058341,-4.7500947352450626e-05,-527.7883039161181,-0.00788327208347106,20.085123220194472,0.00597803601870589,0.006025536966058341,-4.7500947352450626e-05,-527.7883039161181,-0.00788327208347106
S04,source,regular-sensitivity,50,0.001,confirmatory,skew_b,tie_ab,asymmetric_a,"[0.18820482785729226,0.5646144835718766,0.24718068857083117]",0.18820482785729226,1.6702243993581198,20.085123220194472,0.019564559434883166,0.020085123220194474,-0.0005205637853113072,-520.5637853113072,-0.025917878601208148,20.085123220194472,0.019564559434883166,0.020085123220194474,-0.0005205637853113072,-520.5637853113072,-0.025917878601208148
S04,source,regular-sensitivity,50,0.003,extended-local,skew_b,tie_ab,asymmetric_a,"[0.18820482785729226,0.5646144835718766,0.24718068857083117]",0.18820482785729226,1.6702243993581198,20.085123220194472,0.055747312370908714,0.06025536966058342,-0.004508057289674704,-500.8952544083004,-0.07481585981578816,20.085123220194472,0.055747312370908714,0.06025536966058342,-0.004508057289674704,-500.8952544083004,-0.07481585981578816
S04,source,regular-sensitivity,50,0.01,extended-local,skew_b,tie_ab,asymmetric_a,"[0.18820482785729226,0.5646144835718766,0.24718068857083117]",0.18820482785729226,1.6702243993581198,20.085123220194472,0.15667987241843037,0.20085123220194473,-0.04417135978351436,-441.71359783514356,-0.21992078066567455,20.085123220194472,0.15667987241843037,0.20085123220194473,-0.04417135978351436,-441.71359783514356,-0.21992078066567455
S04,source,regular-sensitivity,50,0.03,stress,skew_b,tie_ab,asymmetric_a,"[0.18820482785729226,0.5646144835718766,0.24718068857083117]",0.18820482785729226,1.6702243993581198,20.085123220194472,0.30810300162798687,0.6025536966058341,-0.29445069497784726,-327.16743886427474,-0.48867129458582476,20.085123220194472,0.30810300162798687,0.6025536966058341,-0.29445069497784726,-327.16743886427474,-0.48867129458582476
S04,source,regular-sensitivity,50,0.1,stress,skew_b,tie_ab,asymmetric_a,"[0.18820482785729226,0.5646144835718766,0.24718068857083117]",0.18820482785729226,1.6702243993581198,20.085123220194472,0.3688283793075785,2.008512322019447,-1.6396839427118688,-163.96839427118684,-0.8163673803421121,20.085123220194472,0.5033642210789597,2.008512322019447,-1.5051481009404875,-150.51481009404873,-0.7493845491707738
S05,source,regular-sensitivity,1,0.0001,confirmatory,edge,dominant_a,backward_cycle,"[0.001099474530134758,0.10353939993077459,0.8953611255390906]",0.001099474530134758,6.812922913190241,0.44713082550447797,4.4713082550480385e-05,4.47130825504478e-05,3.258705154676744e-17,3.2587051546767443e-09,7.288035109187766e-13,0.44713082550447797,4.4713082550480385e-05,4.47130825504478e-05,3.258705154676744e-17,3.2587051546767443e-09,7.288035109187766e-13
S05,source,regular-sensitivity,1,0.0003,confirmatory,edge,dominant_a,backward_cycle,"[0.001099474530134758,0.10353939993077459,0.8953611255390906]",0.001099474530134758,6.812922913190241,0.44713082550447797,0.00013413924765131604,0.00013413924765134339,-2.734899980094685e-17,-3.0387777556607614e-10,-2.0388514383227163e-13,0.44713082550447797,0.00013413924765131604,0.00013413924765134339,-2.734899980094685e-17,-3.0387777556607614e-10,-2.0388514383227163e-13
S05,source,regular-sensitivity,1,0.001,confirmatory,edge,dominant_a,backward_cycle,"[0.001099474530134758,0.10353939993077459,0.8953611255390906]",0.001099474530134758,6.812922913190241,0.44713082550447797,0.0004471308255044983,0.000447130825504478,2.0328790734103208e-17,2.0328790734103208e-11,4.546497260878207e-14,0.44713082550447797,0.0004471308255044983,0.000447130825504478,2.0328790734103208e-17,2.0328790734103208e-11,4.546497260878207e-14
S05,source,regular-sensitivity,1,0.003,extended-local,edge,dominant_a,backward_cycle,"[0.001099474530134758,0.10353939993077459,0.8953611255390906]",0.001099474530134758,6.812922913190241,0.44713082550447797,0.001341392476513384,0.001341392476513434,-5.0090140368830305e-17,-5.5655711520922556e-12,-3.7341897502679676e-14,0.44713082550447797,0.001341392476513384,0.001341392476513434,-5.0090140368830305e-17,-5.5655711520922556e-12,-3.7341897502679676e-14
S05,source,regular-sensitivity,1,0.01,extended-local,edge,dominant_a,backward_cycle,"[0.001099474530134758,0.10353939993077459,0.8953611255390906]",0.001099474530134758,6.812922913190241,0.44713082550447797,0.004471308255044858,0.00447130825504478,7.806255641895632e-17,7.806255641895632e-13,1.7458549481772316e-14,0.44713082550447797,0.004471308255044858,0.00447130825504478,7.806255641895632e-17,7.806255641895632e-13,1.7458549481772316e-14
S05,source,regular-sensitivity,1,0.03,stress,edge,dominant_a,backward_cycle,"[0.001099474530134758,0.10353939993077459,0.8953611255390906]",0.001099474530134758,6.812922913190241,0.44713082550447797,0.013413924765134352,0.013413924765134339,1.3877787807814457e-17,1.5419764230904952e-14,1.0345807100309522e-15,0.44713082550447797,0.013413924765134352,0.013413924765134339,1.3877787807814457e-17,1.5419764230904952e-14,1.0345807100309522e-15
S05,source,regular-sensitivity,1,0.1,stress,edge,dominant_a,backward_cycle,"[0.001099474530134758,0.10353939993077459,0.8953611255390906]",0.001099474530134758,6.812922913190241,0.44713082550447797,0.0447130825504478,0.0447130825504478,0.0,0.0,0.0,0.44713082550447797,0.0447130825504478,0.0447130825504478,0.0,0.0,0.0
S05,source,regular-sensitivity,5,0.0001,confirmatory,edge,dominant_a,backward_cycle,"[0.0016026183674648859,0.1235639235150807,0.8748334581174544]",0.0016026183674648859,6.43611650764462,2.4188501939298366,0.00024186911959691638,0.00024188501939298367,-1.5899796067291505e-08,-1.5899796067291505,-6.573286806761505e-05,2.4188501939298366,0.00024186911959691638,0.00024188501939298367,-1.5899796067291505e-08,-1.5899796067291505,-6.573286806761505e-05
S05,source,regular-sensitivity,5,0.0003,confirmatory,edge,dominant_a,backward_cycle,"[0.0016026183674648859,0.1235639235150807,0.8748334581174544]",0.0016026183674648859,6.43611650764462,2.4188501939298366,0.0007255119647471553,0.0007256550581789509,-1.4309343179558665e-07,-1.589927019950963,-0.00019719208208192348,2.4188501939298366,0.0007255119647471553,0.0007256550581789509,-1.4309343179558665e-07,-1.589927019950963,-0.00019719208208192348
S05,source,regular-sensitivity,5,0.001,confirmatory,edge,dominant_a,backward_cycle,"[0.0016026183674648859,0.1235639235150807,0.8748334581174544]",0.0016026183674648859,6.43611650764462,2.4188501939298366,0.0024172604510079793,0.0024188501939298368,-1.5897429218574705e-06,-1.5897429218574706,-0.0006572308305189668,2.4188501939298366,0.0024172604510079793,0.0024188501939298368,-1.5897429218574705e-06,-1.5897429218574706,-0.0006572308305189668
S05,source,regular-sensitivity,5,0.003,extended-local,edge,dominant_a,backward_cycle,"[0.0016026183674648859,0.1235639235150807,0.8748334581174544]",0.0016026183674648859,6.43611650764462,2.4188501939298366,0.0072422476337699465,0.00725655058178951,-1.4302948019563784e-05,-1.5892164466181982,-0.001971039526060409,2.4188501939298366,0.0072422476337699465,0.00725655058178951,-1.4302948019563784e-05,-1.5892164466181982,-0.001971039526060409
S05,source,regular-sensitivity,5,0.01,extended-local,edge,dominant_a,backward_cycle,"[0.0016026183674648859,0.1235639235150807,0.8748334581174544]",0.0016026183674648859,6.43611650764462,2.4188501939298366,0.024029765119460464,0.024188501939298366,-0.00015873681983790203,-1.5873681983790202,-0.0065624907336657694,2.4188501939298366,0.024029765119460464,0.024188501939298366,-0.00015873681983790203,-1.5873681983790202,-0.0065624907336657694
S05,source,regular-sensitivity,5,0.03,stress,edge,dominant_a,backward_cycle,"[0.0016026183674648859,0.1235639235150807,0.8748334581174544]",0.0016026183674648859,6.43611650764462,2.4188501939298366,0.07114166948612184,0.0725655058178951,-0.0014238363317732594,-1.5820403686369549,-0.019621393329034478,2.4188501939298366,0.07114166948612184,0.0725655058178951,-0.0014238363317732594,-1.5820403686369549,-0.019621393329034478
S05,source,regular-sensitivity,5,0.1,stress,edge,dominant_a,backward_cycle,"[0.0016026183674648859,0.1235639235150807,0.8748334581174544]",0.0016026183674648859,6.43611650764462,2.4188501939298366,0.22625630141597505,0.24188501939298368,-0.015628717977008627,-1.5628717977008624,-0.0646121782003254,2.4188501939298366,0.22625630141597505,0.24188501939298368,-0.015628717977008627,-1.5628717977008624,-0.0646121782003254
S05,source,regular-sensitivity,20,0.0001,confirmatory,edge,dominant_a,backward_cycle,"[0.006280546237832112,0.2287379001822831,0.7649815535798847]",0.006280546237832112,5.070298321738103,12.731449866302427,0.00127248969057088,0.0012731449866302427,-6.552960593628025e-07,-65.52960593628025,-0.0005147065465789868,12.731449866302427,0.00127248969057088,0.0012731449866302427,-6.552960593628025e-07,-65.52960593628025,-0.0005147065465789868
S05,source,regular-sensitivity,20,0.0003,confirmatory,edge,dominant_a,backward_cycle,"[0.006280546237832112,0.2287379001822831,0.7649815535798847]",0.006280546237832112,5.070298321738103,12.731449866302427,0.0038135403230005116,0.0038194349598907277,-5.894636890216125e-06,-65.49596544684584,-0.001543326945508392,12.731449866302427,0.0038135403230005116,0.0038194349598907277,-5.894636890216125e-06,-65.49596544684584,-0.001543326945508392
S05,source,regular-sensitivity,20,0.001,confirmatory,edge,dominant_a,backward_cycle,"[0.006280546237832112,0.2287379001822831,0.7649815535798847]",0.006280546237832112,5.070298321738103,12.731449866302427,0.012666071648470983,0.012731449866302426,-6.537821783144347e-05,-65.37821783144348,-0.005135174588754923,12.731449866302427,0.012666071648470983,0.012731449866302426,-6.537821783144347e-05,-65.37821783144348,-0.005135174588754923
S05,source,regular-sensitivity,20,0.003,extended-local,edge,dominant_a,backward_cycle,"[0.006280546237832112,0.2287379001822831,0.7649815535798847]",0.006280546237832112,5.070298321738103,12.731449866302427,0.037608973523142256,0.03819434959890728,-0.0005853760757650248,-65.04178619611386,-0.015326248042243716,12.731449866302427,0.037608973523142256,0.03819434959890728,-0.0005853760757650248,-65.04178619611386,-0.015326248042243716
S05,source,regular-sensitivity,20,0.01,extended-local,edge,dominant_a,backward_cycle,"[0.006280546237832112,0.2287379001822831,0.7649815535798847]",0.006280546237832112,5.070298321738103,12.731449866302427,0.12092793112444204,0.12731449866302427,-0.00638656753858223,-63.8656753858223,-0.050163709598277435,12.731449866302427,0.12092793112444204,0.12731449866302427,-0.00638656753858223,-63.8656753858223,-0.050163709598277435
S05,source,regular-sensitivity,20,0.03,stress,edge,dominant_a,backward_cycle,"[0.006280546237832112,0.2287379001822831,0.7649815535798847]",0.006280546237832112,5.070298321738103,12.731449866302427,0.3274489914516263,0.3819434959890728,-0.054494504537446475,-60.54944948605164,-0.14267687527006753,12.731449866302427,0.3274489914516263,0.3819434959890728,-0.054494504537446475,-60.54944948605164,-0.14267687527006753
S05,source,regular-sensitivity,20,0.1,stress,edge,dominant_a,backward_cycle,"[0.006280546237832112,0.2287379001822831,0.7649815535798847]",0.006280546237832112,5.070298321738103,12.731449866302427,0.7719978634454845,1.2731449866302427,-0.5011471231847582,-50.11471231847581,-0.3936292633183855,12.731449866302427,0.7719978634454845,1.2731449866302427,-0.5011471231847582,-50.11471231847581,-0.3936292633183855
S05,source,regular-sensitivity,50,0.0001,confirmatory,edge,dominant_a,backward_cycle,"[0.06583032675958816,0.534964545865689,0.3992051273747229]",0.06583032675958816,2.7206746538265625,51.6102896557736,0.00514549424058057,0.00516102896557736,-1.553472499679024e-05,-1553.472499679024,-0.0030100053885383266,51.6102896557736,0.00514549424058057,0.00516102896557736,-1.553472499679024e-05,-1553.472499679024,-0.0030100053885383266
S05,source,regular-sensitivity,50,0.0003,confirmatory,edge,dominant_a,backward_cycle,"[0.06583032675958816,0.534964545865689,0.3992051273747229]",0.06583032675958816,2.7206746538265625,51.6102896557736,0.015344091265436413,0.015483086896732078,-0.00013899563129566445,-1544.3959032851608,-0.008977255777399365,51.6102896557736,0.015344091265436413,0.015483086896732078,-0.00013899563129566445,-1544.3959032851608,-0.008977255777399365
S05,source,regular-sensitivity,50,0.001,confirmatory,edge,dominant_a,backward_cycle,"[0.06583032675958816,0.534964545865689,0.3992051273747229]",0.06583032675958816,2.7206746538265625,51.6102896557736,0.050096808935443216,0.0516102896557736,-0.0015134807203303832,-1513.4807203303833,-0.029325173922194244,51.6102896557736,0.050096808935443216,0.0516102896557736,-0.0015134807203303832,-1513.4807203303833,-0.029325173922194244
S05,source,regular-sensitivity,50,0.003,extended-local,edge,dominant_a,backward_cycle,"[0.06583032675958816,0.534964545865689,0.3992051273747229]",0.06583032675958816,2.7206746538265625,51.6102896557736,0.14194419486018972,0.1548308689673208,-0.012886674107131069,-1431.8526785701188,-0.0832306515689128,51.6102896557736,0.14194419486018972,0.1548308689673208,-0.012886674107131069,-1431.8526785701188,-0.0832306515689128
S05,source,regular-sensitivity,50,0.01,extended-local,edge,dominant_a,backward_cycle,"[0.06583032675958816,0.534964545865689,0.3992051273747229]",0.06583032675958816,2.7206746538265625,51.6102896557736,0.39547981950430733,0.516102896557736,-0.12062307705342867,-1206.2307705342866,-0.23371904683727088,51.6102896557736,0.39547981950430733,0.516102896557736,-0.12062307705342867,-1206.2307705342866,-0.23371904683727088
S05,source,regular-sensitivity,50,0.03,stress,edge,dominant_a,backward_cycle,"[0.06583032675958816,0.534964545865689,0.3992051273747229]",0.06583032675958816,2.7206746538265625,51.6102896557736,0.7955734885354881,1.548308689673208,-0.7527352011377197,-836.3724457085775,-0.48616610250801795,51.6102896557736,0.7955734885354881,1.548308689673208,-0.7527352011377197,-836.3724457085775,-0.48616610250801795
S05,source,regular-sensitivity,50,0.1,stress,edge,dominant_a,backward_cycle,"[0.06583032675958816,0.534964545865689,0.3992051273747229]",0.06583032675958816,2.7206746538265625,51.6102896557736,1.0887953214053008,5.16102896557736,-4.0722336441720595,-407.22336441720586,-0.7890352236603853,51.6102896557736,1.0887953214053008,5.16102896557736,-4.0722336441720595,-407.22336441720586,-0.7890352236603853
S06,source,regular-sensitivity,1,0.0001,confirmatory,balanced,neutral,asymmetric_b,"[0.3333333333333333,0.3333333333333333,0.3333333333333333]",0.3333333333333333,1.0986122886681098,0.23333333333333334,2.3333333333375172e-05,2.3333333333333336e-05,4.18366513307844e-17,4.18366513307844e-09,1.7929993427479028e-12,0.23333333333333334,2.3333333333375172e-05,2.3333333333333336e-05,4.18366513307844e-17,4.18366513307844e-09,1.7929993427479028e-12
S06,source,regular-sensitivity,1,0.0003,confirmatory,balanced,neutral,asymmetric_b,"[0.3333333333333333,0.3333333333333333,0.3333333333333333]",0.3333333333333333,1.0986122886681098,0.23333333333333334,7.000000000007e-05,7e-05,7.001235528825145e-17,7.779150587583495e-10,1.0001765041178778e-12,0.23333333333333334,7.000000000007e-05,7e-05,7.001235528825145e-17,7.779150587583495e-10,1.0001765041178778e-12
S06,source,regular-sensitivity,1,0.001,confirmatory,balanced,neutral,asymmetric_b,"[0.3333333333333333,0.3333333333333333,0.3333333333333333]",0.3333333333333333,1.0986122886681098,0.23333333333333334,0.00023333333333336315,0.00023333333333333333,2.981555974335137e-17,2.981555974335137e-11,1.2778097032864874e-13,0.23333333333333334,0.00023333333333336315,0.00023333333333333333,2.981555974335137e-17,2.981555974335137e-11,1.2778097032864874e-13
S06,source,regular-sensitivity,1,0.003,extended-local,balanced,neutral,asymmetric_b,"[0.3333333333333333,0.3333333333333333,0.3333333333333333]",0.3333333333333333,1.0986122886681098,0.23333333333333334,0.0007000000000000339,0.0007,3.393552799879629e-17,3.770614222088476e-12,4.847932571256613e-14,0.23333333333333334,0.0007000000000000339,0.0007,3.393552799879629e-17,3.770614222088476e-12,4.847932571256613e-14
S06,source,regular-sensitivity,1,0.01,extended-local,balanced,neutral,asymmetric_b,"[0.3333333333333333,0.3333333333333333,0.3333333333333333]",0.3333333333333333,1.0986122886681098,0.23333333333333334,0.002333333333333354,0.0023333333333333335,2.0383000842727483e-17,2.0383000842727483e-13,8.73557178974035e-15,0.23333333333333334,0.002333333333333354,0.0023333333333333335,2.0383000842727483e-17,2.0383000842727483e-13,8.73557178974035e-15
S06,source,regular-sensitivity,1,0.03,stress,balanced,neutral,asymmetric_b,"[0.3333333333333333,0.3333333333333333,0.3333333333333333]",0.3333333333333333,1.0986122886681098,0.23333333333333334,0.007000000000000006,0.007,6.071532165918825e-18,6.746146851020917e-15,8.673617379884035e-16,0.23333333333333334,0.007000000000000006,0.007,6.071532165918825e-18,6.746146851020917e-15,8.673617379884035e-16
S06,source,regular-sensitivity,1,0.1,stress,balanced,neutral,asymmetric_b,"[0.3333333333333333,0.3333333333333333,0.3333333333333333]",0.3333333333333333,1.0986122886681098,0.23333333333333334,0.023333333333333317,0.023333333333333334,-1.734723475976807e-17,-1.7347234759768067e-15,-7.434529182757744e-16,0.23333333333333334,0.023333333333333317,0.023333333333333334,-1.734723475976807e-17,-1.7347234759768067e-15,-7.434529182757744e-16
S06,source,regular-sensitivity,5,0.0001,confirmatory,balanced,neutral,asymmetric_b,"[0.3333333333333333,0.3333333333333333,0.3333333333333333]",0.3333333333333333,1.0986122886681098,1.1666666666666667,0.00011665366743002226,0.00011666666666666668,-1.2999236644422566e-08,-1.2999236644422565,-0.00011142202838076484,1.1666666666666667,0.00011665366743002226,0.00011666666666666668,-1.2999236644422566e-08,-1.2999236644422565,-0.00011142202838076484
S06,source,regular-sensitivity,5,0.0003,confirmatory,balanced,neutral,asymmetric_b,"[0.3333333333333333,0.3333333333333333,0.3333333333333333]",0.3333333333333333,1.0986122886681098,1.1666666666666667,0.00034988302060828813,0.00035,-1.1697939171186533e-07,-1.2997710190207261,-0.00033422683346247235,1.1666666666666667,0.00034988302060828813,0.00035,-1.1697939171186533e-07,-1.2997710190207261,-0.00033422683346247235
S06,source,regular-sensitivity,5,0.001,confirmatory,balanced,neutral,asymmetric_b,"[0.3333333333333333,0.3333333333333333,0.3333333333333333]",0.3333333333333333,1.0986122886681098,1.1666666666666667,0.0011653674297679717,0.0011666666666666668,-1.2992368986950668e-06,-1.2992368986950669,-0.0011136316274529142,1.1666666666666667,0.0011653674297679717,0.0011666666666666668,-1.2992368986950668e-06,-1.2992368986950669,-0.0011136316274529142
S06,source,regular-sensitivity,5,0.003,extended-local,balanced,neutral,asymmetric_b,"[0.3333333333333333,0.3333333333333333,0.3333333333333333]",0.3333333333333333,1.0986122886681098,1.1666666666666667,0.003488320591201577,0.0035000000000000005,-1.1679408798423614e-05,-1.2977120887137348,-0.0033369739424067464,1.1666666666666667,0.003488320591201577,0.0035000000000000005,-1.1679408798423614e-05,-1.2977120887137348,-0.0033369739424067464
S06,source,regular-sensitivity,5,0.01,extended-local,balanced,neutral,asymmetric_b,"[0.3333333333333333,0.3333333333333333,0.3333333333333333]",0.3333333333333333,1.0986122886681098,1.1666666666666667,0.011537427681221235,0.011666666666666667,-0.00012923898544543212,-1.292389854454321,-0.011077627323894182,1.1666666666666667,0.011537427681221235,0.011666666666666667,-0.00012923898544543212,-1.292389854454321,-0.011077627323894182
S06,source,regular-sensitivity,5,0.03,stress,balanced,neutral,asymmetric_b,"[0.3333333333333333,0.3333333333333333,0.3333333333333333]",0.3333333333333333,1.0986122886681098,1.1666666666666667,0.03385042264670307,0.035,-0.0011495773532969322,-1.2773081703299247,-0.0328450672370552,1.1666666666666667,0.03385042264670307,0.035,-0.0011495773532969322,-1.2773081703299247,-0.0328450672370552
S06,source,regular-sensitivity,5,0.1,stress,balanced,neutral,asymmetric_b,"[0.3333333333333333,0.3333333333333333,0.3333333333333333]",0.3333333333333333,1.0986122886681098,1.1666666666666667,0.10440707210000016,0.11666666666666668,-0.012259594566666518,-1.2259594566666516,-0.10508223914285586,1.1666666666666667,0.10440707210000016,0.11666666666666668,-0.012259594566666518,-1.2259594566666516,-0.10508223914285586
S06,source,regular-sensitivity,20,0.0001,confirmatory,balanced,neutral,asymmetric_b,"[0.3333333333333333,0.3333333333333333,0.3333333333333333]",0.3333333333333333,1.0986122886681098,4.66666666666667,0.0004664197536640158,0.000466666666666667,-2.469130026512079e-07,-24.691300265120788,-0.0005290992913954451,4.66666666666667,0.0004664197536640158,0.000466666666666667,-2.469130026512079e-07,-24.691300265120788,-0.0005290992913954451
S06,source,regular-sensitivity,20,0.0003,confirmatory,balanced,neutral,asymmetric_b,"[0.3333333333333333,0.3333333333333333,0.3333333333333333]",0.3333333333333333,1.0986122886681098,4.66666666666667,0.0013977793477188971,0.0014000000000000009,-2.2206522811037393e-06,-24.673914234485995,-0.0015861802007883842,4.66666666666667,0.0013977793477188971,0.0014000000000000009,-2.2206522811037393e-06,-24.673914234485995,-0.0015861802007883842
S06,source,regular-sensitivity,20,0.001,confirmatory,balanced,neutral,asymmetric_b,"[0.3333333333333333,0.3333333333333333,0.3333333333333333]",0.3333333333333333,1.0986122886681098,4.66666666666667,0.004642053462143969,0.00466666666666667,-2.4613204522700577e-05,-24.613204522700578,-0.005274258112007263,4.66666666666667,0.004642053462143969,0.00466666666666667,-2.4613204522700577e-05,-24.613204522700578,-0.005274258112007263
S06,source,regular-sensitivity,20,0.003,extended-local,balanced,neutral,asymmetric_b,"[0.3333333333333333,0.3333333333333333,0.3333333333333333]",0.3333333333333333,1.0986122886681098,4.66666666666667,0.01378003142575046,0.014000000000000009,-0.00021996857424954816,-24.44095269439424,-0.01571204101782486,4.66666666666667,0.01378003142575046,0.014000000000000009,-0.00021996857424954816,-24.44095269439424,-0.01571204101782486
S06,source,regular-sensitivity,20,0.01,extended-local,balanced,neutral,asymmetric_b,"[0.3333333333333333,0.3333333333333333,0.3333333333333333]",0.3333333333333333,1.0986122886681098,4.66666666666667,0.04428148104560092,0.0466666666666667,-0.002385185621065773,-23.85185621065773,-0.05111112045140939,4.66666666666667,0.04428148104560092,0.0466666666666667,-0.002385185621065773,-23.85185621065773,-0.05111112045140939
S06,source,regular-sensitivity,20,0.03,stress,balanced,neutral,asymmetric_b,"[0.3333333333333333,0.3333333333333333,0.3333333333333333]",0.3333333333333333,1.0986122886681098,4.66666666666667,0.1199476987298142,0.1400000000000001,-0.020052301270185896,-22.280334744650997,-0.1432307233584706,4.66666666666667,0.1199476987298142,0.1400000000000001,-0.020052301270185896,-22.280334744650997,-0.1432307233584706
S06,source,regular-sensitivity,20,0.1,stress,balanced,neutral,asymmetric_b,"[0.3333333333333333,0.3333333333333333,0.3333333333333333]",0.3333333333333333,1.0986122886681098,4.66666666666667,0.329810293129716,0.466666666666667,-0.13685637353695101,-13.6856373536951,-0.29326365757918055,4.66666666666667,0.329810293129716,0.466666666666667,-0.13685637353695101,-13.6856373536951,-0.29326365757918055
S06,source,regular-sensitivity,50,0.0001,confirmatory,balanced,neutral,asymmetric_b,"[0.3333333333333333,0.3333333333333333,0.3333333333333333]",0.3333333333333333,1.0986122886681098,11.66666666666667,0.0011650756617311298,0.001166666666666667,-1.5910049355372276e-06,-159.10049355372274,-0.0013637185161747662,11.66666666666667,0.0011650756617311298,0.001166666666666667,-1.5910049355372276e-06,-159.10049355372274,-0.0013637185161747662
S06,source,regular-sensitivity,50,0.0003,confirmatory,balanced,neutral,asymmetric_b,"[0.3333333333333333,0.3333333333333333,0.3333333333333333]",0.3333333333333333,1.0986122886681098,11.66666666666667,0.0034857078091302673,0.0035000000000000005,-1.4292190869733164e-05,-158.80212077481295,-0.004083483105638046,11.66666666666667,0.0034857078091302673,0.0035000000000000005,-1.4292190869733164e-05,-158.80212077481295,-0.004083483105638046
S06,source,regular-sensitivity,50,0.001,confirmatory,balanced,neutral,asymmetric_b,"[0.3333333333333333,0.3333333333333333,0.3333333333333333]",0.3333333333333333,1.0986122886681098,11.66666666666667,0.011508902167298052,0.01166666666666667,-0.00015776449936861885,-157.76449936861886,-0.01352267137445304,11.66666666666667,0.011508902167298052,0.01166666666666667,-0.00015776449936861885,-157.76449936861886,-0.01352267137445304
S06,source,regular-sensitivity,50,0.003,extended-local,balanced,neutral,asymmetric_b,"[0.3333333333333333,0.3333333333333333,0.3333333333333333]",0.3333333333333333,1.0986122886681098,11.66666666666667,0.033606294077771215,0.03500000000000001,-0.0013937059222287954,-154.85621358097725,-0.039820169206537,11.66666666666667,0.033606294077771215,0.03500000000000001,-0.0013937059222287954,-154.85621358097725,-0.039820169206537
S06,source,regular-sensitivity,50,0.01,extended-local,balanced,neutral,asymmetric_b,"[0.3333333333333333,0.3333333333333333,0.3333333333333333]",0.3333333333333333,1.0986122886681098,11.66666666666667,0.10213670430072169,0.1166666666666667,-0.014529962365945004,-145.29962365945002,-0.12454253456524286,11.66666666666667,0.10213670430072169,0.1166666666666667,-0.014529962365945004,-145.29962365945002,-0.12454253456524286
S06,source,regular-sensitivity,50,0.03,stress,balanced,neutral,asymmetric_b,"[0.3333333333333333,0.3333333333333333,0.3333333333333333]",0.3333333333333333,1.0986122886681098,11.66666666666667,0.25957336667113295,0.3500000000000001,-0.09042663332886713,-100.47403703207459,-0.25836180951104887,11.66666666666667,0.25957336667113295,0.3500000000000001,-0.09042663332886713,-100.47403703207459,-0.25836180951104887
S06,source,regular-sensitivity,50,0.1,stress,balanced,neutral,asymmetric_b,"[0.3333333333333333,0.3333333333333333,0.3333333333333333]",0.3333333333333333,1.0986122886681098,11.66666666666667,0.5815203732199541,1.166666666666667,-0.5851462934467129,-58.51462934467128,-0.501553965811468,11.66666666666667,0.5815203732199541,1.166666666666667,-0.5851462934467129,-58.51462934467128,-0.501553965811468
S07,source,regular-sensitivity,1,0.0001,confirmatory,mixed,compressed,uniform_mix,"[0.20190629856921305,0.29835045810238875,0.4997432433283982]",0.20190629856921305,1.5999515576704353,0.3328198199901298,3.328198199903376e-05,3.328198199901298e-05,2.0782800393831513e-17,2.0782800393831513e-09,6.2444599586791e-13,0.3328198199901298,3.328198199903376e-05,3.328198199901298e-05,2.0782800393831513e-17,2.0782800393831513e-09,6.2444599586791e-13
S07,source,regular-sensitivity,1,0.0003,confirmatory,mixed,compressed,uniform_mix,"[0.20190629856921305,0.29835045810238875,0.4997432433283982]",0.20190629856921305,1.5999515576704353,0.3328198199901298,9.984594599699026e-05,9.984594599703893e-05,-4.866712501744308e-17,-5.407458335271454e-10,-4.874221434978078e-13,0.3328198199901298,9.984594599699026e-05,9.984594599703893e-05,-4.866712501744308e-17,-5.407458335271454e-10,-4.874221434978078e-13
S07,source,regular-sensitivity,1,0.001,confirmatory,mixed,compressed,uniform_mix,"[0.20190629856921305,0.29835045810238875,0.4997432433283982]",0.20190629856921305,1.5999515576704353,0.3328198199901298,0.00033281981999011556,0.00033281981999012976,-1.4203048459560108e-17,-1.4203048459560108e-11,-4.2674887751520686e-14,0.3328198199901298,0.00033281981999011556,0.00033281981999012976,-1.4203048459560108e-17,-1.4203048459560108e-11,-4.2674887751520686e-14
S07,source,regular-sensitivity,1,0.003,extended-local,mixed,compressed,uniform_mix,"[0.20190629856921305,0.29835045810238875,0.4997432433283982]",0.20190629856921305,1.5999515576704353,0.3328198199901298,0.0009984594599703467,0.0009984594599703894,-4.2717565595928875e-17,-4.74639617732543e-12,-4.278347525216068e-14,0.3328198199901298,0.0009984594599703467,0.0009984594599703894,-4.2717565595928875e-17,-4.74639617732543e-12,-4.278347525216068e-14
S07,source,regular-sensitivity,1,0.01,extended-local,mixed,compressed,uniform_mix,"[0.20190629856921305,0.29835045810238875,0.4997432433283982]",0.20190629856921305,1.5999515576704353,0.3328198199901298,0.003328198199901322,0.003328198199901298,2.42861286636753e-17,2.42861286636753e-13,7.297080043008117e-15,0.3328198199901298,0.003328198199901322,0.003328198199901298,2.42861286636753e-17,2.42861286636753e-13,7.297080043008117e-15
S07,source,regular-sensitivity,1,0.03,stress,mixed,compressed,uniform_mix,"[0.20190629856921305,0.29835045810238875,0.4997432433283982]",0.20190629856921305,1.5999515576704353,0.3328198199901298,0.009984594599703911,0.009984594599703894,1.734723475976807e-17,1.927470528863119e-14,1.7374000102400279e-15,0.3328198199901298,0.009984594599703911,0.009984594599703894,1.734723475976807e-17,1.927470528863119e-14,1.7374000102400279e-15
S07,source,regular-sensitivity,1,0.1,stress,mixed,compressed,uniform_mix,"[0.20190629856921305,0.29835045810238875,0.4997432433283982]",0.20190629856921305,1.5999515576704353,0.3328198199901298,0.03328198199901297,0.03328198199901298,-6.938893903907228e-18,-6.938893903907227e-16,-2.0848800122880333e-16,0.3328198199901298,0.03328198199901297,0.03328198199901298,-6.938893903907228e-18,-6.938893903907227e-16,-2.0848800122880333e-16
S07,source,regular-sensitivity,5,0.0001,confirmatory,mixed,compressed,uniform_mix,"[0.2096572845466268,0.29176227014919737,0.49858044530417583]",0.2096572845466268,1.5622810597413517,1.6677192828602525,0.00016673830900668096,0.00016677192828602527,-3.3619279344308025e-08,-3.3619279344308026,-0.0002015883589631983,1.6677192828602525,0.00016673830900668096,0.00016677192828602527,-3.3619279344308025e-08,-3.3619279344308026,-0.0002015883589631983
S07,source,regular-sensitivity,5,0.0003,confirmatory,mixed,compressed,uniform_mix,"[0.2096572845466268,0.29176227014919737,0.49858044530417583]",0.2096572845466268,1.5622810597413517,1.6677192828602525,0.0005000132726130369,0.0005003157848580758,-3.025122450389054e-07,-3.3612471670989494,-0.0006046426161123796,1.6677192828602525,0.0005000132726130369,0.0005003157848580758,-3.025122450389054e-07,-3.3612471670989494,-0.0006046426161123796
S07,source,regular-sensitivity,5,0.001,confirmatory,mixed,compressed,uniform_mix,"[0.2096572845466268,0.29176227014919737,0.49858044530417583]",0.2096572845466268,1.5622810597413517,1.6677192828602525,0.0016643604173894044,0.0016677192828602526,-3.3588654708481634e-06,-3.3588654708481633,-0.0020140472712454815,1.6677192828602525,0.0016643604173894044,0.0016677192828602526,-3.3588654708481634e-06,-3.3588654708481633,-0.0020140472712454815
S07,source,regular-sensitivity,5,0.003,extended-local,mixed,compressed,uniform_mix,"[0.2096572845466268,0.29176227014919737,0.49858044530417583]",0.2096572845466268,1.5622810597413517,1.6677192828602525,0.004972989217412127,0.005003157848580758,-3.0168631168630937e-05,-3.3520701298478817,-0.0060299179201769235,1.6677192828602525,0.004972989217412127,0.005003157848580758,-3.0168631168630937e-05,-3.3520701298478817,-0.0060299179201769235
S07,source,regular-sensitivity,5,0.01,extended-local,mixed,compressed,uniform_mix,"[0.2096572845466268,0.29176227014919737,0.49858044530417583]",0.2096572845466268,1.5622810597413517,1.6677192828602525,0.01634435312080129,0.016677192828602524,-0.00033283970780123226,-3.3283970780123227,-0.019957777740051637,1.6677192828602525,0.01634435312080129,0.016677192828602524,-0.00033283970780123226,-3.3283970780123227,-0.019957777740051637
S07,source,regular-sensitivity,5,0.03,stress,mixed,compressed,uniform_mix,"[0.2096572845466268,0.29176227014919737,0.49858044530417583]",0.2096572845466268,1.5622810597413517,1.6677192828602525,0.047096046989199336,0.050031578485807575,-0.002935531496608239,-3.261701662898043,-0.05867357348001641,1.6677192828602525,0.047096046989199336,0.050031578485807575,-0.002935531496608239,-3.261701662898043,-0.05867357348001641
S07,source,regular-sensitivity,5,0.1,stress,mixed,compressed,uniform_mix,"[0.2096572845466268,0.29176227014919737,0.49858044530417583]",0.2096572845466268,1.5622810597413517,1.6677192828602525,0.13638186729672885,0.16677192828602527,-0.03039006098929642,-3.0390060989296415,-0.18222527796869617,1.6677192828602525,0.13638186729672885,0.16677192828602527,-0.03039006098929642,-3.0390060989296415,-0.18222527796869617
S07,source,regular-sensitivity,20,0.0001,confirmatory,mixed,compressed,uniform_mix,"[0.24049710479987804,0.26724695588542524,0.49225593931469674]",0.24049710479987804,1.425047227762927,6.664188435156811,0.0006657657571453035,0.0006664188435156811,-6.530863703776285e-07,-65.30863703776285,-0.0009799938533134546,6.664188435156811,0.0006657657571453035,0.0006664188435156811,-6.530863703776285e-07,-65.30863703776285,-0.0009799938533134546
S07,source,regular-sensitivity,20,0.0003,confirmatory,mixed,compressed,uniform_mix,"[0.24049710479987804,0.26724695588542524,0.49225593931469674]",0.24049710479987804,1.425047227762927,6.664188435156811,0.0019933860833060146,0.0019992565305470434,-5.870447241028767e-06,-65.22719156698632,-0.0029363151508238292,6.664188435156811,0.0019933860833060146,0.0019992565305470434,-5.870447241028767e-06,-65.22719156698632,-0.0029363151508238292
S07,source,regular-sensitivity,20,0.001,confirmatory,mixed,compressed,uniform_mix,"[0.24049710479987804,0.26724695588542524,0.49225593931469674]",0.24049710479987804,1.425047227762927,6.664188435156811,0.006599245141945459,0.006664188435156811,-6.494329321135237e-05,-64.94329321135237,-0.009745116579949201,6.664188435156811,0.006599245141945459,0.006664188435156811,-6.494329321135237e-05,-64.94329321135237,-0.009745116579949201
S07,source,regular-sensitivity,20,0.003,extended-local,mixed,compressed,uniform_mix,"[0.24049710479987804,0.26724695588542524,0.49225593931469674]",0.24049710479987804,1.425047227762927,6.664188435156811,0.019415287288664484,0.019992565305470434,-0.0005772780168059495,-64.14200186732772,-0.0288746345446721,6.664188435156811,0.019415287288664484,0.019992565305470434,-0.0005772780168059495,-64.14200186732772,-0.0288746345446721
S07,source,regular-sensitivity,20,0.01,extended-local,mixed,compressed,uniform_mix,"[0.24049710479987804,0.26724695588542524,0.49225593931469674]",0.24049710479987804,1.425047227762927,6.664188435156811,0.060497039100217226,0.06664188435156812,-0.006144845251350894,-61.44845251350894,-0.09220695529757035,6.664188435156811,0.060497039100217226,0.06664188435156812,-0.006144845251350894,-61.44845251350894,-0.09220695529757035
S07,source,regular-sensitivity,20,0.03,stress,mixed,compressed,uniform_mix,"[0.24049710479987804,0.26724695588542524,0.49225593931469674]",0.24049710479987804,1.425047227762927,6.664188435156811,0.15077471111999377,0.19992565305470433,-0.04915094193471056,-54.61215770523396,-0.24584609920599693,6.664188435156811,0.15077471111999377,0.19992565305470433,-0.04915094193471056,-54.61215770523396,-0.24584609920599693
S07,source,regular-sensitivity,20,0.1,stress,mixed,compressed,uniform_mix,"[0.24049710479987804,0.26724695588542524,0.49225593931469674]",0.24049710479987804,1.425047227762927,6.664188435156811,0.28642671588283997,0.6664188435156811,-0.3799921276328412,-37.99921276328411,-0.5702001546477876,6.664188435156811,0.28642671588283997,0.6664188435156811,-0.3799921276328412,-37.99921276328411,-0.5702001546477876
S07,source,regular-sensitivity,50,0.0001,confirmatory,mixed,compressed,uniform_mix,"[0.31008939619860426,0.21971378868581581,0.4701968151155799]",0.21971378868581581,1.5154295401326052,15.857501875048406,0.0015815389742458719,0.0015857501875048408,-4.211213258968919e-06,-421.1213258968919,-0.0026556599470407213,15.857501875048406,0.0015815389742458719,0.0015857501875048408,-4.211213258968919e-06,-421.1213258968919,-0.0026556599470407213
S07,source,regular-sensitivity,50,0.0003,confirmatory,mixed,compressed,uniform_mix,"[0.31008939619860426,0.21971378868581581,0.4701968151155799]",0.21971378868581581,1.5154295401326052,15.857501875048406,0.004719482094562105,0.004757250562514521,-3.7768467952416056e-05,-419.64964391573403,-0.007939137839410528,15.857501875048406,0.004719482094562105,0.004757250562514521,-3.7768467952416056e-05,-419.64964391573403,-0.007939137839410528
S07,source,regular-sensitivity,50,0.001,confirmatory,mixed,compressed,uniform_mix,"[0.31008939619860426,0.21971378868581581,0.4701968151155799]",0.21971378868581581,1.5154295401326052,15.857501875048406,0.015442941210646655,0.01585750187504841,-0.0004145606644017537,-414.5606644017537,-0.026142873427879583,15.857501875048406,0.015442941210646655,0.01585750187504841,-0.0004145606644017537,-414.5606644017537,-0.026142873427879583
S07,source,regular-sensitivity,50,0.003,extended-local,mixed,compressed,uniform_mix,"[0.31008939619860426,0.21971378868581581,0.4701968151155799]",0.21971378868581581,1.5154295401326052,15.857501875048406,0.043967698474277034,0.04757250562514522,-0.0036048071508681875,-400.53412787424304,-0.07577501129061422,15.857501875048406,0.043967698474277034,0.04757250562514522,-0.0036048071508681875,-400.53412787424304,-0.07577501129061422
S07,source,regular-sensitivity,50,0.01,extended-local,mixed,compressed,uniform_mix,"[0.31008939619860426,0.21971378868581581,0.4701968151155799]",0.21971378868581581,1.5154295401326052,15.857501875048406,0.12289268128093606,0.15857501875048408,-0.03568233746954802,-356.8233746954802,-0.22501865521260797,15.857501875048406,0.12289268128093606,0.15857501875048408,-0.03568233746954802,-356.8233746954802,-0.22501865521260797
S07,source,regular-sensitivity,50,0.03,stress,mixed,compressed,uniform_mix,"[0.31008939619860426,0.21971378868581581,0.4701968151155799]",0.21971378868581581,1.5154295401326052,15.857501875048406,0.23607294839625353,0.47572505625145217,-0.23965210785519864,-266.2801198391096,-0.5037617941412921,15.857501875048406,0.23607294839625353,0.47572505625145217,-0.23965210785519864,-266.2801198391096,-0.5037617941412921
S07,source,regular-sensitivity,50,0.1,stress,mixed,compressed,uniform_mix,"[0.31008939619860426,0.21971378868581581,0.4701968151155799]",0.21971378868581581,1.5154295401326052,15.857501875048406,0.2838316309045498,1.5857501875048408,-1.3019185566002909,-130.19185566002906,-0.8210111320553235,15.857501875048406,0.302760731197372,1.5857501875048408,-1.2829894563074689,-128.29894563074686,-0.8090741318632525
S08,source,regular-sensitivity,1,0.0001,confirmatory,skew_a,dominant_b,uniform_off_diagonal,"[0.6875496162492863,0.21174252408626185,0.10070785966445171]",0.10070785966445171,2.2955314320109164,1.0626488487478591,0.000106264884874821,0.00010626488487478592,3.507394027990607e-17,3.507394027990607e-09,3.300614339462599e-13,1.0626488487478591,0.000106264884874821,0.00010626488487478592,3.507394027990607e-17,3.507394027990607e-09,3.300614339462599e-13
S08,source,regular-sensitivity,1,0.0003,confirmatory,skew_a,dominant_b,uniform_off_diagonal,"[0.6875496162492863,0.21174252408626185,0.10070785966445171]",0.10070785966445171,2.2955314320109164,1.0626488487478591,0.0003187946546243797,0.0003187946546243577,2.200930410145574e-17,2.4454782334950825e-10,6.903912528705901e-14,1.0626488487478591,0.0003187946546243797,0.0003187946546243577,2.200930410145574e-17,2.4454782334950825e-10,6.903912528705901e-14
S08,source,regular-sensitivity,1,0.001,confirmatory,skew_a,dominant_b,uniform_off_diagonal,"[0.6875496162492863,0.21174252408626185,0.10070785966445171]",0.10070785966445171,2.2955314320109164,1.0626488487478591,0.0010626488487478908,0.0010626488487478591,3.165870343657673e-17,3.165870343657673e-11,2.9792253079538766e-14,1.0626488487478591,0.0010626488487478908,0.0010626488487478591,3.165870343657673e-17,3.165870343657673e-11,2.9792253079538766e-14
S08,source,regular-sensitivity,1,0.003,extended-local,skew_a,dominant_b,uniform_off_diagonal,"[0.6875496162492863,0.21174252408626185,0.10070785966445171]",0.10070785966445171,2.2955314320109164,1.0626488487478591,0.003187946546243603,0.0031879465462435774,2.5587171270657905e-17,2.8430190300731003e-12,8.026223432387156e-15,1.0626488487478591,0.003187946546243603,0.0031879465462435774,2.5587171270657905e-17,2.8430190300731003e-12,8.026223432387156e-15
S08,source,regular-sensitivity,1,0.01,extended-local,skew_a,dominant_b,uniform_off_diagonal,"[0.6875496162492863,0.21174252408626185,0.10070785966445171]",0.10070785966445171,2.2955314320109164,1.0626488487478591,0.010626488487478547,0.010626488487478592,-4.5102810375396984e-17,-4.5102810375396984e-13,-4.244375781194563e-15,1.0626488487478591,0.010626488487478547,0.010626488487478592,-4.5102810375396984e-17,-4.5102810375396984e-13,-4.244375781194563e-15
S08,source,regular-sensitivity,1,0.03,stress,skew_a,dominant_b,uniform_off_diagonal,"[0.6875496162492863,0.21174252408626185,0.10070785966445171]",0.10070785966445171,2.2955314320109164,1.0626488487478591,0.03187946546243582,0.03187946546243577,4.85722573273506e-17,5.3969174808167335e-14,1.5236220753006127e-15,1.0626488487478591,0.03187946546243582,0.03187946546243577,4.85722573273506e-17,5.3969174808167335e-14,1.5236220753006127e-15
S08,source,regular-sensitivity,1,0.1,stress,skew_a,dominant_b,uniform_off_diagonal,"[0.6875496162492863,0.21174252408626185,0.10070785966445171]",0.10070785966445171,2.2955314320109164,1.0626488487478591,0.10626488487478596,0.10626488487478591,4.163336342344337e-17,4.163336342344336e-15,3.9178853364872897e-16,1.0626488487478591,0.10626488487478596,0.10626488487478591,4.163336342344337e-17,4.163336342344336e-15,3.9178853364872897e-16
S08,source,regular-sensitivity,5,0.0001,confirmatory,skew_a,dominant_b,uniform_off_diagonal,"[0.6338781837373966,0.26351066150048325,0.10261115476212011]",0.10261115476212011,2.276808631276791,4.982192459666486,0.0004980558604112117,0.0004982192459666486,-1.6338555543682527e-07,-16.338555543682528,-0.0003279390685115414,4.982192459666486,0.0004980558604112117,0.0004982192459666486,-1.6338555543682527e-07,-16.338555543682528,-0.0003279390685115414
S08,source,regular-sensitivity,5,0.0003,confirmatory,skew_a,dominant_b,uniform_off_diagonal,"[0.6338781837373966,0.26351066150048325,0.10261115476212011]",0.10261115476212011,2.276808631276791,4.982192459666486,0.0014931877771254265,0.0014946577378999455,-1.4699607745190073e-06,-16.33289749465564,-0.000983476509200268,4.982192459666486,0.0014931877771254265,0.0014946577378999455,-1.4699607745190073e-06,-16.33289749465564,-0.000983476509200268
S08,source,regular-sensitivity,5,0.001,confirmatory,skew_a,dominant_b,uniform_off_diagonal,"[0.6338781837373966,0.26351066150048325,0.10261115476212011]",0.10261115476212011,2.276808631276791,4.982192459666486,0.00496587934631626,0.004982192459666486,-1.6313113350226345e-05,-16.313113350226345,-0.003274284059134553,4.982192459666486,0.00496587934631626,0.004982192459666486,-1.6313113350226345e-05,-16.313113350226345,-0.003274284059134553
S08,source,regular-sensitivity,5,0.003,extended-local,skew_a,dominant_b,uniform_off_diagonal,"[0.6338781837373966,0.26351066150048325,0.10261115476212011]",0.10261115476212011,2.276808631276791,4.982192459666486,0.014800266630634565,0.014946577378999458,-0.00014631074836489281,-16.256749818321424,-0.00978891318426286,4.982192459666486,0.014800266630634565,0.014946577378999458,-0.00014631074836489281,-16.256749818321424,-0.00978891318426286
S08,source,regular-sensitivity,5,0.01,extended-local,skew_a,dominant_b,uniform_off_diagonal,"[0.6338781837373966,0.26351066150048325,0.10261115476212011]",0.10261115476212011,2.276808631276791,4.982192459666486,0.0482157887116189,0.04982192459666486,-0.0016061358850459617,-16.061358850459616,-0.03223753193094187,4.982192459666486,0.0482157887116189,0.04982192459666486,-0.0016061358850459617,-16.061358850459616,-0.03223753193094187
S08,source,regular-sensitivity,5,0.03,stress,skew_a,dominant_b,uniform_off_diagonal,"[0.6338781837373966,0.26351066150048325,0.10261115476212011]",0.10261115476212011,2.276808631276791,4.982192459666486,0.13549881842586914,0.14946577378999457,-0.013966955364125427,-15.518839293472697,-0.09344584388764188,4.982192459666486,0.13549881842586914,0.14946577378999457,-0.013966955364125427,-15.518839293472697,-0.09344584388764188
S08,source,regular-sensitivity,5,0.1,stress,skew_a,dominant_b,uniform_off_diagonal,"[0.6338781837373966,0.26351066150048325,0.10261115476212011]",0.10261115476212011,2.276808631276791,4.982192459666486,0.36032060113519815,0.49821924596664857,-0.13789864483145042,-13.78986448314504,-0.2767830547451022,4.982192459666486,0.36032060113519815,0.49821924596664857,-0.13789864483145042,-13.78986448314504,-0.2767830547451022
S08,source,regular-sensitivity,20,0.0001,confirmatory,skew_a,dominant_b,uniform_off_diagonal,"[0.3974540363699319,0.5089329745031067,0.0936129891269614]",0.0936129891269614,2.368586132402688,12.601610872340792,0.0012582893463422423,0.0012601610872340792,-1.871740891836891e-06,-187.1740891836891,-0.0014853187507520686,12.601610872340792,0.0012582893463422423,0.0012601610872340792,-1.871740891836891e-06,-187.1740891836891,-0.0014853187507520686
S08,source,regular-sensitivity,20,0.0003,confirmatory,skew_a,dominant_b,uniform_off_diagonal,"[0.3974540363699319,0.5089329745031067,0.0936129891269614]",0.0936129891269614,2.368586132402688,12.601610872340792,0.003763674661432917,0.0037804832617022374,-1.6808600269320462e-05,-186.76222521467182,-0.004446151220823567,12.601610872340792,0.003763674661432917,0.0037804832617022374,-1.6808600269320462e-05,-186.76222521467182,-0.004446151220823567
S08,source,regular-sensitivity,20,0.001,confirmatory,skew_a,dominant_b,uniform_off_diagonal,"[0.3974540363699319,0.5089329745031067,0.0936129891269614]",0.0936129891269614,2.368586132402688,12.601610872340792,0.012416277897946457,0.012601610872340793,-0.0001853329743943359,-185.3329743943359,-0.014707085964789014,12.601610872340792,0.012416277897946457,0.012601610872340793,-0.0001853329743943359,-185.3329743943359,-0.014707085964789014
S08,source,regular-sensitivity,20,0.003,extended-local,skew_a,dominant_b,uniform_off_diagonal,"[0.3974540363699319,0.5089329745031067,0.0936129891269614]",0.0936129891269614,2.368586132402688,12.601610872340792,0.03617266562287845,0.03780483261702238,-0.0016321669941439312,-181.35188823821457,-0.043173501405982036,12.601610872340792,0.03617266562287845,0.03780483261702238,-0.0016321669941439312,-181.35188823821457,-0.043173501405982036
S08,source,regular-sensitivity,20,0.01,extended-local,skew_a,dominant_b,uniform_off_diagonal,"[0.3974540363699319,0.5089329745031067,0.0936129891269614]",0.0936129891269614,2.368586132402688,12.601610872340792,0.10916443136498785,0.12601610872340793,-0.01685167735842008,-168.5167735842008,-0.1337263745812667,12.601610872340792,0.10916443136498785,0.12601610872340793,-0.01685167735842008,-168.5167735842008,-0.1337263745812667
S08,source,regular-sensitivity,20,0.03,stress,skew_a,dominant_b,uniform_off_diagonal,"[0.3974540363699319,0.5089329745031067,0.0936129891269614]",0.0936129891269614,2.368586132402688,12.601610872340792,0.2526744813994701,0.37804832617022377,-0.1253738447707537,-139.30427196750412,-0.3316344395459686,12.601610872340792,0.2526744813994701,0.37804832617022377,-0.1253738447707537,-139.30427196750412,-0.3316344395459686
S08,source,regular-sensitivity,20,0.1,stress,skew_a,dominant_b,uniform_off_diagonal,"[0.3974540363699319,0.5089329745031067,0.0936129891269614]",0.0936129891269614,2.368586132402688,12.601610872340792,0.4238248476790464,1.2601610872340794,-0.836336239555033,-83.63362395550328,-0.6636740715353326,12.601610872340792,0.42720959916521123,1.2601610872340794,-0.8329514880688682,-83.2951488068868,-0.66098810422492
S08,source,regular-sensitivity,50,0.0001,confirmatory,skew_a,dominant_b,uniform_off_diagonal,"[0.07327348797731965,0.8901908544897799,0.036535657532900424]",0.036535657532900424,3.30946657655862,27.815712561163913,0.0027777738105673813,0.0027815712561163916,-3.7974455490102747e-06,-379.74455490102747,-0.0013652159874244024,27.815712561163913,0.0027777738105673813,0.0027815712561163916,-3.7974455490102747e-06,-379.74455490102747,-0.0013652159874244024
S08,source,regular-sensitivity,50,0.0003,confirmatory,skew_a,dominant_b,uniform_off_diagonal,"[0.07327348797731965,0.8901908544897799,0.036535657532900424]",0.036535657532900424,3.30946657655862,27.815712561163913,0.008310595669457216,0.008344713768349173,-3.411809889195677e-05,-379.08998768840866,-0.004088588277451046,27.815712561163913,0.008310595669457216,0.008344713768349173,-3.411809889195677e-05,-379.08998768840866,-0.004088588277451046
S08,source,regular-sensitivity,50,0.001,confirmatory,skew_a,dominant_b,uniform_off_diagonal,"[0.07327348797731965,0.8901908544897799,0.036535657532900424]",0.036535657532900424,3.30946657655862,27.815712561163913,0.02743889714872346,0.027815712561163913,-0.0003768154124404524,-376.8154124404524,-0.013546854556102914,27.815712561163913,0.02743889714872346,0.027815712561163913,-0.0003768154124404524,-376.8154124404524,-0.013546854556102914
S08,source,regular-sensitivity,50,0.003,extended-local,skew_a,dominant_b,uniform_off_diagonal,"[0.07327348797731965,0.8901908544897799,0.036535657532900424]",0.036535657532900424,3.30946657655862,27.815712561163913,0.08011307913689095,0.08344713768349174,-0.0033340585466007933,-370.45094962231036,-0.03995413910117095,27.815712561163913,0.08011307913689095,0.08344713768349174,-0.0033340585466007933,-370.45094962231036,-0.03995413910117095
S08,source,regular-sensitivity,50,0.01,extended-local,skew_a,dominant_b,uniform_off_diagonal,"[0.07327348797731965,0.8901908544897799,0.036535657532900424]",0.036535657532900424,3.30946657655862,27.815712561163913,0.24320333422064727,0.27815712561163913,-0.03495379139099186,-349.5379139099186,-0.12566203836817785,27.815712561163913,0.24320333422064727,0.27815712561163913,-0.03495379139099186,-349.5379139099186,-0.12566203836817785
S08,source,regular-sensitivity,50,0.03,stress,skew_a,dominant_b,uniform_off_diagonal,"[0.07327348797731965,0.8901908544897799,0.036535657532900424]",0.036535657532900424,3.30946657655862,27.815712561163913,0.5659324506691861,0.8344713768349173,-0.2685389261657313,-298.3765846285903,-0.32180723464030336,27.815712561163913,0.5659324506691861,0.8344713768349173,-0.2685389261657313,-298.3765846285903,-0.32180723464030336
S08,source,regular-sensitivity,50,0.1,stress,skew_a,dominant_b,uniform_off_diagonal,"[0.07327348797731965,0.8901908544897799,0.036535657532900424]",0.036535657532900424,3.30946657655862,27.815712561163913,0.9429395732755856,2.7815712561163917,-1.838631682840806,-183.86316828408056,-0.6610047032941696,27.815712561163913,0.9429395732755856,2.7815712561163917,-1.838631682840806,-183.86316828408056,-0.6610047032941696
S09,source,regular-sensitivity,1,0.0001,confirmatory,skew_b,dominant_c,forward_cycle,"[0.047797732395201145,0.13811552706831426,0.8140867405364846]",0.047797732395201145,3.0407770800409506,0.3831445040706417,3.8314450407021805e-05,3.831445040706417e-05,-4.2365199889871086e-17,-4.2365199889871086e-09,-1.1057238049814247e-12,0.3831445040706417,3.8314450407021805e-05,3.831445040706417e-05,-4.2365199889871086e-17,-4.2365199889871086e-09,-1.1057238049814247e-12
S09,source,regular-sensitivity,1,0.0003,confirmatory,skew_b,dominant_c,forward_cycle,"[0.047797732395201145,0.13811552706831426,0.8140867405364846]",0.047797732395201145,3.0407770800409506,0.3831445040706417,0.00011494335122114174,0.0001149433512211925,-5.0754214199477676e-17,-5.639357133275298e-10,-4.4155850390866233e-13,0.3831445040706417,0.00011494335122114174,0.0001149433512211925,-5.0754214199477676e-17,-5.639357133275298e-10,-4.4155850390866233e-13
S09,source,regular-sensitivity,1,0.001,confirmatory,skew_b,dominant_c,forward_cycle,"[0.047797732395201145,0.13811552706831426,0.8140867405364846]",0.047797732395201145,3.0407770800409506,0.3831445040706417,0.00038314450407062745,0.0003831445040706417,-1.4257258568184383e-17,-1.4257258568184383e-11,-3.7211178593744676e-14,0.3831445040706417,0.00038314450407062745,0.0003831445040706417,-1.4257258568184383e-17,-1.4257258568184383e-11,-3.7211178593744676e-14
S09,source,regular-sensitivity,1,0.003,extended-local,skew_b,dominant_c,forward_cycle,"[0.047797732395201145,0.13811552706831426,0.8140867405364846]",0.047797732395201145,3.0407770800409506,0.3831445040706417,0.0011494335122118615,0.001149433512211925,-6.353424730765056e-17,-7.0593608119611734e-12,-5.527439963481466e-14,0.3831445040706417,0.0011494335122118615,0.001149433512211925,-6.353424730765056e-17,-7.0593608119611734e-12,-5.527439963481466e-14
S09,source,regular-sensitivity,1,0.01,extended-local,skew_b,dominant_c,forward_cycle,"[0.047797732395201145,0.13811552706831426,0.8140867405364846]",0.047797732395201145,3.0407770800409506,0.3831445040706417,0.0038314450407065104,0.003831445040706417,9.324138683375338e-17,9.324138683375338e-13,2.4335827825566862e-14,0.3831445040706417,0.0038314450407065104,0.003831445040706417,9.324138683375338e-17,9.324138683375338e-13,2.4335827825566862e-14
S09,source,regular-sensitivity,1,0.03,stress,skew_b,dominant_c,forward_cycle,"[0.047797732395201145,0.13811552706831426,0.8140867405364846]",0.047797732395201145,3.0407770800409506,0.3831445040706417,0.011494335122119323,0.01149433512211925,7.28583859910259e-17,8.0953762212251e-14,6.338634224333695e-15,0.3831445040706417,0.011494335122119323,0.01149433512211925,7.28583859910259e-17,8.0953762212251e-14,6.338634224333695e-15
S09,source,regular-sensitivity,1,0.1,stress,skew_b,dominant_c,forward_cycle,"[0.047797732395201145,0.13811552706831426,0.8140867405364846]",0.047797732395201145,3.0407770800409506,0.3831445040706417,0.0383144504070642,0.038314450407064174,2.7755575615628914e-17,2.775557561562891e-15,7.244153399238507e-16,0.3831445040706417,0.0383144504070642,0.038314450407064174,2.7755575615628914e-17,2.775557561562891e-15,7.244153399238507e-16
S09,source,regular-sensitivity,5,0.0001,confirmatory,skew_b,dominant_c,forward_cycle,"[0.03943762823439088,0.09808482647485058,0.8624775452907585]",0.03943762823439088,3.233034887100803,1.8193962822118634,0.0001819243533348544,0.00018193962822118636,-1.5274886331950776e-08,-1.5274886331950774,-8.395579611375758e-05,1.8193962822118634,0.0001819243533348544,0.00018193962822118636,-1.5274886331950776e-08,-1.5274886331950774,-8.395579611375758e-05
S09,source,regular-sensitivity,5,0.0003,confirmatory,skew_b,dominant_c,forward_cycle,"[0.03943762823439088,0.09808482647485058,0.8624775452907585]",0.03943762823439088,3.233034887100803,1.8193962822118634,0.000545681418544143,0.000545818884663559,-1.3746611941594863e-07,-1.527401326843874,-0.00025185299240916206,1.8193962822118634,0.000545681418544143,0.000545818884663559,-1.3746611941594863e-07,-1.527401326843874,-0.00025185299240916206
S09,source,regular-sensitivity,5,0.001,confirmatory,skew_b,dominant_c,forward_cycle,"[0.03943762823439088,0.09808482647485058,0.8624775452907585]",0.03943762823439088,3.233034887100803,1.8193962822118634,0.0018178691863939417,0.0018193962822118635,-1.5270958179218214e-06,-1.5270958179218215,-0.0008393420569516122,1.8193962822118634,0.0018178691863939417,0.0018193962822118635,-1.5270958179218214e-06,-1.5270958179218215,-0.0008393420569516122
S09,source,regular-sensitivity,5,0.003,extended-local,skew_b,dominant_c,forward_cycle,"[0.03943762823439088,0.09808482647485058,0.8624775452907585]",0.03943762823439088,3.233034887100803,1.8193962822118634,0.005444452839011703,0.005458188846635591,-1.3736007623887936e-05,-1.5262230693208818,-0.002516587096900241,1.8193962822118634,0.005444452839011703,0.005458188846635591,-1.3736007623887936e-05,-1.5262230693208818,-0.002516587096900241
S09,source,regular-sensitivity,5,0.01,extended-local,skew_b,dominant_c,forward_cycle,"[0.03943762823439088,0.09808482647485058,0.8624775452907585]",0.03943762823439088,3.233034887100803,1.8193962822118634,0.018041645823270926,0.018193962822118635,-0.00015231699884770897,-1.5231699884770895,-0.008371842920473336,1.8193962822118634,0.018041645823270926,0.018193962822118635,-0.00015231699884770897,-1.5231699884770895,-0.008371842920473336
S09,source,regular-sensitivity,5,0.03,stress,skew_b,dominant_c,forward_cycle,"[0.03943762823439088,0.09808482647485058,0.8624775452907585]",0.03943762823439088,3.233034887100803,1.8193962822118634,0.053218874447642804,0.0545818884663559,-0.0013630140187130962,-1.514460020792329,-0.024971910225371804,1.8193962822118634,0.053218874447642804,0.0545818884663559,-0.0013630140187130962,-1.514460020792329,-0.024971910225371804
S09,source,regular-sensitivity,5,0.1,stress,skew_b,dominant_c,forward_cycle,"[0.03943762823439088,0.09808482647485058,0.8624775452907585]",0.03943762823439088,3.233034887100803,1.8193962822118634,0.16709837092279545,0.18193962822118637,-0.01484125729839092,-1.4841257298390917,-0.0815724284120676,1.8193962822118634,0.16709837092279545,0.18193962822118637,-0.01484125729839092,-1.4841257298390917,-0.0815724284120676
S09,source,regular-sensitivity,20,0.0001,confirmatory,skew_b,dominant_c,forward_cycle,"[0.017163673154167565,0.024322635360622857,0.9585136914852096]",0.017163673154167565,4.064960154555286,5.532251707330355,0.000553073017496214,0.0005532251707330355,-1.521532368215688e-07,-15.215323682156878,-0.0002750294904694275,5.532251707330355,0.000553073017496214,0.0005532251707330355,-1.521532368215688e-07,-15.215323682156878,-0.0002750294904694275
S09,source,regular-sensitivity,20,0.0003,confirmatory,skew_b,dominant_c,forward_cycle,"[0.017163673154167565,0.024322635360622857,0.9585136914852096]",0.017163673154167565,4.064960154555286,5.532251707330355,0.0016583064299018208,0.0016596755121991063,-1.3690822972855024e-06,-15.212025525394473,-0.0008249096207194372,5.532251707330355,0.0016583064299018208,0.0016596755121991063,-1.3690822972855024e-06,-15.212025525394473,-0.0008249096207194372
S09,source,regular-sensitivity,20,0.001,confirmatory,skew_b,dominant_c,forward_cycle,"[0.017163673154167565,0.024322635360622857,0.9585136914852096]",0.017163673154167565,4.064960154555286,5.532251707330355,0.005517051219648485,0.005532251707330355,-1.520048768186965e-05,-15.20048768186965,-0.002747613175613226,5.532251707330355,0.005517051219648485,0.005532251707330355,-1.520048768186965e-05,-15.20048768186965,-0.002747613175613226
S09,source,regular-sensitivity,20,0.003,extended-local,skew_b,dominant_c,forward_cycle,"[0.017163673154167565,0.024322635360622857,0.9585136914852096]",0.017163673154167565,4.064960154555286,5.532251707330355,0.016460246984838226,0.016596755121991064,-0.00013650813715283816,-15.167570794759795,-0.008224989532560005,5.532251707330355,0.016460246984838226,0.016596755121991064,-0.00013650813715283816,-15.167570794759795,-0.008224989532560005
S09,source,regular-sensitivity,20,0.01,extended-local,skew_b,dominant_c,forward_cycle,"[0.017163673154167565,0.024322635360622857,0.9585136914852096]",0.017163673154167565,4.064960154555286,5.532251707330355,0.05430325843556938,0.055322517073303545,-0.0010192586377341661,-10.19258637734166,-0.018423938238088952,5.532251707330355,0.05430325843556938,0.055322517073303545,-0.0010192586377341661,-10.19258637734166,-0.018423938238088952
S09,source,regular-sensitivity,20,0.03,stress,skew_b,dominant_c,forward_cycle,"[0.017163673154167565,0.024322635360622857,0.9585136914852096]",0.017163673154167565,4.064960154555286,5.532251707330355,0.15881590095522097,0.16596755121991064,-0.0071516502646896685,-7.946278071877409,-0.04309065363755096,5.532251707330355,0.15881590095522097,0.16596755121991064,-0.0071516502646896685,-7.946278071877409,-0.04309065363755096
S09,source,regular-sensitivity,20,0.1,stress,skew_b,dominant_c,forward_cycle,"[0.017163673154167565,0.024322635360622857,0.9585136914852096]",0.017163673154167565,4.064960154555286,5.532251707330355,0.4792831084700728,0.5532251707330355,-0.07394206226296263,-7.394206226296261,-0.13365635942592377,5.532251707330355,0.4792831084700728,0.5532251707330355,-0.07394206226296263,-7.394206226296261,-0.13365635942592377
S09,source,regular-sensitivity,50,0.0001,confirmatory,skew_b,dominant_c,forward_cycle,"[0.0027350922087224384,0.001258319924959349,0.9960065878663182]",0.001258319924959349,6.6779778406674755,7.854930208506198,0.0007853805847265142,0.0007854930208506198,-1.1243612410560822e-07,-11.243612410560822,-0.00014314083145366434,7.854930208506198,0.0007853805847265142,0.0007854930208506198,-1.1243612410560822e-07,-11.243612410560822,-0.00014314083145366434
S09,source,regular-sensitivity,50,0.0003,confirmatory,skew_b,dominant_c,forward_cycle,"[0.0027350922087224384,0.001258319924959349,0.9960065878663182]",0.001258319924959349,6.6779778406674755,7.854930208506198,0.0023554666642147887,0.002356479062551859,-1.0123983370702479e-06,-11.248870411891644,-0.0004296233109637349,7.854930208506198,0.0023554666642147887,0.002356479062551859,-1.0123983370702479e-06,-11.248870411891644,-0.0004296233109637349
S09,source,regular-sensitivity,50,0.001,confirmatory,skew_b,dominant_c,forward_cycle,"[0.0027350922087224384,0.001258319924959349,0.9960065878663182]",0.001258319924959349,6.6779778406674755,7.854930208506198,0.00784366293124095,0.007854930208506198,-1.1267277265247788e-05,-11.267277265247788,-0.0014344210535500773,7.854930208506198,0.00784366293124095,0.007854930208506198,-1.1267277265247788e-05,-11.267277265247788,-0.0014344210535500773
S09,source,regular-sensitivity,50,0.003,extended-local,skew_b,dominant_c,forward_cycle,"[0.0027350922087224384,0.001258319924959349,0.9960065878663182]",0.001258319924959349,6.6779778406674755,7.854930208506198,0.023462911549744378,0.023564790625518594,-0.00010187907577421593,-11.319897308246214,-0.004323360109293305,7.854930208506198,0.023462911549744378,0.023564790625518594,-0.00010187907577421593,-11.319897308246214,-0.004323360109293305
S09,source,regular-sensitivity,50,0.01,extended-local,skew_b,dominant_c,forward_cycle,"[0.0027350922087224384,0.001258319924959349,0.9960065878663182]",0.001258319924959349,6.6779778406674755,7.854930208506198,0.07739887898393683,0.07854930208506197,-0.0011504231011251476,-11.504231011251475,-0.01464587298152364,7.854930208506198,0.07739887898393683,0.07854930208506197,-0.0011504231011251476,-11.504231011251475,-0.01464587298152364
S09,source,regular-sensitivity,50,0.03,stress,skew_b,dominant_c,forward_cycle,"[0.0027350922087224384,0.001258319924959349,0.9960065878663182]",0.001258319924959349,6.6779778406674755,7.854930208506198,0.224823067519845,0.23564790625518592,-0.01082483873534093,-12.027598594823257,-0.04593649443937169,7.854930208506198,0.224823067519845,0.23564790625518592,-0.01082483873534093,-12.027598594823257,-0.04593649443937169
S09,source,regular-sensitivity,50,0.1,stress,skew_b,dominant_c,forward_cycle,"[0.0027350922087224384,0.001258319924959349,0.9960065878663182]",0.001258319924959349,6.6779778406674755,7.854930208506198,0.6492732122090205,0.7854930208506198,-0.13621980864159933,-13.62198086415993,-0.17341950217977145,7.854930208506198,0.6492732122090205,0.7854930208506198,-0.13621980864159933,-13.62198086415993,-0.17341950217977145
S10,source,regular-sensitivity,1,0.0001,confirmatory,edge,tie_bc,asymmetric_b,"[0.0009656386289962564,0.09900340518091029,0.9000309561900934]",0.0009656386289962564,6.942720883806888,0.8801337112910117,8.801337112913845e-05,8.801337112910118e-05,3.7269449679189215e-17,3.7269449679189215e-09,4.234521323415853e-13,0.8801337112910117,8.801337112913845e-05,8.801337112910118e-05,3.7269449679189215e-17,3.7269449679189215e-09,4.234521323415853e-13
S10,source,regular-sensitivity,1,0.0003,confirmatory,edge,tie_bc,asymmetric_b,"[0.0009656386289962564,0.09900340518091029,0.9000309561900934]",0.0009656386289962564,6.942720883806888,0.8801337112910117,0.000264040113387318,0.0002640401133873035,1.4474099002681484e-17,1.608233222520165e-10,5.481780331403796e-14,0.8801337112910117,0.000264040113387318,0.0002640401133873035,1.4474099002681484e-17,1.608233222520165e-10,5.481780331403796e-14
S10,source,regular-sensitivity,1,0.001,confirmatory,edge,tie_bc,asymmetric_b,"[0.0009656386289962564,0.09900340518091029,0.9000309561900934]",0.0009656386289962564,6.942720883806888,0.8801337112910117,0.0008801337112909533,0.0008801337112910117,-5.843849709696869e-17,-5.843849709696869e-11,-6.639729435116058e-14,0.8801337112910117,0.0008801337112909533,0.0008801337112910117,-5.843849709696869e-17,-5.843849709696869e-11,-6.639729435116058e-14
S10,source,regular-sensitivity,1,0.003,extended-local,edge,tie_bc,asymmetric_b,"[0.0009656386289962564,0.09900340518091029,0.9000309561900934]",0.0009656386289962564,6.942720883806888,0.8801337112910117,0.0026404011338731098,0.002640401133873035,7.45931094670027e-17,8.288123274111412e-12,2.8250673168582855e-14,0.8801337112910117,0.0026404011338731098,0.002640401133873035,7.45931094670027e-17,8.288123274111412e-12,2.8250673168582855e-14
S10,source,regular-sensitivity,1,0.01,extended-local,edge,tie_bc,asymmetric_b,"[0.0009656386289962564,0.09900340518091029,0.9000309561900934]",0.0009656386289962564,6.942720883806888,0.8801337112910117,0.008801337112910102,0.008801337112910116,-1.3877787807814457e-17,-1.3877787807814457e-13,-1.5767817582464851e-15,0.8801337112910117,0.008801337112910102,0.008801337112910116,-1.3877787807814457e-17,-1.3877787807814457e-13,-1.5767817582464851e-15
S10,source,regular-sensitivity,1,0.03,stress,edge,tie_bc,asymmetric_b,"[0.0009656386289962564,0.09900340518091029,0.9000309561900934]",0.0009656386289962564,6.942720883806888,0.8801337112910117,0.026404011338730306,0.02640401133873035,-4.5102810375396984e-17,-5.0114233750441097e-14,-1.7081802381003589e-15,0.8801337112910117,0.026404011338730306,0.02640401133873035,-4.5102810375396984e-17,-5.0114233750441097e-14,-1.7081802381003589e-15
S10,source,regular-sensitivity,1,0.1,stress,edge,tie_bc,asymmetric_b,"[0.0009656386289962564,0.09900340518091029,0.9000309561900934]",0.0009656386289962564,6.942720883806888,0.8801337112910117,0.08801337112910115,0.08801337112910118,-2.7755575615628914e-17,-2.775557561562891e-15,-3.1535635164929696e-16,0.8801337112910117,0.08801337112910115,0.08801337112910118,-2.7755575615628914e-17,-2.775557561562891e-15,-3.1535635164929696e-16
S10,source,regular-sensitivity,5,0.0001,confirmatory,edge,tie_bc,asymmetric_b,"[0.0008395918113399378,0.09901589630698435,0.9001445118816758]",0.0008395918113399378,7.082594723114503,4.329687435215517,0.00043291868109792157,0.0004329687435215517,-5.0062423630149646e-08,-5.006242363014964,-0.00011562595309529014,4.329687435215517,0.00043291868109792157,0.0004329687435215517,-5.0062423630149646e-08,-5.006242363014964,-0.00011562595309529014
S10,source,regular-sensitivity,5,0.0003,confirmatory,edge,tie_bc,asymmetric_b,"[0.0008395918113399378,0.09901589630698435,0.9001445118816758]",0.0008395918113399378,7.082594723114503,4.329687435215517,0.0012984557230659348,0.0012989062305646549,-4.5050749872006107e-07,-5.005638874667346,-0.00034683604414170716,4.329687435215517,0.0012984557230659348,0.0012989062305646549,-4.5050749872006107e-07,-5.005638874667346,-0.00034683604414170716
S10,source,regular-sensitivity,5,0.001,confirmatory,edge,tie_bc,asymmetric_b,"[0.0008395918113399378,0.09901589630698435,0.9001445118816758]",0.0008395918113399378,7.082594723114503,4.329687435215517,0.00432468390790578,0.004329687435215517,-5.003527309736626e-06,-5.003527309736626,-0.0011556324525970238,4.329687435215517,0.00432468390790578,0.004329687435215517,-5.003527309736626e-06,-5.003527309736626,-0.0011556324525970238
S10,source,regular-sensitivity,5,0.003,extended-local,edge,tie_bc,asymmetric_b,"[0.0008395918113399378,0.09901589630698435,0.9001445118816758]",0.0008395918113399378,7.082594723114503,4.329687435215517,0.012944084809712899,0.01298906230564655,-4.497749593365165e-05,-4.997499548183517,-0.003462720778088748,4.329687435215517,0.012944084809712899,0.01298906230564655,-4.497749593365165e-05,-4.997499548183517,-0.003462720778088748
S10,source,regular-sensitivity,5,0.01,extended-local,edge,tie_bc,asymmetric_b,"[0.0008395918113399378,0.09901589630698435,0.9001445118816758]",0.0008395918113399378,7.082594723114503,4.329687435215517,0.042799227963868744,0.04329687435215517,-0.0004976463882864282,-4.976463882864282,-0.011493817873290825,4.329687435215517,0.042799227963868744,0.04329687435215517,-0.0004976463882864282,-4.976463882864282,-0.011493817873290825
S10,source,regular-sensitivity,5,0.03,stress,edge,tie_bc,asymmetric_b,"[0.0008395918113399378,0.09901589630698435,0.9001445118816758]",0.0008395918113399378,7.082594723114503,4.329687435215517,0.12546542552262818,0.1298906230564655,-0.004425197533837327,-4.916886148708142,-0.03406864506234314,4.329687435215517,0.12546542552262818,0.1298906230564655,-0.004425197533837327,-4.916886148708142,-0.03406864506234314
S10,source,regular-sensitivity,5,0.1,stress,edge,tie_bc,asymmetric_b,"[0.0008395918113399378,0.09901589630698435,0.9001445118816758]",0.0008395918113399378,7.082594723114503,4.329687435215517,0.38582508282013517,0.4329687435215517,-0.04714366070141651,-4.71436607014165,-0.10888467448706228,4.329687435215517,0.38582508282013517,0.4329687435215517,-0.04714366070141651,-4.71436607014165,-0.10888467448706228
S10,source,regular-sensitivity,20,0.0001,confirmatory,edge,tie_bc,asymmetric_b,"[0.000496835418042449,0.09904986315677058,0.900453301425187]",0.000496835418042449,7.607251737530208,16.455415247612244,0.0016446452495817623,0.0016455415247612244,-8.962751794621294e-07,-89.62751794621293,-0.0005446688314913129,16.455415247612244,0.0016446452495817623,0.0016455415247612244,-8.962751794621294e-07,-89.62751794621293,-0.0005446688314913129
S10,source,regular-sensitivity,20,0.0003,confirmatory,edge,tie_bc,asymmetric_b,"[0.000496835418042449,0.09904986315677058,0.900453301425187]",0.000496835418042449,7.607251737530208,16.455415247612244,0.004928564241691498,0.004936624574283672,-8.060332592174126e-06,-89.55925102415696,-0.0016327619147226155,16.455415247612244,0.004928564241691498,0.004936624574283672,-8.060332592174126e-06,-89.55925102415696,-0.0016327619147226155
S10,source,regular-sensitivity,20,0.001,confirmatory,edge,tie_bc,asymmetric_b,"[0.000496835418042449,0.09904986315677058,0.900453301425187]",0.000496835418042449,7.607251737530208,16.455415247612244,0.016366094255922923,0.016455415247612244,-8.932099168932131e-05,-89.32099168932132,-0.005428060632033105,16.455415247612244,0.016366094255922923,0.016455415247612244,-8.932099168932131e-05,-89.32099168932132,-0.005428060632033105
S10,source,regular-sensitivity,20,0.003,extended-local,edge,tie_bc,asymmetric_b,"[0.000496835418042449,0.09904986315677058,0.900453301425187]",0.000496835418042449,7.607251737530208,16.455415247612244,0.04856843186636747,0.04936624574283673,-0.0007978138764692597,-88.64598627436219,-0.016161121115535224,16.455415247612244,0.04856843186636747,0.04936624574283673,-0.0007978138764692597,-88.64598627436219,-0.016161121115535224
S10,source,regular-sensitivity,20,0.01,extended-local,edge,tie_bc,asymmetric_b,"[0.000496835418042449,0.09904986315677058,0.900453301425187]",0.000496835418042449,7.607251737530208,16.455415247612244,0.1559193010382744,0.16455415247612246,-0.008634851437848062,-86.34851437848062,-0.05247422388262744,16.455415247612244,0.1559193010382744,0.16455415247612246,-0.008634851437848062,-86.34851437848062,-0.05247422388262744
S10,source,regular-sensitivity,20,0.03,stress,edge,tie_bc,asymmetric_b,"[0.000496835418042449,0.09904986315677058,0.900453301425187]",0.000496835418042449,7.607251737530208,16.455415247612244,0.42139435207534626,0.4936624574283673,-0.07226810535302103,-80.29789483669003,-0.1463917384552328,16.455415247612244,0.42139435207534626,0.4936624574283673,-0.07226810535302103,-80.29789483669003,-0.1463917384552328
S10,source,regular-sensitivity,20,0.1,stress,edge,tie_bc,asymmetric_b,"[0.000496835418042449,0.09904986315677058,0.900453301425187]",0.000496835418042449,7.607251737530208,16.455415247612244,1.0076762345743484,1.6455415247612244,-0.637865290186876,-63.78652901868759,-0.3876324483998866,16.455415247612244,1.0076762345743484,1.6455415247612244,-0.637865290186876,-63.78652901868759,-0.3876324483998866
S10,source,regular-sensitivity,50,0.0001,confirmatory,edge,tie_bc,asymmetric_b,"[0.0001739176387352617,0.09908186401778302,0.9007442183434817]",0.0001739176387352617,8.656928711412716,38.44020190207137,0.003838578480830969,0.0038440201902071374,-5.44170937616861e-06,-544.1709376168609,-0.001415629759185885,38.44020190207137,0.003838578480830969,0.0038440201902071374,-5.44170937616861e-06,-544.1709376168609,-0.001415629759185885
S10,source,regular-sensitivity,50,0.0003,confirmatory,edge,tie_bc,asymmetric_b,"[0.0001739176387352617,0.09908186401778302,0.9007442183434817]",0.0001739176387352617,8.656928711412716,38.44020190207137,0.011483192250095533,0.011532060570621411,-4.886832052587893e-05,-542.9813391764327,-0.004237605259408175,38.44020190207137,0.011483192250095533,0.011532060570621411,-4.886832052587893e-05,-542.9813391764327,-0.004237605259408175
S10,source,regular-sensitivity,50,0.001,confirmatory,edge,tie_bc,asymmetric_b,"[0.0001739176387352617,0.09908186401778302,0.9007442183434817]",0.0001739176387352617,8.656928711412716,38.44020190207137,0.03790134726201863,0.038440201902071376,-0.0005388546400527452,-538.8546400527453,-0.014017997132936721,38.44020190207137,0.03790134726201863,0.038440201902071376,-0.0005388546400527452,-538.8546400527453,-0.014017997132936721
S10,source,regular-sensitivity,50,0.003,extended-local,edge,tie_bc,asymmetric_b,"[0.0001739176387352617,0.09908186401778302,0.9007442183434817]",0.0001739176387352617,8.656928711412716,38.44020190207137,0.11057426136954679,0.11532060570621412,-0.0047463443366673325,-527.371592963037,-0.04115781657233849,38.44020190207137,0.11057426136954679,0.11532060570621412,-0.0047463443366673325,-527.371592963037,-0.04115781657233849
S10,source,regular-sensitivity,50,0.01,extended-local,edge,tie_bc,asymmetric_b,"[0.0001739176387352617,0.09908186401778302,0.9007442183434817]",0.0001739176387352617,8.656928711412716,38.44020190207137,0.33535617795405703,0.38440201902071375,-0.049045841066656715,-490.45841066656715,-0.1275899673773926,38.44020190207137,0.33535617795405703,0.38440201902071375,-0.049045841066656715,-490.45841066656715,-0.1275899673773926
S10,source,regular-sensitivity,50,0.03,stress,edge,tie_bc,asymmetric_b,"[0.0001739176387352617,0.09908186401778302,0.9007442183434817]",0.0001739176387352617,8.656928711412716,38.44020190207137,0.7869716320794072,1.1532060570621412,-0.36623442498273395,-406.9271388697044,-0.3175793456338039,38.44020190207137,0.7869716320794072,1.1532060570621412,-0.36623442498273395,-406.9271388697044,-0.3175793456338039
S10,source,regular-sensitivity,50,0.1,stress,edge,tie_bc,asymmetric_b,"[0.0001739176387352617,0.09908186401778302,0.9007442183434817]",0.0001739176387352617,8.656928711412716,38.44020190207137,1.364356180813044,3.8440201902071376,-2.4796640093940936,-247.9664009394093,-0.645070495652229,38.44020190207137,1.364356180813044,3.8440201902071376,-2.4796640093940936,-247.9664009394093,-0.645070495652229
S11,source,regular-sensitivity,1,0.0001,confirmatory,balanced,reversed,backward_cycle,"[0.3168124094855952,0.33305572906545156,0.35013186144895325]",0.3168124094855952,1.1494454484529983,0.01665972598167903,1.6659725982082207e-06,1.665972598167903e-06,4.031770949812063e-17,4.031770949812063e-09,2.4200703866593403e-11,0.01665972598167903,1.6659725982082207e-06,1.665972598167903e-06,4.031770949812063e-17,4.031770949812063e-09,2.4200703866593403e-11
S11,source,regular-sensitivity,1,0.0003,confirmatory,balanced,reversed,backward_cycle,"[0.3168124094855952,0.33305572906545156,0.35013186144895325]",0.3168124094855952,1.1494454484529983,0.01665972598167903,4.997917794458129e-06,4.9979177945037085e-06,-4.5579689924701156e-17,-5.064409991633463e-10,-9.11973581774912e-12,0.01665972598167903,4.997917794458129e-06,4.9979177945037085e-06,-4.5579689924701156e-17,-5.064409991633463e-10,-9.11973581774912e-12
S11,source,regular-sensitivity,1,0.001,confirmatory,balanced,reversed,backward_cycle,"[0.3168124094855952,0.33305572906545156,0.35013186144895325]",0.3168124094855952,1.1494454484529983,0.01665972598167903,1.6659725981638118e-05,1.665972598167903e-05,-4.0911691352382706e-17,-4.0911691352382706e-11,-2.4557241456056332e-12,0.01665972598167903,1.6659725981638118e-05,1.665972598167903e-05,-4.0911691352382706e-17,-4.0911691352382706e-11,-2.4557241456056332e-12
S11,source,regular-sensitivity,1,0.003,extended-local,balanced,reversed,backward_cycle,"[0.3168124094855952,0.33305572906545156,0.35013186144895325]",0.3168124094855952,1.1494454484529983,0.01665972598167903,4.997917794508089e-05,4.997917794503709e-05,4.3794991504836345e-17,4.866110167204038e-12,8.762647427494386e-13,0.01665972598167903,4.997917794508089e-05,4.997917794503709e-05,4.3794991504836345e-17,4.866110167204038e-12,8.762647427494386e-13
S11,source,regular-sensitivity,1,0.01,extended-local,balanced,reversed,backward_cycle,"[0.3168124094855952,0.33305572906545156,0.35013186144895325]",0.3168124094855952,1.1494454484529983,0.01665972598167903,0.00016659725981682527,0.0001665972598167903,3.496552006265752e-17,3.496552006265752e-13,2.0988052325176096e-13,0.01665972598167903,0.00016659725981682527,0.0001665972598167903,3.496552006265752e-17,3.496552006265752e-13,2.0988052325176096e-13
S11,source,regular-sensitivity,1,0.03,stress,balanced,reversed,backward_cycle,"[0.3168124094855952,0.33305572906545156,0.35013186144895325]",0.3168124094855952,1.1494454484529983,0.01665972598167903,0.0004997917794503648,0.0004997917794503709,-6.071532165918825e-18,-6.746146851020917e-15,-1.2148123309662651e-14,0.01665972598167903,0.0004997917794503648,0.0004997917794503709,-6.071532165918825e-18,-6.746146851020917e-15,-1.2148123309662651e-14
S11,source,regular-sensitivity,1,0.1,stress,balanced,reversed,backward_cycle,"[0.3168124094855952,0.33305572906545156,0.35013186144895325]",0.3168124094855952,1.1494454484529983,0.01665972598167903,0.0016659725981678641,0.0016659725981679032,-3.903127820947816e-17,-3.903127820947815e-15,-2.3428523525777966e-14,0.01665972598167903,0.0016659725981678641,0.0016659725981679032,-3.903127820947816e-17,-3.903127820947815e-15,-2.3428523525777966e-14
S11,source,regular-sensitivity,5,0.0001,confirmatory,balanced,reversed,backward_cycle,"[0.25427521259046554,0.3264958357998367,0.41922895160969775]",0.25427521259046554,1.3693380844056786,0.25351544766357514,2.5350300601190145e-05,2.5351544766357514e-05,-1.2441651673687315e-09,-0.12441651673687315,-4.90765031809733e-05,0.25351544766357514,2.5350300601190145e-05,2.5351544766357514e-05,-1.2441651673687315e-09,-0.12441651673687315,-4.90765031809733e-05
S11,source,regular-sensitivity,5,0.0003,confirmatory,balanced,reversed,backward_cycle,"[0.25427521259046554,0.3264958357998367,0.41922895160969775]",0.25427521259046554,1.3693380844056786,0.25351544766357514,7.604343720990503e-05,7.605463429907254e-05,-1.1197089167506611e-08,-0.12441210186118459,-0.00014722428515632422,0.25351544766357514,7.604343720990503e-05,7.605463429907254e-05,-1.1197089167506611e-08,-0.12441210186118459,-0.00014722428515632422
S11,source,regular-sensitivity,5,0.001,confirmatory,balanced,reversed,backward_cycle,"[0.25427521259046554,0.3264958357998367,0.41922895160969775]",0.25427521259046554,1.3693380844056786,0.25351544766357514,0.00025339105112359706,0.00025351544766357516,-1.2439653997810057e-07,-0.12439653997810057,-0.0004906862328294077,0.25351544766357514,0.00025339105112359706,0.00025351544766357516,-1.2439653997810057e-07,-0.12439653997810057,-0.0004906862328294077
S11,source,regular-sensitivity,5,0.003,extended-local,balanced,reversed,backward_cycle,"[0.25427521259046554,0.3264958357998367,0.41922895160969775]",0.25427521259046554,1.3693380844056786,0.25351544766357514,0.0007594271742971115,0.0007605463429907254,-1.1191686936139287e-06,-0.1243520770682143,-0.0014715325422682054,0.25351544766357514,0.0007594271742971115,0.0007605463429907254,-1.1191686936139287e-06,-0.1243520770682143,-0.0014715325422682054
S11,source,regular-sensitivity,5,0.01,extended-local,balanced,reversed,backward_cycle,"[0.25427521259046554,0.3264958357998367,0.41922895160969775]",0.25427521259046554,1.3693380844056786,0.25351544766357514,0.0025227348333153876,0.0025351544766357517,-1.2419643320364052e-05,-0.12419643320364052,-0.004898969050929552,0.25351544766357514,0.0025227348333153876,0.0025351544766357517,-1.2419643320364052e-05,-0.12419643320364052,-0.004898969050929552
S11,source,regular-sensitivity,5,0.03,stress,balanced,reversed,backward_cycle,"[0.25427521259046554,0.3264958357998367,0.41922895160969775]",0.25427521259046554,1.3693380844056786,0.25351544766357514,0.00749408704673632,0.007605463429907254,-0.00011137638317093405,-0.1237515368565934,-0.014644259905709948,0.25351544766357514,0.00749408704673632,0.007605463429907254,-0.00011137638317093405,-0.1237515368565934,-0.014644259905709948
S11,source,regular-sensitivity,5,0.1,stress,balanced,reversed,backward_cycle,"[0.25427521259046554,0.3264958357998367,0.41922895160969775]",0.25427521259046554,1.3693380844056786,0.25351544766357514,0.024129622096833003,0.025351544766357516,-0.0012219226695245125,-0.12219226695245122,-0.048199140556754214,0.25351544766357514,0.024129622096833003,0.025351544766357516,-0.0012219226695245125,-0.12219226695245122,-0.048199140556754214
S11,source,regular-sensitivity,20,0.0001,confirmatory,balanced,reversed,backward_cycle,"[0.09003057317038032,0.24472847105479767,0.665240955774822]",0.09003057317038032,2.407605964444382,3.007548228010177,0.00030069829015888505,0.0003007548228010177,-5.653264213267145e-08,-5.653264213267145,-0.0001879691956596619,3.007548228010177,0.00030069829015888505,0.0003007548228010177,-5.653264213267145e-08,-5.653264213267145,-0.0001879691956596619
S11,source,regular-sensitivity,20,0.0003,confirmatory,balanced,reversed,backward_cycle,"[0.09003057317038032,0.24472847105479767,0.665240955774822]",0.09003057317038032,2.407605964444382,3.007548228010177,0.0009017557374706303,0.000902264468403053,-5.087309324226363e-07,-5.65256591580707,-0.0005638379324889693,3.007548228010177,0.0009017557374706303,0.000902264468403053,-5.087309324226363e-07,-5.65256591580707,-0.0005638379324889693
S11,source,regular-sensitivity,20,0.001,confirmatory,balanced,reversed,backward_cycle,"[0.09003057317038032,0.24472847105479767,0.665240955774822]",0.09003057317038032,2.407605964444382,3.007548228010177,0.0030018981089503932,0.003007548228010177,-5.6501190597835725e-06,-5.650119059783573,-0.0018786462032968783,3.007548228010177,0.0030018981089503932,0.003007548228010177,-5.6501190597835725e-06,-5.650119059783573,-0.0018786462032968783
S11,source,regular-sensitivity,20,0.003,extended-local,balanced,reversed,backward_cycle,"[0.09003057317038032,0.24472847105479767,0.665240955774822]",0.09003057317038032,2.407605964444382,3.007548228010177,0.008971856731157163,0.00902264468403053,-5.078795287336707e-05,-5.643105874818564,-0.005628943026345513,3.007548228010177,0.008971856731157163,0.00902264468403053,-5.078795287336707e-05,-5.643105874818564,-0.005628943026345513
S11,source,regular-sensitivity,20,0.01,extended-local,balanced,reversed,backward_cycle,"[0.09003057317038032,0.24472847105479767,0.665240955774822]",0.09003057317038032,2.407605964444382,3.007548228010177,0.02951365172954573,0.03007548228010177,-0.0005618305505560375,-5.618305505560375,-0.018680683000310526,3.007548228010177,0.02951365172954573,0.03007548228010177,-0.0005618305505560375,-5.618305505560375,-0.018680683000310526
S11,source,regular-sensitivity,20,0.03,stress,balanced,reversed,backward_cycle,"[0.09003057317038032,0.24472847105479767,0.665240955774822]",0.09003057317038032,2.407605964444382,3.007548228010177,0.0852356064326362,0.0902264468403053,-0.004990840407669103,-5.545378230743448,-0.05531460655324877,3.007548228010177,0.0852356064326362,0.0902264468403053,-0.004990840407669103,-5.545378230743448,-0.05531460655324877
S11,source,regular-sensitivity,20,0.1,stress,balanced,reversed,backward_cycle,"[0.09003057317038032,0.24472847105479767,0.665240955774822]",0.09003057317038032,2.407605964444382,3.007548228010177,0.24805185815127603,0.30075482280101773,-0.052702964649741696,-5.270296464974169,-0.17523564263709407,3.007548228010177,0.24805185815127603,0.30075482280101773,-0.052702964649741696,-5.270296464974169,-0.17523564263709407
S11,source,regular-sensitivity,50,0.0001,confirmatory,balanced,reversed,backward_cycle,"[0.006188285272800008,0.0753887479629967,0.9184229667642033]",0.006188285272800008,5.085097246364314,8.235579860443863,0.0008233539602693135,0.0008235579860443864,-2.0402577507289913e-07,-20.402577507289912,-0.00024773698820267765,8.235579860443863,0.0008233539602693135,0.0008235579860443864,-2.0402577507289913e-07,-20.402577507289912,-0.00024773698820267765
S11,source,regular-sensitivity,50,0.0003,confirmatory,balanced,reversed,backward_cycle,"[0.006188285272800008,0.0753887479629967,0.9184229667642033]",0.006188285272800008,5.085097246364314,8.235579860443863,0.0024688376356753732,0.002470673958133159,-1.836322457785585e-06,-20.40358286428428,-0.0007432475870564121,8.235579860443863,0.0024688376356753732,0.002470673958133159,-1.836322457785585e-06,-20.40358286428428,-0.0007432475870564121
S11,source,regular-sensitivity,50,0.001,confirmatory,balanced,reversed,backward_cycle,"[0.006188285272800008,0.0753887479629967,0.9184229667642033]",0.006188285272800008,5.085097246364314,8.235579860443863,0.008215172785075841,0.008235579860443864,-2.040707536802265e-05,-20.407075368022653,-0.0024779160318800907,8.235579860443863,0.008215172785075841,0.008235579860443864,-2.040707536802265e-05,-20.407075368022653,-0.0024779160318800907
S11,source,regular-sensitivity,50,0.003,extended-local,balanced,reversed,backward_cycle,"[0.006188285272800008,0.0753887479629967,0.9184229667642033]",0.006188285272800008,5.085097246364314,8.235579860443863,0.024522988170526,0.02470673958133159,-0.0001837514108055903,-20.416823422843365,-0.00743729904954488,8.235579860443863,0.024522988170526,0.02470673958133159,-0.0001837514108055903,-20.416823422843365,-0.00743729904954488
S11,source,regular-sensitivity,50,0.01,extended-local,balanced,reversed,backward_cycle,"[0.006188285272800008,0.0753887479629967,0.9184229667642033]",0.006188285272800008,5.085097246364314,8.235579860443863,0.08031099559888227,0.08235579860443863,-0.0020448030055563587,-20.448030055563585,-0.024828889285352065,8.235579860443863,0.08031099559888227,0.08235579860443863,-0.0020448030055563587,-20.448030055563585,-0.024828889285352065
S11,source,regular-sensitivity,50,0.03,stress,balanced,reversed,backward_cycle,"[0.006188285272800008,0.0753887479629967,0.9184229667642033]",0.006188285272800008,5.085097246364314,8.235579860443863,0.2286110889453285,0.24706739581331588,-0.018456306867987382,-20.507007631097093,-0.07470150728400023,8.235579860443863,0.2286110889453285,0.24706739581331588,-0.018456306867987382,-20.507007631097093,-0.07470150728400023
S11,source,regular-sensitivity,50,0.1,stress,balanced,reversed,backward_cycle,"[0.006188285272800008,0.0753887479629967,0.9184229667642033]",0.006188285272800008,5.085097246364314,8.235579860443863,0.6213043709526799,0.8235579860443863,-0.20225361509170647,-20.225361509170643,-0.2455851543169977,8.235579860443863,0.6213043709526799,0.8235579860443863,-0.20225361509170647,-20.225361509170643,-0.2455851543169977
S12,source,regular-sensitivity,1,0.0001,confirmatory,mixed,strong_ordered,asymmetric_a,"[0.21355876344046074,0.3009298380813926,0.48551139847814656]",0.21355876344046074,1.5438432455876459,0.16513946324558954,1.6513946324542284e-05,1.6513946324558953e-05,-1.666960840196463e-17,-1.666960840196463e-09,-1.0094260980595646e-12,0.16513946324558954,1.6513946324542284e-05,1.6513946324558953e-05,-1.666960840196463e-17,-1.666960840196463e-09,-1.0094260980595646e-12
S12,source,regular-sensitivity,1,0.0003,confirmatory,mixed,strong_ordered,asymmetric_a,"[0.21355876344046074,0.3009298380813926,0.48551139847814656]",0.21355876344046074,1.5438432455876459,0.16513946324558954,4.954183897373787e-05,4.954183897367686e-05,6.101347725662176e-17,6.779275250735752e-10,1.231554551074298e-12,0.16513946324558954,4.954183897373787e-05,4.954183897367686e-05,6.101347725662176e-17,6.779275250735752e-10,1.231554551074298e-12
S12,source,regular-sensitivity,1,0.001,confirmatory,mixed,strong_ordered,asymmetric_a,"[0.21355876344046074,0.3009298380813926,0.48551139847814656]",0.21355876344046074,1.5438432455876459,0.16513946324558954,0.00016513946324561712,0.00016513946324558953,2.7592945289756088e-17,2.7592945289756088e-11,1.6708874273571327e-13,0.16513946324558954,0.00016513946324561712,0.00016513946324558953,2.7592945289756088e-17,2.7592945289756088e-11,1.6708874273571327e-13
S12,source,regular-sensitivity,1,0.003,extended-local,mixed,strong_ordered,asymmetric_a,"[0.21355876344046074,0.3009298380813926,0.48551139847814656]",0.21355876344046074,1.5438432455876459,0.16513946324558954,0.0004954183897367681,0.0004954183897367686,-5.421010862427522e-19,-6.023345402697246e-14,-1.0942288325848937e-15,0.16513946324558954,0.0004954183897367681,0.0004954183897367686,-5.421010862427522e-19,-6.023345402697246e-14,-1.0942288325848937e-15
S12,source,regular-sensitivity,1,0.01,extended-local,mixed,strong_ordered,asymmetric_a,"[0.21355876344046074,0.3009298380813926,0.48551139847814656]",0.21355876344046074,1.5438432455876459,0.16513946324558954,0.0016513946324558937,0.0016513946324558954,-1.734723475976807e-18,-1.734723475976807e-14,-1.050459679281498e-15,0.16513946324558954,0.0016513946324558937,0.0016513946324558954,-1.734723475976807e-18,-1.734723475976807e-14,-1.050459679281498e-15
S12,source,regular-sensitivity,1,0.03,stress,mixed,strong_ordered,asymmetric_a,"[0.21355876344046074,0.3009298380813926,0.48551139847814656]",0.21355876344046074,1.5438432455876459,0.16513946324558954,0.004954183897367653,0.004954183897367686,-3.2959746043559335e-17,-3.6621940048399264e-14,-6.652911302116153e-15,0.16513946324558954,0.004954183897367653,0.004954183897367686,-3.2959746043559335e-17,-3.6621940048399264e-14,-6.652911302116153e-15
S12,source,regular-sensitivity,1,0.1,stress,mixed,strong_ordered,asymmetric_a,"[0.21355876344046074,0.3009298380813926,0.48551139847814656]",0.21355876344046074,1.5438432455876459,0.16513946324558954,0.016513946324558992,0.016513946324558954,3.8163916471489756e-17,3.816391647148975e-15,2.3110112944192956e-15,0.16513946324558954,0.016513946324558992,0.016513946324558954,3.8163916471489756e-17,3.816391647148975e-15,2.3110112944192956e-15
S12,source,regular-sensitivity,5,0.0001,confirmatory,mixed,strong_ordered,asymmetric_a,"[0.2738123599012366,0.30048810285376115,0.42569953724500226]",0.2738123599012366,1.295312225067638,0.6861551110756858,6.86072451121511e-05,6.861551110756859e-05,-8.265995417482195e-09,-0.8265995417482195,-0.00012046832099703504,0.6861551110756858,6.86072451121511e-05,6.861551110756859e-05,-8.265995417482195e-09,-0.8265995417482195,-0.00012046832099703504
S12,source,regular-sensitivity,5,0.0003,confirmatory,mixed,strong_ordered,asymmetric_a,"[0.2738123599012366,0.30048810285376115,0.42569953724500226]",0.2738123599012366,1.295312225067638,0.6861551110756858,0.0002057721480775987,0.00020584653332270572,-7.438524510702794e-08,-0.8265027234114216,-0.0003613626321819768,0.6861551110756858,0.0002057721480775987,0.00020584653332270572,-7.438524510702794e-08,-0.8265027234114216,-0.0003613626321819768
S12,source,regular-sensitivity,5,0.001,confirmatory,mixed,strong_ordered,asymmetric_a,"[0.2738123599012366,0.30048810285376115,0.42569953724500226]",0.2738123599012366,1.295312225067638,0.6861551110756858,0.0006853289470939994,0.0006861551110756858,-8.261639816864062e-07,-0.8261639816864063,-0.0012040484262971216,0.6861551110756858,0.0006853289470939994,0.0006861551110756858,-8.261639816864062e-07,-0.8261639816864063,-0.0012040484262971216
S12,source,regular-sensitivity,5,0.003,extended-local,mixed,strong_ordered,asymmetric_a,"[0.2738123599012366,0.30048810285376115,0.42569953724500226]",0.2738123599012366,1.295312225067638,0.6861551110756858,0.002051038559726104,0.0020584653332270577,-7.426773500953873e-06,-0.8251970556615414,-0.003607917695320579,0.6861551110756858,0.002051038559726104,0.0020584653332270577,-7.426773500953873e-06,-0.8251970556615414,-0.003607917695320579
S12,source,regular-sensitivity,5,0.01,extended-local,mixed,strong_ordered,asymmetric_a,"[0.2738123599012366,0.30048810285376115,0.42569953724500226]",0.2738123599012366,1.295312225067638,0.6861551110756858,0.0067793687665180236,0.006861551110756858,-8.218234423883457e-05,-0.8218234423883457,-0.011977225398787348,0.6861551110756858,0.0067793687665180236,0.006861551110756858,-8.218234423883457e-05,-0.8218234423883457,-0.011977225398787348
S12,source,regular-sensitivity,5,0.03,stress,mixed,strong_ordered,asymmetric_a,"[0.2738123599012366,0.30048810285376115,0.42569953724500226]",0.2738123599012366,1.295312225067638,0.6861551110756858,0.019853605940808428,0.020584653332270574,-0.000731047391462146,-0.8122748794023844,-0.03551419495202684,0.6861551110756858,0.019853605940808428,0.020584653332270574,-0.000731047391462146,-0.8122748794023844,-0.03551419495202684
S12,source,regular-sensitivity,5,0.1,stress,mixed,strong_ordered,asymmetric_a,"[0.2738123599012366,0.30048810285376115,0.42569953724500226]",0.2738123599012366,1.295312225067638,0.6861551110756858,0.06081671020276075,0.06861551110756858,-0.007798800904807834,-0.7798800904807833,-0.11365944491153974,0.6861551110756858,0.06081671020276075,0.06861551110756858,-0.007798800904807834,-0.7798800904807833,-0.11365944491153974
S12,source,regular-sensitivity,20,0.0001,confirmatory,mixed,strong_ordered,asymmetric_a,"[0.5544224567089029,0.2382670400011677,0.20731050328992942]",0.20731050328992942,1.5735375937234577,0.7516119506864213,7.516105923008332e-05,7.516119506864213e-05,-1.3583855881218933e-10,-0.013583855881218933,-1.8072964205549508e-06,0.9748712238184472,9.745093117474735e-05,9.748712238184471e-05,-3.619120709736701e-08,-3.619120709736701,-0.00037124090047104517
S12,source,regular-sensitivity,20,0.0003,confirmatory,mixed,strong_ordered,asymmetric_a,"[0.5544224567089029,0.2382670400011677,0.20731050328992942]",0.20731050328992942,1.5735375937234577,0.7516119506864213,0.00022548220297960442,0.00022548358520592637,-1.3822263219523574e-09,-0.015358070243915086,-6.130052973434931e-06,0.9748712238184472,0.0002921357722611706,0.0002924613671455341,-3.255948843635249e-07,-3.6177209373724994,-0.0011132919453306902
S12,source,regular-sensitivity,20,0.001,confirmatory,mixed,strong_ordered,asymmetric_a,"[0.5544224567089029,0.2382670400011677,0.20731050328992942]",0.20731050328992942,1.5735375937234577,0.7516119506864213,0.0007515904085265424,0.0007516119506864213,-2.1542159878954088e-08,-0.02154215987895409,-2.8661279080621825e-05,0.9748712238184472,0.0009712583957721677,0.0009748712238184472,-3.6128280462794987e-06,-3.612828046279499,-0.0037059541383614837
S12,source,regular-sensitivity,20,0.003,extended-local,mixed,strong_ordered,asymmetric_a,"[0.5544224567089029,0.2382670400011677,0.20731050328992942]",0.20731050328992942,1.5735375937234577,0.7516119506864213,0.0022544849138137757,0.002254835852059264,-3.5093824548833655e-07,-0.03899313838759295,-0.0001556380457441444,0.9748712238184472,0.0028922235559002973,0.0029246136714553414,-3.239011555504403e-05,-3.5989017283382254,-0.011075006545711082
S12,source,regular-sensitivity,20,0.01,extended-local,mixed,strong_ordered,asymmetric_a,"[0.5544224567089029,0.2382670400011677,0.20731050328992942]",0.20731050328992942,1.5735375937234577,0.7516119506864213,0.007506358864548646,0.007516119506864213,-9.760642315567204e-06,-0.09760642315567204,-0.0012986278766128115,0.9748712238184472,0.009395992682480703,0.009748712238184472,-0.00035271955570376906,-3.5271955570376905,-0.03618114342550919
S12,source,regular-sensitivity,20,0.03,stress,mixed,strong_ordered,asymmetric_a,"[0.5544224567089029,0.2382670400011677,0.20731050328992942]",0.20731050328992942,1.5735375937234577,0.7516119506864213,0.022327190494983412,0.022548358520592636,-0.00022116802560922383,-0.24574225067691538,-0.00980860870236912,0.9748712238184472,0.026444262916570427,0.029246136714553412,-0.002801873797982985,-3.1131931088699836,-0.09580321070538939
S12,source,regular-sensitivity,20,0.1,stress,mixed,strong_ordered,asymmetric_a,"[0.5544224567089029,0.2382670400011677,0.20731050328992942]",0.20731050328992942,1.5735375937234577,0.7516119506864213,0.0778401483626823,0.07516119506864213,0.002678953294040165,0.26789532940401645,0.0356427714007683,0.9748712238184472,0.0778401483626823,0.09748712238184472,-0.01964697401916242,-1.9646974019162415,-0.20153404407822922
S12,source,regular-sensitivity,50,0.0001,confirmatory,mixed,strong_ordered,asymmetric_a,"[0.9195109421358374,0.06060073684592866,0.019888321018233898]",0.019888321018233898,3.9176226030410595,7.157227687307666,0.0007155651794139503,0.0007157227687307666,-1.5758931681624476e-07,-15.758931681624476,-0.00022018206448246323,7.157227687307666,0.0007155651794139503,0.0007157227687307666,-1.5758931681624476e-07,-15.758931681624476,-0.00022018206448246323
S12,source,regular-sensitivity,50,0.0003,confirmatory,mixed,strong_ordered,asymmetric_a,"[0.9195109421358374,0.06060073684592866,0.019888321018233898]",0.019888321018233898,3.9176226030410595,7.157227687307666,0.0021457496496866853,0.0021471683061922995,-1.4186565056141867e-06,-15.762850062379854,-0.0006607104350054301,7.157227687307666,0.0021457496496866853,0.0021471683061922995,-1.4186565056141867e-06,-15.762850062379854,-0.0006607104350054301
S12,source,regular-sensitivity,50,0.001,confirmatory,mixed,strong_ordered,asymmetric_a,"[0.9195109421358374,0.06060073684592866,0.019888321018233898]",0.019888321018233898,3.9176226030410595,7.157227687307666,0.007141451220875027,0.007157227687307666,-1.577646643263937e-05,-15.776466432639372,-0.0022042705809983817,7.157227687307666,0.007141451220875027,0.007157227687307666,-1.577646643263937e-05,-15.776466432639372,-0.0022042705809983817
S12,source,regular-sensitivity,50,0.003,extended-local,mixed,strong_ordered,asymmetric_a,"[0.9195109421358374,0.06060073684592866,0.019888321018233898]",0.019888321018233898,3.9176226030410595,7.157227687307666,0.02132935225608487,0.021471683061922996,-0.00014233080583812494,-15.81453398201388,-0.006628768011694834,7.157227687307666,0.02132935225608487,0.021471683061922996,-0.00014233080583812494,-15.81453398201388,-0.006628768011694834
S12,source,regular-sensitivity,50,0.01,extended-local,mixed,strong_ordered,asymmetric_a,"[0.9195109421358374,0.06060073684592866,0.019888321018233898]",0.019888321018233898,3.9176226030410595,7.157227687307666,0.06997846457026004,0.07157227687307666,-0.001593812302816619,-15.938123028166189,-0.02226857063165701,7.157227687307666,0.06997846457026004,0.07157227687307666,-0.001593812302816619,-15.938123028166189,-0.02226857063165701
S12,source,regular-sensitivity,50,0.03,stress,mixed,strong_ordered,asymmetric_a,"[0.9195109421358374,0.06060073684592866,0.019888321018233898]",0.019888321018233898,3.9176226030410595,7.157227687307666,0.20012675155913623,0.21471683061922997,-0.014590079060093741,-16.211198955659714,-0.06795032796458882,7.157227687307666,0.20012675155913623,0.21471683061922997,-0.014590079060093741,-16.211198955659714,-0.06795032796458882
S12,source,regular-sensitivity,50,0.1,stress,mixed,strong_ordered,asymmetric_a,"[0.9195109421358374,0.06060073684592866,0.019888321018233898]",0.019888321018233898,3.9176226030410595,7.157227687307666,0.5522958042503991,0.7157227687307666,-0.16342696448036742,-16.34269644803674,-0.22833836175169067,7.157227687307666,0.5522958042503991,0.7157227687307666,-0.16342696448036742,-16.34269644803674,-0.22833836175169067
S13,source,analytic-zero,1,0.0001,confirmatory,balanced,neutral,identity,"[0.3333333333333333,0.3333333333333333,0.3333333333333333]",0.3333333333333333,1.0986122886681098,0.0,0.0,0.0,0.0,0.0,,0.0,0.0,0.0,0.0,0.0,
S13,source,analytic-zero,1,0.0003,confirmatory,balanced,neutral,identity,"[0.3333333333333333,0.3333333333333333,0.3333333333333333]",0.3333333333333333,1.0986122886681098,0.0,0.0,0.0,0.0,0.0,,0.0,0.0,0.0,0.0,0.0,
S13,source,analytic-zero,1,0.001,confirmatory,balanced,neutral,identity,"[0.3333333333333333,0.3333333333333333,0.3333333333333333]",0.3333333333333333,1.0986122886681098,0.0,0.0,0.0,0.0,0.0,,0.0,0.0,0.0,0.0,0.0,
S13,source,analytic-zero,1,0.003,extended-local,balanced,neutral,identity,"[0.3333333333333333,0.3333333333333333,0.3333333333333333]",0.3333333333333333,1.0986122886681098,0.0,0.0,0.0,0.0,0.0,,0.0,0.0,0.0,0.0,0.0,
S13,source,analytic-zero,1,0.01,extended-local,balanced,neutral,identity,"[0.3333333333333333,0.3333333333333333,0.3333333333333333]",0.3333333333333333,1.0986122886681098,0.0,0.0,0.0,0.0,0.0,,0.0,0.0,0.0,0.0,0.0,
S13,source,analytic-zero,1,0.03,stress,balanced,neutral,identity,"[0.3333333333333333,0.3333333333333333,0.3333333333333333]",0.3333333333333333,1.0986122886681098,0.0,0.0,0.0,0.0,0.0,,0.0,0.0,0.0,0.0,0.0,
S13,source,analytic-zero,1,0.1,stress,balanced,neutral,identity,"[0.3333333333333333,0.3333333333333333,0.3333333333333333]",0.3333333333333333,1.0986122886681098,0.0,0.0,0.0,0.0,0.0,,0.0,0.0,0.0,0.0,0.0,
S13,source,analytic-zero,5,0.0001,confirmatory,balanced,neutral,identity,"[0.3333333333333333,0.3333333333333333,0.3333333333333333]",0.3333333333333333,1.0986122886681098,0.0,0.0,0.0,0.0,0.0,,0.0,0.0,0.0,0.0,0.0,
S13,source,analytic-zero,5,0.0003,confirmatory,balanced,neutral,identity,"[0.3333333333333333,0.3333333333333333,0.3333333333333333]",0.3333333333333333,1.0986122886681098,0.0,0.0,0.0,0.0,0.0,,0.0,0.0,0.0,0.0,0.0,
S13,source,analytic-zero,5,0.001,confirmatory,balanced,neutral,identity,"[0.3333333333333333,0.3333333333333333,0.3333333333333333]",0.3333333333333333,1.0986122886681098,0.0,0.0,0.0,0.0,0.0,,0.0,0.0,0.0,0.0,0.0,
S13,source,analytic-zero,5,0.003,extended-local,balanced,neutral,identity,"[0.3333333333333333,0.3333333333333333,0.3333333333333333]",0.3333333333333333,1.0986122886681098,0.0,0.0,0.0,0.0,0.0,,0.0,0.0,0.0,0.0,0.0,
S13,source,analytic-zero,5,0.01,extended-local,balanced,neutral,identity,"[0.3333333333333333,0.3333333333333333,0.3333333333333333]",0.3333333333333333,1.0986122886681098,0.0,0.0,0.0,0.0,0.0,,0.0,0.0,0.0,0.0,0.0,
S13,source,analytic-zero,5,0.03,stress,balanced,neutral,identity,"[0.3333333333333333,0.3333333333333333,0.3333333333333333]",0.3333333333333333,1.0986122886681098,0.0,0.0,0.0,0.0,0.0,,0.0,0.0,0.0,0.0,0.0,
S13,source,analytic-zero,5,0.1,stress,balanced,neutral,identity,"[0.3333333333333333,0.3333333333333333,0.3333333333333333]",0.3333333333333333,1.0986122886681098,0.0,0.0,0.0,0.0,0.0,,0.0,0.0,0.0,0.0,0.0,
S13,source,analytic-zero,20,0.0001,confirmatory,balanced,neutral,identity,"[0.3333333333333333,0.3333333333333333,0.3333333333333333]",0.3333333333333333,1.0986122886681098,0.0,0.0,0.0,0.0,0.0,,0.0,0.0,0.0,0.0,0.0,
S13,source,analytic-zero,20,0.0003,confirmatory,balanced,neutral,identity,"[0.3333333333333333,0.3333333333333333,0.3333333333333333]",0.3333333333333333,1.0986122886681098,0.0,0.0,0.0,0.0,0.0,,0.0,0.0,0.0,0.0,0.0,
S13,source,analytic-zero,20,0.001,confirmatory,balanced,neutral,identity,"[0.3333333333333333,0.3333333333333333,0.3333333333333333]",0.3333333333333333,1.0986122886681098,0.0,0.0,0.0,0.0,0.0,,0.0,0.0,0.0,0.0,0.0,
S13,source,analytic-zero,20,0.003,extended-local,balanced,neutral,identity,"[0.3333333333333333,0.3333333333333333,0.3333333333333333]",0.3333333333333333,1.0986122886681098,0.0,0.0,0.0,0.0,0.0,,0.0,0.0,0.0,0.0,0.0,
S13,source,analytic-zero,20,0.01,extended-local,balanced,neutral,identity,"[0.3333333333333333,0.3333333333333333,0.3333333333333333]",0.3333333333333333,1.0986122886681098,0.0,0.0,0.0,0.0,0.0,,0.0,0.0,0.0,0.0,0.0,
S13,source,analytic-zero,20,0.03,stress,balanced,neutral,identity,"[0.3333333333333333,0.3333333333333333,0.3333333333333333]",0.3333333333333333,1.0986122886681098,0.0,0.0,0.0,0.0,0.0,,0.0,0.0,0.0,0.0,0.0,
S13,source,analytic-zero,20,0.1,stress,balanced,neutral,identity,"[0.3333333333333333,0.3333333333333333,0.3333333333333333]",0.3333333333333333,1.0986122886681098,0.0,0.0,0.0,0.0,0.0,,0.0,0.0,0.0,0.0,0.0,
S13,source,analytic-zero,50,0.0001,confirmatory,balanced,neutral,identity,"[0.3333333333333333,0.3333333333333333,0.3333333333333333]",0.3333333333333333,1.0986122886681098,0.0,0.0,0.0,0.0,0.0,,0.0,0.0,0.0,0.0,0.0,
S13,source,analytic-zero,50,0.0003,confirmatory,balanced,neutral,identity,"[0.3333333333333333,0.3333333333333333,0.3333333333333333]",0.3333333333333333,1.0986122886681098,0.0,0.0,0.0,0.0,0.0,,0.0,0.0,0.0,0.0,0.0,
S13,source,analytic-zero,50,0.001,confirmatory,balanced,neutral,identity,"[0.3333333333333333,0.3333333333333333,0.3333333333333333]",0.3333333333333333,1.0986122886681098,0.0,0.0,0.0,0.0,0.0,,0.0,0.0,0.0,0.0,0.0,
S13,source,analytic-zero,50,0.003,extended-local,balanced,neutral,identity,"[0.3333333333333333,0.3333333333333333,0.3333333333333333]",0.3333333333333333,1.0986122886681098,0.0,0.0,0.0,0.0,0.0,,0.0,0.0,0.0,0.0,0.0,
S13,source,analytic-zero,50,0.01,extended-local,balanced,neutral,identity,"[0.3333333333333333,0.3333333333333333,0.3333333333333333]",0.3333333333333333,1.0986122886681098,0.0,0.0,0.0,0.0,0.0,,0.0,0.0,0.0,0.0,0.0,
S13,source,analytic-zero,50,0.03,stress,balanced,neutral,identity,"[0.3333333333333333,0.3333333333333333,0.3333333333333333]",0.3333333333333333,1.0986122886681098,0.0,0.0,0.0,0.0,0.0,,0.0,0.0,0.0,0.0,0.0,
S13,source,analytic-zero,50,0.1,stress,balanced,neutral,identity,"[0.3333333333333333,0.3333333333333333,0.3333333333333333]",0.3333333333333333,1.0986122886681098,0.0,0.0,0.0,0.0,0.0,,0.0,0.0,0.0,0.0,0.0,
S14,source,low-sensitivity,1,0.0001,confirmatory,mixed,weak,near_identity,"[0.2013026980748582,0.300448045019461,0.49824925690568084]",0.2013026980748582,1.6029455431730684,9.894972513241147e-14,5.551115123125783e-17,9.894972513241148e-18,4.561617871801668e-17,4.561617871801668e-09,,9.894972513241147e-14,5.551115123125783e-17,9.894972513241148e-18,4.561617871801668e-17,4.561617871801668e-09,
S14,source,low-sensitivity,1,0.0003,confirmatory,mixed,weak,near_identity,"[0.2013026980748582,0.300448045019461,0.49824925690568084]",0.2013026980748582,1.6029455431730684,9.894972513241147e-14,8.326672684688674e-17,2.968491753972344e-17,5.35818093071633e-17,5.953534367462589e-10,,9.894972513241147e-14,8.326672684688674e-17,2.968491753972344e-17,5.35818093071633e-17,5.953534367462589e-10,
S14,source,low-sensitivity,1,0.001,confirmatory,mixed,weak,near_identity,"[0.2013026980748582,0.300448045019461,0.49824925690568084]",0.2013026980748582,1.6029455431730684,9.894972513241147e-14,1.3877787807814457e-16,9.894972513241147e-17,3.9828152945733095e-17,3.98281529457331e-11,,9.894972513241147e-14,1.3877787807814457e-16,9.894972513241147e-17,3.9828152945733095e-17,3.98281529457331e-11,
S14,source,low-sensitivity,1,0.003,extended-local,mixed,weak,near_identity,"[0.2013026980748582,0.300448045019461,0.49824925690568084]",0.2013026980748582,1.6029455431730684,9.894972513241147e-14,3.3306690738754696e-16,2.968491753972344e-16,3.621773199031257e-17,4.0241924433680635e-12,,9.894972513241147e-14,3.3306690738754696e-16,2.968491753972344e-16,3.621773199031257e-17,4.0241924433680635e-12,
S14,source,low-sensitivity,1,0.01,extended-local,mixed,weak,near_identity,"[0.2013026980748582,0.300448045019461,0.49824925690568084]",0.2013026980748582,1.6029455431730684,9.894972513241147e-14,9.43689570931383e-16,9.894972513241148e-16,-4.580768039273171e-17,-4.580768039273171e-13,,9.894972513241147e-14,9.43689570931383e-16,9.894972513241148e-16,-4.580768039273171e-17,-4.580768039273171e-13,
S14,source,low-sensitivity,1,0.03,stress,mixed,weak,near_identity,"[0.2013026980748582,0.300448045019461,0.49824925690568084]",0.2013026980748582,1.6029455431730684,9.894972513241147e-14,2.942091015256665e-15,2.9684917539723437e-15,-2.640073871567889e-17,-2.93341541285321e-14,,9.894972513241147e-14,2.942091015256665e-15,2.9684917539723437e-15,-2.640073871567889e-17,-2.93341541285321e-14,
S14,source,low-sensitivity,1,0.1,stress,mixed,weak,near_identity,"[0.2013026980748582,0.300448045019461,0.49824925690568084]",0.2013026980748582,1.6029455431730684,9.894972513241147e-14,9.908740494779522e-15,9.894972513241147e-15,1.3767981538374803e-17,1.37679815383748e-15,,9.894972513241147e-14,9.908740494779522e-15,9.894972513241147e-15,1.3767981538374803e-17,1.37679815383748e-15,
S14,source,low-sensitivity,5,0.0001,confirmatory,mixed,weak,near_identity,"[0.2065672509329321,0.3022006310029988,0.4912321180640691]",0.2065672509329321,1.577129249222741,4.851131766223334e-13,1.3877787807814457e-16,4.851131766223334e-17,9.026656041591122e-17,9.026656041591123e-09,,4.851131766223334e-13,1.3877787807814457e-16,4.851131766223334e-17,9.026656041591122e-17,9.026656041591123e-09,
S14,source,low-sensitivity,5,0.0003,confirmatory,mixed,weak,near_identity,"[0.2065672509329321,0.3022006310029988,0.4912321180640691]",0.2065672509329321,1.577129249222741,4.851131766223334e-13,1.3877787807814457e-16,1.455339529867e-16,-6.756074908555443e-18,-7.506749898394938e-11,,4.851131766223334e-13,1.942890293094024e-16,1.455339529867e-16,4.8755076322702384e-17,5.417230702522488e-10,
S14,source,low-sensitivity,5,0.001,confirmatory,mixed,weak,near_identity,"[0.2065672509329321,0.3022006310029988,0.4912321180640691]",0.2065672509329321,1.577129249222741,4.851131766223334e-13,4.996003610813204e-16,4.851131766223334e-16,1.448718445898704e-17,1.4487184458987043e-11,,4.851131766223334e-13,4.996003610813204e-16,4.851131766223334e-16,1.448718445898704e-17,1.4487184458987043e-11,
S14,source,low-sensitivity,5,0.003,extended-local,mixed,weak,near_identity,"[0.2065672509329321,0.3022006310029988,0.4912321180640691]",0.2065672509329321,1.577129249222741,4.851131766223334e-13,1.5543122344752192e-15,1.4553395298670002e-15,9.897270460821895e-17,1.0996967178690995e-11,,4.851131766223334e-13,1.5543122344752192e-15,1.4553395298670002e-15,9.897270460821895e-17,1.0996967178690995e-11,
S14,source,low-sensitivity,5,0.01,extended-local,mixed,weak,near_identity,"[0.2065672509329321,0.3022006310029988,0.4912321180640691]",0.2065672509329321,1.577129249222741,4.851131766223334e-13,4.9960036108132044e-15,4.851131766223334e-15,1.4487184458987042e-16,1.448718445898704e-12,,4.851131766223334e-13,4.9960036108132044e-15,4.851131766223334e-15,1.4487184458987042e-16,1.448718445898704e-12,
S14,source,low-sensitivity,5,0.03,stress,mixed,weak,near_identity,"[0.2065672509329321,0.3022006310029988,0.4912321180640691]",0.2065672509329321,1.577129249222741,4.851131766223334e-13,1.4460654895742664e-14,1.4553395298670002e-14,-9.274040292733811e-17,-1.030448921414868e-13,,4.851131766223334e-13,1.4460654895742664e-14,1.4553395298670002e-14,-9.274040292733811e-17,-1.030448921414868e-13,
S14,source,low-sensitivity,5,0.1,stress,mixed,weak,near_identity,"[0.2065672509329321,0.3022006310029988,0.4912321180640691]",0.2065672509329321,1.577129249222741,4.851131766223334e-13,4.8405723873656825e-14,4.851131766223334e-14,-1.05593788576515e-16,-1.0559378857651499e-14,,4.851131766223334e-13,4.8405723873656825e-14,4.851131766223334e-14,-1.05593788576515e-16,-1.0559378857651499e-14,
S14,source,low-sensitivity,20,0.0001,confirmatory,mixed,weak,near_identity,"[0.22706202353279806,0.30818132266115594,0.46475665380604597]",0.22706202353279806,1.4825320673996234,1.7895488687766888e-12,4.163336342344337e-16,1.789548868776689e-16,2.373787473567648e-16,2.373787473567648e-08,,1.7895488687766888e-12,4.163336342344337e-16,1.789548868776689e-16,2.373787473567648e-16,2.373787473567648e-08,
S14,source,low-sensitivity,20,0.0003,confirmatory,mixed,weak,near_identity,"[0.22706202353279806,0.30818132266115594,0.46475665380604597]",0.22706202353279806,1.4825320673996234,1.7895488687766888e-12,6.661338147750939e-16,5.368646606330066e-16,1.2926915414208732e-16,1.4363239349120816e-09,,1.7895488687766888e-12,6.661338147750939e-16,5.368646606330066e-16,1.2926915414208732e-16,1.4363239349120816e-09,
S14,source,low-sensitivity,20,0.001,confirmatory,mixed,weak,near_identity,"[0.22706202353279806,0.30818132266115594,0.46475665380604597]",0.22706202353279806,1.4825320673996234,1.7895488687766888e-12,1.6375789613221059e-15,1.789548868776689e-15,-1.519699074545829e-16,-1.5196990745458292e-10,,1.7895488687766888e-12,1.6375789613221059e-15,1.789548868776689e-15,-1.519699074545829e-16,-1.5196990745458292e-10,
S14,source,low-sensitivity,20,0.003,extended-local,mixed,weak,near_identity,"[0.22706202353279806,0.30818132266115594,0.46475665380604597]",0.22706202353279806,1.4825320673996234,1.7895488687766888e-12,5.800915303666443e-15,5.368646606330067e-15,4.322686973363761e-16,4.8029855259597344e-11,,1.7895488687766888e-12,5.800915303666443e-15,5.368646606330067e-15,4.322686973363761e-16,4.8029855259597344e-11,
S14,source,low-sensitivity,20,0.01,extended-local,mixed,weak,near_identity,"[0.22706202353279806,0.30818132266115594,0.46475665380604597]",0.22706202353279806,1.4825320673996234,1.7895488687766888e-12,1.8346435481930712e-14,1.7895488687766887e-14,4.509467941638245e-16,4.509467941638245e-12,,1.7895488687766888e-12,1.8346435481930712e-14,1.7895488687766887e-14,4.509467941638245e-16,4.509467941638245e-12,
S14,source,low-sensitivity,20,0.03,stress,mixed,weak,near_identity,"[0.22706202353279806,0.30818132266115594,0.46475665380604597]",0.22706202353279806,1.4825320673996234,1.7895488687766888e-12,5.3762549967473205e-14,5.368646606330066e-14,7.608390417254361e-17,8.453767130282624e-14,,1.7895488687766888e-12,5.3762549967473205e-14,5.368646606330066e-14,7.608390417254361e-17,8.453767130282624e-14,
S14,source,low-sensitivity,20,0.1,stress,mixed,weak,near_identity,"[0.22706202353279806,0.30818132266115594,0.46475665380604597]",0.22706202353279806,1.4825320673996234,1.7895488687766888e-12,1.79134485023269e-13,1.789548868776689e-13,1.795981456001097e-16,1.7959814560010967e-14,,1.7895488687766888e-12,1.79134485023269e-13,1.789548868776689e-13,1.795981456001097e-16,1.7959814560010967e-14,
S14,source,low-sensitivity,50,0.0001,confirmatory,mixed,weak,near_identity,"[0.2714051970286353,0.3170558699633252,0.41153893300803956]",0.2714051970286353,1.3041423828014231,3.657150675069549e-12,4.996003610813204e-16,3.657150675069549e-16,1.3388529357436554e-16,1.3388529357436554e-08,,3.657150675069549e-12,4.996003610813204e-16,3.657150675069549e-16,1.3388529357436554e-16,1.3388529357436554e-08,
S14,source,low-sensitivity,50,0.0003,confirmatory,mixed,weak,near_identity,"[0.2714051970286353,0.3170558699633252,0.41153893300803956]",0.2714051970286353,1.3041423828014231,3.657150675069549e-12,9.43689570931383e-16,1.0971452025208645e-15,-1.534556315894815e-16,-1.7050625732164612e-09,,3.657150675069549e-12,9.43689570931383e-16,1.0971452025208645e-15,-1.534556315894815e-16,-1.7050625732164612e-09,
S14,source,low-sensitivity,50,0.001,confirmatory,mixed,weak,near_identity,"[0.2714051970286353,0.3170558699633252,0.41153893300803956]",0.2714051970286353,1.3041423828014231,3.657150675069549e-12,3.608224830031759e-15,3.657150675069549e-15,-4.892584503779013e-17,-4.892584503779013e-11,,3.657150675069549e-12,3.608224830031759e-15,3.657150675069549e-15,-4.892584503779013e-17,-4.892584503779013e-11,
S14,source,low-sensitivity,50,0.003,extended-local,mixed,weak,near_identity,"[0.2714051970286353,0.3170558699633252,0.41153893300803956]",0.2714051970286353,1.3041423828014231,3.657150675069549e-12,1.0935696792557792e-14,1.0971452025208647e-14,-3.575523265085474e-17,-3.972803627872749e-12,,3.657150675069549e-12,1.0935696792557792e-14,1.0971452025208647e-14,-3.575523265085474e-17,-3.972803627872749e-12,
S14,source,low-sensitivity,50,0.01,extended-local,mixed,weak,near_identity,"[0.2714051970286353,0.3170558699633252,0.41153893300803956]",0.2714051970286353,1.3041423828014231,3.657150675069549e-12,3.6692870963861424e-14,3.657150675069549e-14,1.2136421316593478e-16,1.2136421316593477e-12,,3.657150675069549e-12,3.6692870963861424e-14,3.657150675069549e-14,1.2136421316593478e-16,1.2136421316593477e-12,
S14,source,low-sensitivity,50,0.03,stress,mixed,weak,near_identity,"[0.2714051970286353,0.3170558699633252,0.41153893300803956]",0.2714051970286353,1.3041423828014231,3.657150675069549e-12,1.0952350137927169e-13,1.0971452025208646e-13,-1.9101887281476763e-16,-2.1224319201640848e-13,,3.657150675069549e-12,1.0952350137927169e-13,1.0971452025208646e-13,-1.9101887281476763e-16,-2.1224319201640848e-13,
S14,source,low-sensitivity,50,0.1,stress,mixed,weak,near_identity,"[0.2714051970286353,0.3170558699633252,0.41153893300803956]",0.2714051970286353,1.3041423828014231,3.657150675069549e-12,3.659295089164516e-13,3.657150675069549e-13,2.1444140949669425e-16,2.1444140949669422e-14,,3.657150675069549e-12,3.659295089164516e-13,3.657150675069549e-13,2.1444140949669425e-16,2.1444140949669422e-14,
T01,target,regular-sensitivity,1,0.0001,confirmatory,target_a,dominant_a,asymmetric_a,"[0.3151449209765772,0.3997001624198301,0.2851549166035926]",0.2851549166035926,1.254722679362382,0.07472514836433938,7.472514836404098e-06,7.4725148364339384e-06,-2.9840123698821747e-17,-2.9840123698821747e-09,-3.9933174241862275e-12,0.07472514836433938,7.472514836404098e-06,7.4725148364339384e-06,-2.9840123698821747e-17,-2.9840123698821747e-09,-3.9933174241862275e-12
T01,target,regular-sensitivity,1,0.0003,confirmatory,target_a,dominant_a,asymmetric_a,"[0.3151449209765772,0.3997001624198301,0.2851549166035926]",0.2851549166035926,1.254722679362382,0.07472514836433938,2.2417544509267806e-05,2.2417544509301813e-05,-3.400667876636565e-17,-3.7785198629295174e-10,-1.5169671572305836e-12,0.07472514836433938,2.2417544509267806e-05,2.2417544509301813e-05,-3.400667876636565e-17,-3.7785198629295174e-10,-1.5169671572305836e-12
T01,target,regular-sensitivity,1,0.001,confirmatory,target_a,dominant_a,asymmetric_a,"[0.3151449209765772,0.3997001624198301,0.2851549166035926]",0.2851549166035926,1.254722679362382,0.07472514836433938,7.472514836437405e-05,7.472514836433938e-05,3.4667364465224004e-17,3.4667364465224004e-11,4.639316913255952e-13,0.07472514836433938,7.472514836437405e-05,7.472514836433938e-05,3.4667364465224004e-17,3.4667364465224004e-11,4.639316913255952e-13
T01,target,regular-sensitivity,1,0.003,extended-local,target_a,dominant_a,asymmetric_a,"[0.3151449209765772,0.3997001624198301,0.2851549166035926]",0.2851549166035926,1.254722679362382,0.07472514836433938,0.00022417544509306664,0.00022417544509301815,4.8490942164414186e-17,5.387882462712687e-12,2.163079999430518e-13,0.07472514836433938,0.00022417544509306664,0.00022417544509301815,4.8490942164414186e-17,5.387882462712687e-12,2.163079999430518e-13
T01,target,regular-sensitivity,1,0.01,extended-local,target_a,dominant_a,asymmetric_a,"[0.3151449209765772,0.3997001624198301,0.2851549166035926]",0.2851549166035926,1.254722679362382,0.07472514836433938,0.0007472514836434074,0.0007472514836433939,1.3552527156068805e-17,1.3552527156068805e-13,1.8136500833682377e-14,0.07472514836433938,0.0007472514836434074,0.0007472514836433939,1.3552527156068805e-17,1.3552527156068805e-13,1.8136500833682377e-14
T01,target,regular-sensitivity,1,0.03,stress,target_a,dominant_a,asymmetric_a,"[0.3151449209765772,0.3997001624198301,0.2851549166035926]",0.2851549166035926,1.254722679362382,0.07472514836433938,0.002241754450930167,0.0022417544509301815,-1.474514954580286e-17,-1.6383499495336513e-14,-6.577504302348809e-15,0.07472514836433938,0.002241754450930167,0.0022417544509301815,-1.474514954580286e-17,-1.6383499495336513e-14,-6.577504302348809e-15
T01,target,regular-sensitivity,1,0.1,stress,target_a,dominant_a,asymmetric_a,"[0.3151449209765772,0.3997001624198301,0.2851549166035926]",0.2851549166035926,1.254722679362382,0.07472514836433938,0.007472514836433908,0.007472514836433939,-3.122502256758253e-17,-3.122502256758252e-15,-4.17864979208042e-15,0.07472514836433938,0.007472514836433908,0.007472514836433939,-3.122502256758253e-17,-3.122502256758252e-15,-4.17864979208042e-15
T01,target,regular-sensitivity,5,0.0001,confirmatory,target_a,dominant_a,asymmetric_a,"[0.37808159604284897,0.3926003240840766,0.22931807987307445]",0.22931807987307445,1.4726452441102977,0.4758777048520966,4.7582701505316516e-05,4.758777048520966e-05,-5.068979893144978e-09,-0.5068979893144978,-0.00010651854124412959,0.4758777048520966,4.7582701505316516e-05,4.758777048520966e-05,-5.068979893144978e-09,-0.5068979893144978,-0.00010651854124412959
T01,target,regular-sensitivity,5,0.0003,confirmatory,target_a,dominant_a,asymmetric_a,"[0.37808159604284897,0.3926003240840766,0.22931807987307445]",0.22931807987307445,1.4726452441102977,0.4758777048520966,0.00014271769565446513,0.00014276331145562896,-4.561580116383573e-08,-0.5068422351537304,-0.00031952047552506643,0.4758777048520966,0.00014271769565446513,0.00014276331145562896,-4.561580116383573e-08,-0.5068422351537304,-0.00031952047552506643
T01,target,regular-sensitivity,5,0.001,confirmatory,target_a,dominant_a,asymmetric_a,"[0.37808159604284897,0.3926003240840766,0.22931807987307445]",0.22931807987307445,1.4726452441102977,0.4758777048520966,0.000475371057704288,0.0004758777048520966,-5.066471478085924e-07,-0.5066471478085924,-0.0010646582990603837,0.4758777048520966,0.000475371057704288,0.0004758777048520966,-5.066471478085924e-07,-0.5066471478085924,-0.0010646582990603837
T01,target,regular-sensitivity,5,0.003,extended-local,target_a,dominant_a,asymmetric_a,"[0.37808159604284897,0.3926003240840766,0.22931807987307445]",0.22931807987307445,1.4726452441102977,0.4758777048520966,0.00142307830348129,0.0014276331145562898,-4.554811074999844e-06,-0.5060901194444271,-0.003190463312008201,0.4758777048520966,0.00142307830348129,0.0014276331145562898,-4.554811074999844e-06,-0.5060901194444271,-0.003190463312008201
T01,target,regular-sensitivity,5,0.01,extended-local,target_a,dominant_a,asymmetric_a,"[0.37808159604284897,0.3926003240840766,0.22931807987307445]",0.22931807987307445,1.4726452441102977,0.4758777048520966,0.004708362571005459,0.0047587770485209655,-5.0414477515506664e-05,-0.5041447751550666,-0.010593998626427677,0.4758777048520966,0.004708362571005459,0.0047587770485209655,-5.0414477515506664e-05,-0.5041447751550666,-0.010593998626427677
T01,target,regular-sensitivity,5,0.03,stress,target_a,dominant_a,asymmetric_a,"[0.37808159604284897,0.3926003240840766,0.22931807987307445]",0.22931807987307445,1.4726452441102977,0.4758777048520966,0.0138275703363408,0.014276331145562897,-0.00044876080922209675,-0.4986231213578853,-0.03143390305579821,0.4758777048520966,0.0138275703363408,0.014276331145562897,-0.00044876080922209675,-0.4986231213578853,-0.03143390305579821
T01,target,regular-sensitivity,5,0.1,stress,target_a,dominant_a,asymmetric_a,"[0.37808159604284897,0.3926003240840766,0.22931807987307445]",0.22931807987307445,1.4726452441102977,0.4758777048520966,0.042790543787008084,0.04758777048520966,-0.004797226698201575,-0.4797226698201574,-0.10080797333618642,0.4758777048520966,0.042790543787008084,0.04758777048520966,-0.004797226698201575,-0.4797226698201574,-0.10080797333618642
T01,target,regular-sensitivity,20,0.0001,confirmatory,target_a,dominant_a,asymmetric_a,"[0.615066217443981,0.30169362180896603,0.08324016074705301]",0.08324016074705301,2.486025346331069,2.668202301435618,0.0002667454581570944,0.00026682023014356184,-7.477198646745412e-08,-7.4771986467454115,-0.0002802335730961002,2.668202301435618,0.0002667454581570944,0.00026682023014356184,-7.477198646745412e-08,-7.4771986467454115,-0.0002802335730961002
T01,target,regular-sensitivity,20,0.0003,confirmatory,target_a,dominant_a,asymmetric_a,"[0.615066217443981,0.30169362180896603,0.08324016074705301]",0.08324016074705301,2.486025346331069,2.668202301435618,0.0007997879908600986,0.0008004606904306854,-6.726995705868535e-07,-7.474439673187263,-0.0008403905133991147,2.668202301435618,0.0007997879908600986,0.0008004606904306854,-6.726995705868535e-07,-7.474439673187263,-0.0008403905133991147
T01,target,regular-sensitivity,20,0.001,confirmatory,target_a,dominant_a,asymmetric_a,"[0.615066217443981,0.30169362180896603,0.08324016074705301]",0.08324016074705301,2.486025346331069,2.668202301435618,0.0026607375099977626,0.0026682023014356184,-7.464791437855785e-06,-7.464791437855785,-0.002797685705405237,2.668202301435618,0.0026607375099977626,0.0026682023014356184,-7.464791437855785e-06,-7.464791437855785,-0.002797685705405237
T01,target,regular-sensitivity,20,0.003,extended-local,target_a,dominant_a,asymmetric_a,"[0.615066217443981,0.30169362180896603,0.08324016074705301]",0.08324016074705301,2.486025346331069,2.668202301435618,0.00793767125468356,0.008004606904306854,-6.6935649623295e-05,-7.437294402588333,-0.00836214075512946,2.668202301435618,0.00793767125468356,0.008004606904306854,-6.6935649623295e-05,-7.437294402588333,-0.00836214075512946
T01,target,regular-sensitivity,20,0.01,extended-local,target_a,dominant_a,asymmetric_a,"[0.615066217443981,0.30169362180896603,0.08324016074705301]",0.08324016074705301,2.486025346331069,2.668202301435618,0.025947835932371793,0.026682023014356182,-0.0007341870819843888,-7.341870819843887,-0.027516170029137657,2.668202301435618,0.025947835932371793,0.026682023014356182,-0.0007341870819843888,-7.341870819843887,-0.027516170029137657
T01,target,regular-sensitivity,20,0.03,stress,target_a,dominant_a,asymmetric_a,"[0.615066217443981,0.30169362180896603,0.08324016074705301]",0.08324016074705301,2.486025346331069,2.668202301435618,0.07367733193952423,0.08004606904306855,-0.006368737103544311,-7.076374559493679,-0.07956339617524043,2.668202301435618,0.07367733193952423,0.08004606904306855,-0.006368737103544311,-7.076374559493679,-0.07956339617524043
T01,target,regular-sensitivity,20,0.1,stress,target_a,dominant_a,asymmetric_a,"[0.615066217443981,0.30169362180896603,0.08324016074705301]",0.08324016074705301,2.486025346331069,2.668202301435618,0.20448842973730552,0.2668202301435618,-0.0623318004062563,-6.233180040625629,-0.23360972431782576,2.668202301435618,0.20448842973730552,0.2668202301435618,-0.0623318004062563,-6.233180040625629,-0.23360972431782576
T01,target,regular-sensitivity,50,0.0001,confirmatory,target_a,dominant_a,asymmetric_a,"[0.8959091438822425,0.09805426779028298,0.006036588327474562]",0.006036588327474562,5.109916273065872,7.907868140669987,0.0007905473341746566,0.0007907868140669987,-2.394798923420873e-07,-23.947989234208727,-0.00030283748803352904,7.907868140669987,0.0007905473341746566,0.0007907868140669987,-2.394798923420873e-07,-23.947989234208727,-0.00030283748803352904
T01,target,regular-sensitivity,50,0.0003,confirmatory,target_a,dominant_a,asymmetric_a,"[0.8959091438822425,0.09805426779028298,0.006036588327474562]",0.006036588327474562,5.109916273065872,7.907868140669987,0.0023702052315747405,0.002372360442200996,-2.1552106262553647e-06,-23.946784736170724,-0.0009084667691794056,7.907868140669987,0.0023702052315747405,0.002372360442200996,-2.1552106262553647e-06,-23.946784736170724,-0.0009084667691794056
T01,target,regular-sensitivity,50,0.001,confirmatory,target_a,dominant_a,asymmetric_a,"[0.8959091438822425,0.09805426779028298,0.006036588327474562]",0.006036588327474562,5.109916273065872,7.907868140669987,0.00788392566867922,0.007907868140669988,-2.3942471990768405e-05,-23.942471990768407,-0.003027677189966384,7.907868140669987,0.00788392566867922,0.007907868140669988,-2.3942471990768405e-05,-23.942471990768407,-0.003027677189966384
T01,target,regular-sensitivity,50,0.003,extended-local,target_a,dominant_a,asymmetric_a,"[0.8959091438822425,0.09805426779028298,0.006036588327474562]",0.006036588327474562,5.109916273065872,7.907868140669987,0.023508240544769896,0.023723604422009964,-0.00021536387724006845,-23.929319693340936,-0.009078041996024055,7.907868140669987,0.023508240544769896,0.023723604422009964,-0.00021536387724006845,-23.929319693340936,-0.009078041996024055
T01,target,regular-sensitivity,50,0.01,extended-local,target_a,dominant_a,asymmetric_a,"[0.8959091438822425,0.09805426779028298,0.006036588327474562]",0.006036588327474562,5.109916273065872,7.907868140669987,0.07669131365607867,0.07907868140669988,-0.0023873677506212054,-23.873677506212054,-0.030189776917789343,7.907868140669987,0.07669131365607867,0.07907868140669988,-0.0023873677506212054,-23.873677506212054,-0.030189776917789343
T01,target,regular-sensitivity,50,0.03,stress,target_a,dominant_a,asymmetric_a,"[0.8959091438822425,0.09805426779028298,0.006036588327474562]",0.006036588327474562,5.109916273065872,7.907868140669987,0.2159644945212059,0.2372360442200996,-0.02127154969889372,-23.635055220993024,-0.08966407178480304,7.907868140669987,0.2159644945212059,0.2372360442200996,-0.02127154969889372,-23.635055220993024,-0.08966407178480304
T01,target,regular-sensitivity,50,0.1,stress,target_a,dominant_a,asymmetric_a,"[0.8959091438822425,0.09805426779028298,0.006036588327474562]",0.006036588327474562,5.109916273065872,7.907868140669987,0.5703029555016188,0.7907868140669988,-0.22048385856538,-22.048385856537994,-0.2788158004702133,7.907868140669987,0.5703029555016188,0.7907868140669988,-0.22048385856538,-22.048385856537994,-0.2788158004702133
T02,target,regular-sensitivity,1,0.0001,confirmatory,target_b,weak,forward_cycle,"[0.6020975887574047,0.09984910241757357,0.2980533088250218]",0.09984910241757357,2.3040952084689437,0.25112424316991555,2.51124243170614e-05,2.5112424316991556e-05,6.984294869880059e-17,6.984294869880059e-09,2.781210918435441e-12,0.25112424316991555,2.51124243170614e-05,2.5112424316991556e-05,6.984294869880059e-17,6.984294869880059e-09,2.781210918435441e-12
T02,target,regular-sensitivity,1,0.0003,confirmatory,target_b,weak,forward_cycle,"[0.6020975887574047,0.09984910241757357,0.2980533088250218]",0.09984910241757357,2.3040952084689437,0.25112424316991555,7.533727295096215e-05,7.533727295097466e-05,-1.2508982565051507e-17,-1.38988695167239e-10,-1.6603975794546828e-13,0.25112424316991555,7.533727295096215e-05,7.533727295097466e-05,-1.2508982565051507e-17,-1.38988695167239e-10,-1.6603975794546828e-13
T02,target,regular-sensitivity,1,0.001,confirmatory,target_b,weak,forward_cycle,"[0.6020975887574047,0.09984910241757357,0.2980533088250218]",0.09984910241757357,2.3040952084689437,0.25112424316991555,0.00025112424316994786,0.00025112424316991555,3.230922474006803e-17,3.230922474006803e-11,1.2865832598331408e-13,0.25112424316991555,0.00025112424316994786,0.00025112424316991555,3.230922474006803e-17,3.230922474006803e-11,1.2865832598331408e-13
T02,target,regular-sensitivity,1,0.003,extended-local,target_b,weak,forward_cycle,"[0.6020975887574047,0.09984910241757357,0.2980533088250218]",0.09984910241757357,2.3040952084689437,0.25112424316991555,0.0007533727295097326,0.0007533727295097466,-1.4094628242311558e-17,-1.5660698047012841e-12,-1.8708705120616144e-14,0.25112424316991555,0.0007533727295097326,0.0007533727295097466,-1.4094628242311558e-17,-1.5660698047012841e-12,-1.8708705120616144e-14
T02,target,regular-sensitivity,1,0.01,extended-local,target_b,weak,forward_cycle,"[0.6020975887574047,0.09984910241757357,0.2980533088250218]",0.09984910241757357,2.3040952084689437,0.25112424316991555,0.0025112424316991733,0.0025112424316991555,1.7780915628762273e-17,1.7780915628762273e-13,7.080525322571648e-15,0.25112424316991555,0.0025112424316991733,0.0025112424316991555,1.7780915628762273e-17,1.7780915628762273e-13,7.080525322571648e-15
T02,target,regular-sensitivity,1,0.03,stress,target_b,weak,forward_cycle,"[0.6020975887574047,0.09984910241757357,0.2980533088250218]",0.09984910241757357,2.3040952084689437,0.25112424316991555,0.007533727295097478,0.007533727295097466,1.214306433183765e-17,1.3492293702041834e-14,1.611826902699237e-15,0.25112424316991555,0.007533727295097478,0.007533727295097466,1.214306433183765e-17,1.3492293702041834e-14,1.611826902699237e-15
T02,target,regular-sensitivity,1,0.1,stress,target_b,weak,forward_cycle,"[0.6020975887574047,0.09984910241757357,0.2980533088250218]",0.09984910241757357,2.3040952084689437,0.25112424316991555,0.025112424316991455,0.025112424316991556,-1.0061396160665481e-16,-1.006139616066548e-14,-4.006541158138103e-15,0.25112424316991555,0.025112424316991455,0.025112424316991556,-1.0061396160665481e-16,-1.006139616066548e-14,-4.006541158138103e-15
T02,target,regular-sensitivity,5,0.0001,confirmatory,target_b,weak,forward_cycle,"[0.6104386110105052,0.09922780466722557,0.29033358432226913]",0.09922780466722557,2.3103370149808002,1.2631649029989296,0.00012630636435972953,0.00012631649029989296,-1.0125940163430549e-08,-1.012594016343055,-8.01632481981581e-05,1.2631649029989296,0.00012630636435972953,0.00012631649029989296,-1.0125940163430549e-08,-1.012594016343055,-8.01632481981581e-05
T02,target,regular-sensitivity,5,0.0003,confirmatory,target_b,weak,forward_cycle,"[0.6104386110105052,0.09922780466722557,0.29033358432226913]",0.09922780466722557,2.3103370149808002,1.2631649029989296,0.0003788583426245079,0.00037894947089967885,-9.112827517094484e-08,-1.012536390788276,-0.00024047605860114704,1.2631649029989296,0.0003788583426245079,0.00037894947089967885,-9.112827517094484e-08,-1.012536390788276,-0.00024047605860114704
T02,target,regular-sensitivity,5,0.001,confirmatory,target_b,weak,forward_cycle,"[0.6104386110105052,0.09922780466722557,0.29033358432226913]",0.09922780466722557,2.3103370149808002,1.2631649029989296,0.0012621525683269297,0.0012631649029989295,-1.0123346719998535e-06,-1.0123346719998536,-0.0008014271688489997,1.2631649029989296,0.0012621525683269297,0.0012631649029989295,-1.0123346719998535e-06,-1.0123346719998536,-0.0008014271688489997
T02,target,regular-sensitivity,5,0.003,extended-local,target_b,weak,forward_cycle,"[0.6104386110105052,0.09922780466722557,0.29033358432226913]",0.09922780466722557,2.3103370149808002,1.2631649029989296,0.003780388883266511,0.003789494708996789,-9.105825730277694e-06,-1.0117584144752994,-0.002402912902519482,1.2631649029989296,0.003780388883266511,0.003789494708996789,-9.105825730277694e-06,-1.0117584144752994,-0.002402912902519482
T02,target,regular-sensitivity,5,0.01,extended-local,target_b,weak,forward_cycle,"[0.6104386110105052,0.09922780466722557,0.29033358432226913]",0.09922780466722557,2.3103370149808002,1.2631649029989296,0.01253067478198018,0.012631649029989296,-0.00010097424800911518,-1.0097424800911519,-0.00799375028306979,1.2631649029989296,0.01253067478198018,0.012631649029989296,-0.00010097424800911518,-1.0097424800911519,-0.00799375028306979
T02,target,regular-sensitivity,5,0.03,stress,target_b,weak,forward_cycle,"[0.6104386110105052,0.09922780466722557,0.29033358432226913]",0.09922780466722557,2.3103370149808002,1.2631649029989296,0.03699135520173881,0.037894947089967886,-0.0009035918882290758,-1.0039909869211954,-0.023844653644292543,1.2631649029989296,0.03699135520173881,0.037894947089967886,-0.0009035918882290758,-1.0039909869211954,-0.023844653644292543
T02,target,regular-sensitivity,5,0.1,stress,target_b,weak,forward_cycle,"[0.6104386110105052,0.09922780466722557,0.29033358432226913]",0.09922780466722557,2.3103370149808002,1.2631649029989296,0.11647689953497291,0.12631649029989298,-0.009839590764920067,-0.9839590764920065,-0.07789632803729352,1.2631649029989296,0.11647689953497291,0.12631649029989298,-0.009839590764920067,-0.9839590764920065,-0.07789632803729352
T02,target,regular-sensitivity,20,0.0001,confirmatory,target_b,weak,forward_cycle,"[0.6409551306699698,0.09666003091871943,0.2623848384113107]",0.09666003091871943,2.3365552926943685,5.155208288707014,0.0005153245329343747,0.0005155208288707015,-1.9629593632670972e-07,-19.62959363267097,-0.000380772076186941,5.155208288707014,0.0005153245329343747,0.0005155208288707015,-1.9629593632670972e-07,-19.62959363267097,-0.000380772076186941
T02,target,regular-sensitivity,20,0.0003,confirmatory,target_b,weak,forward_cycle,"[0.6409551306699698,0.09666003091871943,0.2623848384113107]",0.09666003091871943,2.3365552926943685,5.155208288707014,0.0015447964427949268,0.001546562486612104,-1.7660438171771507e-06,-19.622709079746123,-0.0011419155918141026,5.155208288707014,0.0015447964427949268,0.001546562486612104,-1.7660438171771507e-06,-19.622709079746123,-0.0011419155918141026
T02,target,regular-sensitivity,20,0.001,confirmatory,target_b,weak,forward_cycle,"[0.6409551306699698,0.09666003091871943,0.2623848384113107]",0.09666003091871943,2.3365552926943685,5.155208288707014,0.005135609662151777,0.005155208288707014,-1.9598626555236524e-05,-19.598626555236525,-0.0038017138120624975,5.155208288707014,0.005135609662151777,0.005155208288707014,-1.9598626555236524e-05,-19.598626555236525,-0.0038017138120624975
T02,target,regular-sensitivity,20,0.003,extended-local,target_b,weak,forward_cycle,"[0.6409551306699698,0.09666003091871943,0.2623848384113107]",0.09666003091871943,2.3365552926943685,5.155208288707014,0.015289855454989856,0.015465624866121042,-0.00017576941113118562,-19.529934570131736,-0.011365167114341797,5.155208288707014,0.015289855454989856,0.015465624866121042,-0.00017576941113118562,-19.529934570131736,-0.011365167114341797
T02,target,regular-sensitivity,20,0.01,extended-local,target_b,weak,forward_cycle,"[0.6409551306699698,0.09666003091871943,0.2623848384113107]",0.09666003091871943,2.3365552926943685,5.155208288707014,0.049622995840069836,0.05155208288707014,-0.0019290870470003024,-19.290870470003025,-0.03742015722674398,5.155208288707014,0.049622995840069836,0.05155208288707014,-0.0019290870470003024,-19.290870470003025,-0.03742015722674398
T02,target,regular-sensitivity,20,0.03,stress,target_b,weak,forward_cycle,"[0.6409551306699698,0.09666003091871943,0.2623848384113107]",0.09666003091871943,2.3365552926943685,5.155208288707014,0.1378984352029632,0.15465624866121042,-0.016757813458247228,-18.61979273138581,-0.10835523041139354,5.155208288707014,0.1378984352029632,0.15465624866121042,-0.016757813458247228,-18.61979273138581,-0.10835523041139354
T02,target,regular-sensitivity,20,0.1,stress,target_b,weak,forward_cycle,"[0.6409551306699698,0.09666003091871943,0.2623848384113107]",0.09666003091871943,2.3365552926943685,5.155208288707014,0.3513169630451899,0.5155208288707014,-0.1642038658255115,-16.420386582551146,-0.31852033250570316,5.155208288707014,0.3513169630451899,0.5155208288707014,-0.1642038658255115,-16.420386582551146,-0.31852033250570316
T02,target,regular-sensitivity,50,0.0001,confirmatory,target_b,weak,forward_cycle,"[0.6978048300341113,0.09057515801026235,0.21162001195562632]",0.09057515801026235,2.401575297678506,13.271909901796777,0.0013259030542379924,0.0013271909901796778,-1.2879359416854714e-06,-128.79359416854714,-0.0009704224570655863,13.271909901796777,0.0013259030542379924,0.0013271909901796778,-1.2879359416854714e-06,-128.79359416854714,-0.0009704224570655863
T02,target,regular-sensitivity,50,0.0003,confirmatory,target_b,weak,forward_cycle,"[0.6978048300341113,0.09057515801026235,0.21162001195562632]",0.09057515801026235,2.401575297678506,13.271909901796777,0.0039699926660126394,0.003981572970539033,-1.1580304526393435e-05,-128.6700502932604,-0.0029084747691628197,13.271909901796777,0.0039699926660126394,0.003981572970539033,-1.1580304526393435e-05,-128.6700502932604,-0.0029084747691628197
T02,target,regular-sensitivity,50,0.001,confirmatory,target_b,weak,forward_cycle,"[0.6978048300341113,0.09057515801026235,0.21162001195562632]",0.09057515801026235,2.401575297678506,13.271909901796777,0.01314367132857315,0.013271909901796776,-0.00012823857322362582,-128.23857322362582,-0.009662405348778373,13.271909901796777,0.01314367132857315,0.013271909901796776,-0.00012823857322362582,-128.23857322362582,-0.009662405348778373
T02,target,regular-sensitivity,50,0.003,extended-local,target_b,weak,forward_cycle,"[0.6978048300341113,0.09057515801026235,0.21162001195562632]",0.09057515801026235,2.401575297678506,13.271909901796777,0.03867260640466283,0.03981572970539033,-0.0011431233007275013,-127.01370008083347,-0.02871034410736275,13.271909901796777,0.03867260640466283,0.03981572970539033,-0.0011431233007275013,-127.01370008083347,-0.02871034410736275
T02,target,regular-sensitivity,50,0.01,extended-local,target_b,weak,forward_cycle,"[0.6978048300341113,0.09057515801026235,0.21162001195562632]",0.09057515801026235,2.401575297678506,13.271909901796777,0.12043728443641534,0.13271909901796777,-0.012281814581552433,-122.81814581552433,-0.09253991831190549,13.271909901796777,0.12043728443641534,0.13271909901796777,-0.012281814581552433,-122.81814581552433,-0.09253991831190549
T02,target,regular-sensitivity,50,0.03,stress,target_b,weak,forward_cycle,"[0.6978048300341113,0.09057515801026235,0.21162001195562632]",0.09057515801026235,2.401575297678506,13.271909901796777,0.2977219874424366,0.3981572970539033,-0.10043530961146668,-111.5947884571852,-0.2522503300947152,13.271909901796777,0.2977219874424366,0.3981572970539033,-0.10043530961146668,-111.5947884571852,-0.2522503300947152
T02,target,regular-sensitivity,50,0.1,stress,target_b,weak,forward_cycle,"[0.6978048300341113,0.09057515801026235,0.21162001195562632]",0.09057515801026235,2.401575297678506,13.271909901796777,0.6066070968615147,1.3271909901796777,-0.720583893318163,-72.05838933181629,-0.5429391087266264,13.271909901796777,0.6066070968615147,1.3271909901796777,-0.720583893318163,-72.05838933181629,-0.5429391087266264
T03,target,regular-sensitivity,1,0.0001,confirmatory,target_c,tie_ab,uniform_off_diagonal,"[0.10148484224827074,0.6089090534896243,0.2896061042621049]",0.10148484224827074,2.2878458291077037,0.8267271604688728,8.267271604690818e-05,8.26727160468873e-05,2.088444434750203e-17,2.088444434750203e-09,2.526159215049564e-13,0.8267271604688728,8.267271604690818e-05,8.26727160468873e-05,2.088444434750203e-17,2.088444434750203e-09,2.526159215049564e-13
T03,target,regular-sensitivity,1,0.0003,confirmatory,target_c,tie_ab,uniform_off_diagonal,"[0.10148484224827074,0.6089090534896243,0.2896061042621049]",0.10148484224827074,2.2878458291077037,0.8267271604688728,0.0002480181481406274,0.0002480181481406618,-3.4423418976414766e-17,-3.824824330712752e-10,-1.3879395211390642e-13,0.8267271604688728,0.0002480181481406274,0.0002480181481406618,-3.4423418976414766e-17,-3.824824330712752e-10,-1.3879395211390642e-13
T03,target,regular-sensitivity,1,0.001,confirmatory,target_c,tie_ab,uniform_off_diagonal,"[0.10148484224827074,0.6089090534896243,0.2896061042621049]",0.10148484224827074,2.2878458291077037,0.8267271604688728,0.0008267271604689153,0.0008267271604688729,4.2392304944183223e-17,4.2392304944183223e-11,5.127726167861802e-14,0.8267271604688728,0.0008267271604689153,0.0008267271604688729,4.2392304944183223e-17,4.2392304944183223e-11,5.127726167861802e-14
T03,target,regular-sensitivity,1,0.003,extended-local,target_c,tie_ab,uniform_off_diagonal,"[0.10148484224827074,0.6089090534896243,0.2896061042621049]",0.10148484224827074,2.2878458291077037,0.8267271604688728,0.0024801814814066486,0.0024801814814066187,2.992397996059992e-17,3.32488666228888e-12,1.2065238042027768e-14,0.8267271604688728,0.0024801814814066486,0.0024801814814066187,2.992397996059992e-17,3.32488666228888e-12,1.2065238042027768e-14
T03,target,regular-sensitivity,1,0.01,extended-local,target_c,tie_ab,uniform_off_diagonal,"[0.10148484224827074,0.6089090534896243,0.2896061042621049]",0.10148484224827074,2.2878458291077037,0.8267271604688728,0.008267271604688695,0.00826727160468873,-3.469446951953614e-17,-3.469446951953614e-13,-4.196604536357485e-15,0.8267271604688728,0.008267271604688695,0.00826727160468873,-3.469446951953614e-17,-3.469446951953614e-13,-4.196604536357485e-15
T03,target,regular-sensitivity,1,0.03,stress,target_c,tie_ab,uniform_off_diagonal,"[0.10148484224827074,0.6089090534896243,0.2896061042621049]",0.10148484224827074,2.2878458291077037,0.8267271604688728,0.024801814814066223,0.024801814814066184,3.8163916471489756e-17,4.240435163498862e-14,1.5387549966644112e-15,0.8267271604688728,0.024801814814066223,0.024801814814066184,3.8163916471489756e-17,4.240435163498862e-14,1.5387549966644112e-15
T03,target,regular-sensitivity,1,0.1,stress,target_c,tie_ab,uniform_off_diagonal,"[0.10148484224827074,0.6089090534896243,0.2896061042621049]",0.10148484224827074,2.2878458291077037,0.8267271604688728,0.08267271604688735,0.08267271604688729,5.551115123125783e-17,5.551115123125782e-15,6.714567258171975e-16,0.8267271604688728,0.08267271604688735,0.08267271604688729,5.551115123125783e-17,5.551115123125782e-15,6.714567258171975e-16
T03,target,regular-sensitivity,5,0.0001,confirmatory,target_c,tie_ab,uniform_off_diagonal,"[0.1071076376741801,0.6426458260450806,0.2502465362807393]",0.1071076376741801,2.2339209905867117,4.454411366732167,0.0004453112608064219,0.0004454411366732167,-1.2987586679480715e-07,-12.987586679480716,-0.0002915668448693061,4.454411366732167,0.0004453112608064219,0.0004454411366732167,-1.2987586679480715e-07,-12.987586679480716,-0.0002915668448693061
T03,target,regular-sensitivity,5,0.0003,confirmatory,target_c,tie_ab,uniform_off_diagonal,"[0.1071076376741801,0.6426458260450806,0.2502465362807393]",0.1071076376741801,2.2339209905867117,4.454411366732167,0.0013351548664803925,0.00133632341001965,-1.1685435392573985e-06,-12.983817102859986,-0.0008744466575199904,4.454411366732167,0.0013351548664803925,0.00133632341001965,-1.1685435392573985e-06,-12.983817102859986,-0.0008744466575199904
T03,target,regular-sensitivity,5,0.001,confirmatory,target_c,tie_ab,uniform_off_diagonal,"[0.1071076376741801,0.6426458260450806,0.2502465362807393]",0.1071076376741801,2.2339209905867117,4.454411366732167,0.0044414407349424034,0.0044544113667321665,-1.2970631789763036e-05,-12.970631789763036,-0.002911862134385338,4.454411366732167,0.0044414407349424034,0.0044544113667321665,-1.2970631789763036e-05,-12.970631789763036,-0.002911862134385338
T03,target,regular-sensitivity,5,0.003,extended-local,target_c,tie_ab,uniform_off_diagonal,"[0.1071076376741801,0.6426458260450806,0.2502465362807393]",0.1071076376741801,2.2339209905867117,4.454411366732167,0.013246836831302455,0.0133632341001965,-0.0001163972688940449,-12.9330298771161,-0.008710261903765747,4.454411366732167,0.013246836831302455,0.0133632341001965,-0.0001163972688940449,-12.9330298771161,-0.008710261903765747
T03,target,regular-sensitivity,5,0.01,extended-local,target_c,tie_ab,uniform_off_diagonal,"[0.1071076376741801,0.6426458260450806,0.2502465362807393]",0.1071076376741801,2.2339209905867117,4.454411366732167,0.043263889346606896,0.044544113667321666,-0.0012802243207147707,-12.802243207147706,-0.028740594779282036,4.454411366732167,0.043263889346606896,0.044544113667321666,-0.0012802243207147707,-12.802243207147706,-0.028740594779282036
T03,target,regular-sensitivity,5,0.03,stress,target_c,tie_ab,uniform_off_diagonal,"[0.1071076376741801,0.6426458260450806,0.2502465362807393]",0.1071076376741801,2.2339209905867117,4.454411366732167,0.12244033907216956,0.133632341001965,-0.011192001929795442,-12.435557699772714,-0.0837521953583891,4.454411366732167,0.12244033907216956,0.133632341001965,-0.011192001929795442,-12.435557699772714,-0.0837521953583891
T03,target,regular-sensitivity,5,0.1,stress,target_c,tie_ab,uniform_off_diagonal,"[0.1071076376741801,0.6426458260450806,0.2502465362807393]",0.1071076376741801,2.2339209905867117,4.454411366732167,0.33311973249498816,0.4454411366732167,-0.11232140417822856,-11.232140417822853,-0.25215768129792077,4.454411366732167,0.33311973249498816,0.4454411366732167,-0.11232140417822856,-11.232140417822853,-0.25215768129792077
T03,target,regular-sensitivity,20,0.0001,confirmatory,target_c,tie_ab,uniform_off_diagonal,"[0.12340136122540173,0.7404081673524101,0.1361904714221882]",0.12340136122540173,2.0923131365716765,20.80752190945781,0.0020781029032819337,0.0020807521909457813,-2.649287663847571e-06,-264.92876638475707,-0.0012732355517277472,20.80752190945781,0.0020781029032819337,0.0020807521909457813,-2.649287663847571e-06,-264.92876638475707,-0.0012732355517277472
T03,target,regular-sensitivity,20,0.0003,confirmatory,target_c,tie_ab,uniform_off_diagonal,"[0.12340136122540173,0.7404081673524101,0.1361904714221882]",0.12340136122540173,2.0923131365716765,20.80752190945781,0.0062184503719699,0.006242256572837343,-2.3806200867443686e-05,-264.51334297159656,-0.003813717137330493,20.80752190945781,0.0062184503719699,0.006242256572837343,-2.3806200867443686e-05,-264.51334297159656,-0.003813717137330493
T03,target,regular-sensitivity,20,0.001,confirmatory,target_c,tie_ab,uniform_off_diagonal,"[0.12340136122540173,0.7404081673524101,0.1361904714221882]",0.12340136122540173,2.0923131365716765,20.80752190945781,0.020544455921940555,0.020807521909457814,-0.00026306598751725876,-263.0659875172588,-0.012642831215652125,20.80752190945781,0.020544455921940555,0.020807521909457814,-0.00026306598751725876,-263.0659875172588,-0.012642831215652125
T03,target,regular-sensitivity,20,0.003,extended-local,target_c,tie_ab,uniform_off_diagonal,"[0.12340136122540173,0.7404081673524101,0.1361904714221882]",0.12340136122540173,2.0923131365716765,20.80752190945781,0.06009168271273928,0.06242256572837344,-0.0023308830156341595,-258.9870017371288,-0.03734039106589757,20.80752190945781,0.06009168271273928,0.06242256572837344,-0.0023308830156341595,-258.9870017371288,-0.03734039106589757
T03,target,regular-sensitivity,20,0.01,extended-local,target_c,tie_ab,uniform_off_diagonal,"[0.12340136122540173,0.7404081673524101,0.1361904714221882]",0.12340136122540173,2.0923131365716765,20.80752190945781,0.18354034292800755,0.20807521909457813,-0.024534876166570574,-245.34876166570572,-0.11791349432831084,20.80752190945781,0.18354034292800755,0.20807521909457813,-0.024534876166570574,-245.34876166570572,-0.11791349432831084
T03,target,regular-sensitivity,20,0.03,stress,target_c,tie_ab,uniform_off_diagonal,"[0.12340136122540173,0.7404081673524101,0.1361904714221882]",0.12340136122540173,2.0923131365716765,20.80752190945781,0.433983975626905,0.6242256572837344,-0.19024168165682936,-211.37964628536596,-0.30476427784889537,20.80752190945781,0.433983975626905,0.6242256572837344,-0.19024168165682936,-211.37964628536596,-0.30476427784889537
T03,target,regular-sensitivity,20,0.1,stress,target_c,tie_ab,uniform_off_diagonal,"[0.12340136122540173,0.7404081673524101,0.1361904714221882]",0.12340136122540173,2.0923131365716765,20.80752190945781,0.7329718318865613,2.0807521909457813,-1.34778035905922,-134.77803590592197,-0.6477370851387172,20.80752190945781,0.7329718318865613,2.0807521909457813,-1.34778035905922,-134.77803590592197,-0.6477370851387172
T03,target,regular-sensitivity,50,0.0001,confirmatory,target_c,tie_ab,uniform_off_diagonal,"[0.1380023198976183,0.8280139193857092,0.03398376071667251]",0.03398376071667251,3.381872494445817,53.01064137200179,0.005286176054646062,0.0053010641372001795,-1.4888082554117416e-05,-1488.8082554117416,-0.002808508286032686,53.01064137200179,0.005286176054646062,0.0053010641372001795,-1.4888082554117416e-05,-1488.8082554117416,-0.002808508286032686
T03,target,regular-sensitivity,50,0.0003,confirmatory,target_c,tie_ab,uniform_off_diagonal,"[0.1380023198976183,0.8280139193857092,0.03398376071667251]",0.03398376071667251,3.381872494445817,53.01064137200179,0.01576965225924666,0.015903192411600535,-0.000133540152353874,-1483.7794705986003,-0.008397065752437451,53.01064137200179,0.01576965225924666,0.015903192411600535,-0.000133540152353874,-1483.7794705986003,-0.008397065752437451
T03,target,regular-sensitivity,50,0.001,confirmatory,target_c,tie_ab,uniform_off_diagonal,"[0.1380023198976183,0.8280139193857092,0.03398376071667251]",0.03398376071667251,3.381872494445817,53.01064137200179,0.05154430889238563,0.053010641372001795,-0.001466332479616167,-1466.3324796161671,-0.027661096747088748,53.01064137200179,0.05154430889238563,0.053010641372001795,-0.001466332479616167,-1466.3324796161671,-0.027661096747088748
T03,target,regular-sensitivity,50,0.003,extended-local,target_c,tie_ab,uniform_off_diagonal,"[0.1380023198976183,0.8280139193857092,0.03398376071667251]",0.03398376071667251,3.381872494445817,53.01064137200179,0.14627179459646905,0.1590319241160054,-0.01276012951953634,-1417.792168837371,-0.0802362770271741,53.01064137200179,0.14627179459646905,0.1590319241160054,-0.01276012951953634,-1417.792168837371,-0.0802362770271741
T03,target,regular-sensitivity,50,0.01,extended-local,target_c,tie_ab,uniform_off_diagonal,"[0.1380023198976183,0.8280139193857092,0.03398376071667251]",0.03398376071667251,3.381872494445817,53.01064137200179,0.4038382835401057,0.530106413720018,-0.12626813017991229,-1262.6813017991228,-0.23819393033528227,53.01064137200179,0.4038382835401057,0.530106413720018,-0.12626813017991229,-1262.6813017991228,-0.23819393033528227
T03,target,regular-sensitivity,50,0.03,stress,target_c,tie_ab,uniform_off_diagonal,"[0.1380023198976183,0.8280139193857092,0.03398376071667251]",0.03398376071667251,3.381872494445817,53.01064137200179,0.7540193393953044,1.5903192411600537,-0.8362999017647493,-929.2221130719437,-0.5258691966492921,53.01064137200179,0.7540193393953044,1.5903192411600537,-0.8362999017647493,-929.2221130719437,-0.5258691966492921
T03,target,regular-sensitivity,50,0.1,stress,target_c,tie_ab,uniform_off_diagonal,"[0.1380023198976183,0.8280139193857092,0.03398376071667251]",0.03398376071667251,3.381872494445817,53.01064137200179,0.9329374223194936,5.301064137200179,-4.3681267148806855,-436.8126714880685,-0.8240094067580483,53.01064137200179,0.9329374223194936,5.301064137200179,-4.3681267148806855,-436.8126714880685,-0.8240094067580483
T04,target,regular-sensitivity,1,0.0001,confirmatory,target_d,compressed,uniform_mix,"[0.8021905556861323,0.14817140517060456,0.049638039143263]",0.049638039143263,3.0029978209718076,0.9377144447055981,9.377144447059171e-05,9.377144447055981e-05,3.190264892538597e-17,3.190264892538597e-09,3.4021710026448427e-13,0.9377144447055981,9.377144447059171e-05,9.377144447055981e-05,3.190264892538597e-17,3.190264892538597e-09,3.4021710026448427e-13
T04,target,regular-sensitivity,1,0.0003,confirmatory,target_d,compressed,uniform_mix,"[0.8021905556861323,0.14817140517060456,0.049638039143263]",0.049638039143263,3.0029978209718076,0.9377144447055981,0.0002813143334116919,0.0002813143334116794,1.2468324983583301e-17,1.385369442620367e-10,4.432168397668162e-14,0.9377144447055981,0.0002813143334116919,0.0002813143334116794,1.2468324983583301e-17,1.385369442620367e-10,4.432168397668162e-14
T04,target,regular-sensitivity,1,0.001,confirmatory,target_d,compressed,uniform_mix,"[0.8021905556861323,0.14817140517060456,0.049638039143263]",0.049638039143263,3.0029978209718076,0.9377144447055981,0.000937714444705591,0.0009377144447055981,-7.047314121155779e-18,-7.047314121155779e-12,-7.515415978654709e-15,0.9377144447055981,0.000937714444705591,0.0009377144447055981,-7.047314121155779e-18,-7.047314121155779e-12,-7.515415978654709e-15
T04,target,regular-sensitivity,1,0.003,extended-local,target_d,compressed,uniform_mix,"[0.8021905556861323,0.14817140517060456,0.049638039143263]",0.049638039143263,3.0029978209718076,0.9377144447055981,0.00281314333411678,0.0028131433341167943,-1.431146867680866e-17,-1.5901631863120731e-12,-5.087358508627803e-15,0.9377144447055981,0.00281314333411678,0.0028131433341167943,-1.431146867680866e-17,-1.5901631863120731e-12,-5.087358508627803e-15
T04,target,regular-sensitivity,1,0.01,extended-local,target_d,compressed,uniform_mix,"[0.8021905556861323,0.14817140517060456,0.049638039143263]",0.049638039143263,3.0029978209718076,0.9377144447055981,0.009377144447056014,0.009377144447055981,3.2959746043559335e-17,3.2959746043559335e-13,3.5149022423246634e-15,0.9377144447055981,0.009377144447056014,0.009377144447055981,3.2959746043559335e-17,3.2959746043559335e-13,3.5149022423246634e-15
T04,target,regular-sensitivity,1,0.03,stress,target_d,compressed,uniform_mix,"[0.8021905556861323,0.14817140517060456,0.049638039143263]",0.049638039143263,3.0029978209718076,0.9377144447055981,0.028131433341167945,0.028131433341167942,3.469446951953614e-18,3.854941057726238e-15,1.2332990323946189e-16,0.9377144447055981,0.028131433341167945,0.028131433341167942,3.469446951953614e-18,3.854941057726238e-15,1.2332990323946189e-16
T04,target,regular-sensitivity,1,0.1,stress,target_d,compressed,uniform_mix,"[0.8021905556861323,0.14817140517060456,0.049638039143263]",0.049638039143263,3.0029978209718076,0.9377144447055981,0.09377144447055977,0.09377144447055981,-4.163336342344337e-17,-4.163336342344336e-15,-4.4398765166206275e-16,0.9377144447055981,0.09377144447055977,0.09377144447055981,-4.163336342344337e-17,-4.163336342344336e-15,-4.4398765166206275e-16
T04,target,regular-sensitivity,5,0.0001,confirmatory,target_d,compressed,uniform_mix,"[0.8107645253260093,0.14103403262202488,0.048201442051965915]",0.048201442051965915,3.0323663402825405,4.666060247739626,0.00046651533591308275,0.0004666060247739626,-9.068886087985851e-08,-9.06888608798585,-0.0001943585296049077,4.666060247739626,0.00046651533591308275,0.0004666060247739626,-9.068886087985851e-08,-9.06888608798585,-0.0001943585296049077
T04,target,regular-sensitivity,5,0.0003,confirmatory,target_d,compressed,uniform_mix,"[0.8107645253260093,0.14103403262202488,0.048201442051965915]",0.048201442051965915,3.0323663402825405,4.666060247739626,0.0013990020286709162,0.0013998180743218878,-8.160456509715558e-07,-9.067173899683954,-0.0005829655052617261,4.666060247739626,0.0013990020286709162,0.0013998180743218878,-8.160456509715558e-07,-9.067173899683954,-0.0005829655052617261
T04,target,regular-sensitivity,5,0.001,confirmatory,target_d,compressed,uniform_mix,"[0.8107645253260093,0.14103403262202488,0.048201442051965915]",0.048201442051965915,3.0323663402825405,4.666060247739626,0.004656999064307832,0.004666060247739626,-9.061183431794372e-06,-9.061183431794372,-0.0019419345123509431,4.666060247739626,0.004656999064307832,0.004666060247739626,-9.061183431794372e-06,-9.061183431794372,-0.0019419345123509431
T04,target,regular-sensitivity,5,0.003,extended-local,target_d,compressed,uniform_mix,"[0.8107645253260093,0.14103403262202488,0.048201442051965915]",0.048201442051965915,3.0323663402825405,4.666060247739626,0.013916783960368079,0.013998180743218878,-8.139678285079902e-05,-9.044086983422112,-0.005814811534722465,4.666060247739626,0.013916783960368079,0.013998180743218878,-8.139678285079902e-05,-9.044086983422112,-0.005814811534722465
T04,target,regular-sensitivity,5,0.01,extended-local,target_d,compressed,uniform_mix,"[0.8107645253260093,0.14103403262202488,0.048201442051965915]",0.048201442051965915,3.0323663402825405,4.666060247739626,0.045762155168756986,0.046660602477396264,-0.0008984473086392775,-8.984473086392775,-0.019254944448574386,4.666060247739626,0.045762155168756986,0.046660602477396264,-0.0008984473086392775,-8.984473086392775,-0.019254944448574386
T04,target,regular-sensitivity,5,0.03,stress,target_d,compressed,uniform_mix,"[0.8107645253260093,0.14103403262202488,0.048201442051965915]",0.048201442051965915,3.0323663402825405,4.666060247739626,0.13204734905123344,0.13998180743218877,-0.007934458380955328,-8.816064867728143,-0.05668206838091449,4.666060247739626,0.13204734905123344,0.13998180743218877,-0.007934458380955328,-8.816064867728143,-0.05668206838091449
T04,target,regular-sensitivity,5,0.1,stress,target_d,compressed,uniform_mix,"[0.8107645253260093,0.14103403262202488,0.048201442051965915]",0.048201442051965915,3.0323663402825405,4.666060247739626,0.3841162702893172,0.4666060247739626,-0.0824897544846454,-8.248975448464538,-0.17678673250009108,4.666060247739626,0.3841162702893172,0.4666060247739626,-0.0824897544846454,-8.248975448464538,-0.17678673250009108
T04,target,regular-sensitivity,20,0.0001,confirmatory,target_d,compressed,uniform_mix,"[0.840283819057414,0.11671829319407849,0.042997887748507505]",0.042997887748507505,3.1466042866228383,18.212886220597927,0.0018197486812652208,0.0018212886220597927,-1.539940794571858e-06,-153.9940794571858,-0.0008455226568264927,18.212886220597927,0.0018197486812652208,0.0018212886220597927,-1.539940794571858e-06,-153.9940794571858,-0.0008455226568264927
T04,target,regular-sensitivity,20,0.0003,confirmatory,target_d,compressed,uniform_mix,"[0.840283819057414,0.11671829319407849,0.042997887748507505]",0.042997887748507505,3.1466042866228383,18.212886220597927,0.005450020127283149,0.005463865866179377,-1.3845738896228234e-05,-153.84154329142484,-0.002534055417050328,18.212886220597927,0.005450020127283149,0.005463865866179377,-1.3845738896228234e-05,-153.84154329142484,-0.002534055417050328
T04,target,regular-sensitivity,20,0.001,confirmatory,target_d,compressed,uniform_mix,"[0.840283819057414,0.11671829319407849,0.042997887748507505]",0.042997887748507505,3.1466042866228383,18.212886220597927,0.018059577189719844,0.018212886220597926,-0.00015330903087808212,-153.30903087808213,-0.008417613168015993,18.212886220597927,0.018059577189719844,0.018212886220597926,-0.00015330903087808212,-153.30903087808213,-0.008417613168015993
T04,target,regular-sensitivity,20,0.003,extended-local,target_d,compressed,uniform_mix,"[0.840283819057414,0.11671829319407849,0.042997887748507505]",0.042997887748507505,3.1466042866228383,18.212886220597927,0.05327246553895016,0.05463865866179378,-0.0013661931228436189,-151.79923587151322,-0.025004148277141598,18.212886220597927,0.05327246553895016,0.05463865866179378,-0.0013661931228436189,-151.79923587151322,-0.025004148277141598
T04,target,regular-sensitivity,20,0.01,extended-local,target_d,compressed,uniform_mix,"[0.840283819057414,0.11671829319407849,0.042997887748507505]",0.042997887748507505,3.1466042866228383,18.212886220597927,0.1674638552081392,0.18212886220597926,-0.014665006997840069,-146.6500699784007,-0.08051995065589675,18.212886220597927,0.1674638552081392,0.18212886220597926,-0.014665006997840069,-146.6500699784007,-0.08051995065589675
T04,target,regular-sensitivity,20,0.03,stress,target_d,compressed,uniform_mix,"[0.840283819057414,0.11671829319407849,0.042997887748507505]",0.042997887748507505,3.1466042866228383,18.212886220597927,0.4266291291245654,0.5463865866179378,-0.11975745749337241,-133.06384165930268,-0.21918081524412147,18.212886220597927,0.4266291291245654,0.5463865866179378,-0.11975745749337241,-133.06384165930268,-0.21918081524412147
T04,target,regular-sensitivity,20,0.1,stress,target_d,compressed,uniform_mix,"[0.840283819057414,0.11671829319407849,0.042997887748507505]",0.042997887748507505,3.1466042866228383,18.212886220597927,0.8520492837496593,1.8212886220597928,-0.9692393383101335,-96.92393383101333,-0.5321722908552347,18.212886220597927,0.8520492837496593,1.8212886220597928,-0.9692393383101335,-96.92393383101333,-0.5321722908552347
T04,target,regular-sensitivity,50,0.0001,confirmatory,target_d,compressed,uniform_mix,"[0.8877234895390679,0.0786245408513988,0.03365196960953334]",0.03365196960953334,3.3916836923745275,42.31658878712781,0.004223967180389927,0.0042316588787127815,-7.691698322854178e-06,-769.1698322854178,-0.0018176555680201466,42.31658878712781,0.004223967180389927,0.0042316588787127815,-7.691698322854178e-06,-769.1698322854178,-0.0018176555680201466
T04,target,regular-sensitivity,50,0.0003,confirmatory,target_d,compressed,uniform_mix,"[0.8877234895390679,0.0786245408513988,0.03365196960953334]",0.03365196960953334,3.3916836923745275,42.31658878712781,0.012625884325569332,0.012694976636138344,-6.909231056901124e-05,-767.6923396556806,-0.005442492140736092,42.31658878712781,0.012625884325569332,0.012694976636138344,-6.909231056901124e-05,-767.6923396556806,-0.005442492140736092
T04,target,regular-sensitivity,50,0.001,confirmatory,target_d,compressed,uniform_mix,"[0.8877234895390679,0.0786245408513988,0.03365196960953334]",0.03365196960953334,3.3916836923745275,42.31658878712781,0.0415540554476735,0.042316588787127817,-0.0007625333394543146,-762.5333394543146,-0.01801972610056574,42.31658878712781,0.0415540554476735,0.042316588787127817,-0.0007625333394543146,-762.5333394543146,-0.01801972610056574
T04,target,regular-sensitivity,50,0.003,extended-local,target_d,compressed,uniform_mix,"[0.8877234895390679,0.0786245408513988,0.03365196960953334]",0.03365196960953334,3.3916836923745275,42.31658878712781,0.12021862184202844,0.12694976636138344,-0.006731144519354998,-747.9049465949997,-0.053022110337672346,42.31658878712781,0.12021862184202844,0.12694976636138344,-0.006731144519354998,-747.9049465949997,-0.053022110337672346
T04,target,regular-sensitivity,50,0.01,extended-local,target_d,compressed,uniform_mix,"[0.8877234895390679,0.0786245408513988,0.03365196960953334]",0.03365196960953334,3.3916836923745275,42.31658878712781,0.3533420344945619,0.4231658878712781,-0.0698238533767162,-698.238533767162,-0.16500350188424395,42.31658878712781,0.3533420344945619,0.4231658878712781,-0.0698238533767162,-698.238533767162,-0.16500350188424395
T04,target,regular-sensitivity,50,0.03,stress,target_d,compressed,uniform_mix,"[0.8877234895390679,0.0786245408513988,0.03365196960953334]",0.03365196960953334,3.3916836923745275,42.31658878712781,0.7537716868267837,1.2694976636138344,-0.5157259767870507,-573.028863096723,-0.4062441322805996,42.31658878712781,0.7537716868267837,1.2694976636138344,-0.5157259767870507,-573.028863096723,-0.4062441322805996
T04,target,regular-sensitivity,50,0.1,stress,target_d,compressed,uniform_mix,"[0.8877234895390679,0.0786245408513988,0.03365196960953334]",0.03365196960953334,3.3916836923745275,42.31658878712781,1.0519532546866301,4.231658878712781,-3.179705624026151,-317.97056240261503,-0.7514087773051732,42.31658878712781,1.0519532546866301,4.231658878712781,-3.179705624026151,-317.97056240261503,-0.7514087773051732
T05,target,regular-sensitivity,1,0.0001,confirmatory,balanced,dominant_a,backward_cycle,"[0.35013186144895325,0.33305572906545156,0.3168124094855952]",0.3168124094855952,1.1494454484529983,0.01665972598167903,1.6659725982082207e-06,1.665972598167903e-06,4.031770949812063e-17,4.031770949812063e-09,2.4200703866593403e-11,0.01665972598167903,1.6659725982082207e-06,1.665972598167903e-06,4.031770949812063e-17,4.031770949812063e-09,2.4200703866593403e-11
T05,target,regular-sensitivity,1,0.0003,confirmatory,balanced,dominant_a,backward_cycle,"[0.35013186144895325,0.33305572906545156,0.3168124094855952]",0.3168124094855952,1.1494454484529983,0.01665972598167903,4.997917794458129e-06,4.9979177945037085e-06,-4.5579689924701156e-17,-5.064409991633463e-10,-9.11973581774912e-12,0.01665972598167903,4.997917794458129e-06,4.9979177945037085e-06,-4.5579689924701156e-17,-5.064409991633463e-10,-9.11973581774912e-12
T05,target,regular-sensitivity,1,0.001,confirmatory,balanced,dominant_a,backward_cycle,"[0.35013186144895325,0.33305572906545156,0.3168124094855952]",0.3168124094855952,1.1494454484529983,0.01665972598167903,1.6659725981638118e-05,1.665972598167903e-05,-4.0911691352382706e-17,-4.0911691352382706e-11,-2.4557241456056332e-12,0.01665972598167903,1.6659725981638118e-05,1.665972598167903e-05,-4.0911691352382706e-17,-4.0911691352382706e-11,-2.4557241456056332e-12
T05,target,regular-sensitivity,1,0.003,extended-local,balanced,dominant_a,backward_cycle,"[0.35013186144895325,0.33305572906545156,0.3168124094855952]",0.3168124094855952,1.1494454484529983,0.01665972598167903,4.997917794502538e-05,4.997917794503709e-05,-1.1716159726421482e-17,-1.3017955251579424e-12,-2.3442081699114643e-13,0.01665972598167903,4.997917794502538e-05,4.997917794503709e-05,-1.1716159726421482e-17,-1.3017955251579424e-12,-2.3442081699114643e-13
T05,target,regular-sensitivity,1,0.01,extended-local,balanced,dominant_a,backward_cycle,"[0.35013186144895325,0.33305572906545156,0.3168124094855952]",0.3168124094855952,1.1494454484529983,0.01665972598167903,0.00016659725981682527,0.0001665972598167903,3.496552006265752e-17,3.496552006265752e-13,2.0988052325176096e-13,0.01665972598167903,0.00016659725981682527,0.0001665972598167903,3.496552006265752e-17,3.496552006265752e-13,2.0988052325176096e-13
T05,target,regular-sensitivity,1,0.03,stress,balanced,dominant_a,backward_cycle,"[0.35013186144895325,0.33305572906545156,0.3168124094855952]",0.3168124094855952,1.1494454484529983,0.01665972598167903,0.0004997917794503648,0.0004997917794503709,-6.071532165918825e-18,-6.746146851020917e-15,-1.2148123309662651e-14,0.01665972598167903,0.0004997917794503648,0.0004997917794503709,-6.071532165918825e-18,-6.746146851020917e-15,-1.2148123309662651e-14
T05,target,regular-sensitivity,1,0.1,stress,balanced,dominant_a,backward_cycle,"[0.35013186144895325,0.33305572906545156,0.3168124094855952]",0.3168124094855952,1.1494454484529983,0.01665972598167903,0.0016659725981678641,0.0016659725981679032,-3.903127820947816e-17,-3.903127820947815e-15,-2.3428523525777966e-14,0.01665972598167903,0.0016659725981678641,0.0016659725981679032,-3.903127820947816e-17,-3.903127820947815e-15,-2.3428523525777966e-14
T05,target,regular-sensitivity,5,0.0001,confirmatory,balanced,dominant_a,backward_cycle,"[0.41922895160969775,0.32649583579983676,0.2542752125904655]",0.2542752125904655,1.3693380844056788,0.2372775016895502,2.3726585693439883e-05,2.372775016895502e-05,-1.1644755151358707e-09,-0.11644755151358707,-4.9076524611231385e-05,0.2372775016895502,2.3726585693439883e-05,2.372775016895502e-05,-1.1644755151358707e-09,-0.11644755151358707,-4.9076524611231385e-05
T05,target,regular-sensitivity,5,0.0003,confirmatory,balanced,dominant_a,backward_cycle,"[0.41922895160969775,0.32649583579983676,0.2542752125904655]",0.2542752125904655,1.3693380844056788,0.2372775016895502,7.117277058998894e-05,7.118325050686505e-05,-1.0479916876104532e-08,-0.11644352084560594,-0.0001472244776893664,0.2372775016895502,7.117277058998894e-05,7.118325050686505e-05,-1.0479916876104532e-08,-0.11644352084560594,-0.0001472244776893664
T05,target,regular-sensitivity,5,0.001,confirmatory,balanced,dominant_a,backward_cycle,"[0.41922895160969775,0.32649583579983676,0.2542752125904655]",0.2542752125904655,1.3693380844056788,0.2372775016895502,0.0002371610723708728,0.0002372775016895502,-1.1642931867740709e-07,-0.11642931867740709,-0.0004906884042876564,0.2372775016895502,0.0002371610723708728,0.0002372775016895502,-1.1642931867740709e-07,-0.11642931867740709,-0.0004906884042876564
T05,target,regular-sensitivity,5,0.003,extended-local,balanced,dominant_a,backward_cycle,"[0.41922895160969775,0.32649583579983676,0.2542752125904655]",0.2542752125904655,1.3693380844056788,0.2372775016895502,0.0007107850064700383,0.0007118325050686506,-1.0474985986122726e-06,-0.1163887331791414,-0.001471552073210326,0.2372775016895502,0.0007107850064700383,0.0007118325050686506,-1.0474985986122726e-06,-0.1163887331791414,-0.001471552073210326
T05,target,regular-sensitivity,5,0.01,extended-local,balanced,dominant_a,backward_cycle,"[0.41922895160969775,0.32649583579983676,0.2542752125904655]",0.2542752125904655,1.3693380844056788,0.2372775016895502,0.0023611503523661703,0.002372775016895502,-1.1624664529331745e-05,-0.11624664529331745,-0.0048991853195341105,0.2372775016895502,0.0023611503523661703,0.002372775016895502,-1.1624664529331745e-05,-0.11624664529331745,-0.0048991853195341105
T05,target,regular-sensitivity,5,0.03,stress,balanced,dominant_a,backward_cycle,"[0.41922895160969775,0.32649583579983676,0.2542752125904655]",0.2542752125904655,1.3693380844056788,0.2372775016895502,0.007014068728509348,0.007118325050686505,-0.00010425632217715697,-0.11584035797461886,-0.014646187331260222,0.2372775016895502,0.007014068728509348,0.007118325050686505,-0.00010425632217715697,-0.11584035797461886,-0.014646187331260222
T05,target,regular-sensitivity,5,0.1,stress,balanced,dominant_a,backward_cycle,"[0.41922895160969775,0.32649583579983676,0.2542752125904655]",0.2542752125904655,1.3693380844056788,0.2372775016895502,0.022583602201986464,0.023727750168955022,-0.001144147966968559,-0.11441479669685586,-0.04821982526036296,0.2372775016895502,0.022583602201986464,0.023727750168955022,-0.001144147966968559,-0.11441479669685586,-0.04821982526036296
T05,target,regular-sensitivity,20,0.0001,confirmatory,balanced,dominant_a,backward_cycle,"[0.6652409557748219,0.24472847105479784,0.09003057317038031]",0.09003057317038031,2.407605964444382,2.245129387349434,0.00022447073680395557,0.00022451293873494338,-4.220193098781089e-08,-4.220193098781089,-0.0001879710417831814,2.245129387349434,0.00022447073680395557,0.00022451293873494338,-4.220193098781089e-08,-4.220193098781089,-0.0001879710417831814
T05,target,regular-sensitivity,20,0.0003,confirmatory,balanced,dominant_a,backward_cycle,"[0.6652409557748219,0.24472847105479784,0.09003057317038031]",0.09003057317038031,2.407605964444382,2.245129387349434,0.0006731590382950681,0.0006735388162048301,-3.797779097620014e-07,-4.2197545529111276,-0.0005638545257152737,2.245129387349434,0.0006731590382950681,0.0006735388162048301,-3.797779097620014e-07,-4.2197545529111276,-0.0005638545257152737
T05,target,regular-sensitivity,20,0.001,confirmatory,balanced,dominant_a,backward_cycle,"[0.6652409557748219,0.24472847105479784,0.09003057317038031]",0.09003057317038031,2.407605964444382,2.245129387349434,0.0022409111706554186,0.002245129387349434,-4.218216694015439e-06,-4.21821669401544,-0.0018788301100968628,2.245129387349434,0.0022409111706554186,0.002245129387349434,-4.218216694015439e-06,-4.21821669401544,-0.0018788301100968628
T05,target,regular-sensitivity,20,0.003,extended-local,balanced,dominant_a,backward_cycle,"[0.6652409557748219,0.24472847105479784,0.09003057317038031]",0.09003057317038031,2.407605964444382,2.245129387349434,0.006697463976988768,0.006735388162048301,-3.7924185059532746e-05,-4.213798339948083,-0.005630586411221712,2.245129387349434,0.006697463976988768,0.006735388162048301,-3.7924185059532746e-05,-4.213798339948083,-0.005630586411221712
T05,target,regular-sensitivity,20,0.01,extended-local,balanced,dominant_a,backward_cycle,"[0.6652409557748219,0.24472847105479784,0.09003057317038031]",0.09003057317038031,2.407605964444382,2.245129387349434,0.02203148855945028,0.02245129387349434,-0.0004198053140440604,-4.198053140440604,-0.01869849089364405,2.245129387349434,0.02203148855945028,0.02245129387349434,-0.0004198053140440604,-4.198053140440604,-0.01869849089364405
T05,target,regular-sensitivity,20,0.03,stress,balanced,dominant_a,backward_cycle,"[0.6652409557748219,0.24472847105479784,0.09003057317038031]",0.09003057317038031,2.407605964444382,2.245129387349434,0.06361818523020296,0.06735388162048302,-0.003735696390280055,-4.150773766977839,-0.05546371345499397,2.245129387349434,0.06361818523020296,0.06735388162048302,-0.003735696390280055,-4.150773766977839,-0.05546371345499397
T05,target,regular-sensitivity,20,0.1,stress,balanced,dominant_a,backward_cycle,"[0.6652409557748219,0.24472847105479784,0.09003057317038031]",0.09003057317038031,2.407605964444382,2.245129387349434,0.18488335131858435,0.22451293873494338,-0.039629587416359024,-3.9629587416359016,-0.17651360157529772,2.245129387349434,0.18488335131858435,0.22451293873494338,-0.039629587416359024,-3.9629587416359016,-0.17651360157529772
T05,target,regular-sensitivity,50,0.0001,confirmatory,balanced,dominant_a,backward_cycle,"[0.9184229667642032,0.07538874796299677,0.006188285272800012]",0.006188285272800012,5.085097246364314,4.708319617758285,0.00047071530978891503,0.0004708319617758285,-1.1665198691349727e-07,-11.665198691349728,-0.0002477571541097657,4.708319617758285,0.00047071530978891503,0.0004708319617758285,-1.1665198691349727e-07,-11.665198691349728,-0.0002477571541097657
T05,target,regular-sensitivity,50,0.0003,confirmatory,balanced,dominant_a,backward_cycle,"[0.9184229667642032,0.07538874796299677,0.006188285272800012]",0.006188285272800012,5.085097246364314,4.708319617758285,0.0014114457951281524,0.0014124958853274853,-1.0500901993328645e-06,-11.667668881476274,-0.0007434288554330213,4.708319617758285,0.0014114457951281524,0.0014124958853274853,-1.0500901993328645e-06,-11.667668881476274,-0.0007434288554330213
T05,target,regular-sensitivity,50,0.001,confirmatory,balanced,dominant_a,backward_cycle,"[0.9184229667642032,0.07538874796299677,0.006188285272800012]",0.006188285272800012,5.085097246364314,4.708319617758285,0.004696643354532031,0.004708319617758285,-1.1676263226254556e-05,-11.676263226254557,-0.0024799215376575968,4.708319617758285,0.004696643354532031,0.004708319617758285,-1.1676263226254556e-05,-11.676263226254557,-0.0024799215376575968
T05,target,regular-sensitivity,50,0.003,extended-local,balanced,dominant_a,backward_cycle,"[0.9184229667642032,0.07538874796299677,0.006188285272800012]",0.006188285272800012,5.085097246364314,4.708319617758285,0.014019655462779591,0.014124958853274855,-0.0001053033904952639,-11.700376721695989,-0.007455129008807656,4.708319617758285,0.014019655462779591,0.014124958853274855,-0.0001053033904952639,-11.700376721695989,-0.007455129008807656
T05,target,regular-sensitivity,50,0.01,extended-local,balanced,dominant_a,backward_cycle,"[0.9184229667642032,0.07538874796299677,0.006188285272800012]",0.006188285272800012,5.085097246364314,4.708319617758285,0.04590523994047112,0.04708319617758285,-0.0011779562371117339,-11.779562371117338,-0.025018612429556764,4.708319617758285,0.04590523994047112,0.04708319617758285,-0.0011779562371117339,-11.779562371117338,-0.025018612429556764
T05,target,regular-sensitivity,50,0.03,stress,balanced,dominant_a,backward_cycle,"[0.9184229667642032,0.07538874796299677,0.006188285272800012]",0.006188285272800012,5.085097246364314,4.708319617758285,0.1335527410444769,0.14124958853274855,-0.007696847488271652,-8.55205276474628,-0.05449111440411132,4.708319617758285,0.1335527410444769,0.14124958853274855,-0.007696847488271652,-8.55205276474628,-0.05449111440411132
T05,target,regular-sensitivity,50,0.1,stress,balanced,dominant_a,backward_cycle,"[0.9184229667642032,0.07538874796299677,0.006188285272800012]",0.006188285272800012,5.085097246364314,4.708319617758285,0.4321883198323472,0.47083196177582853,-0.038643641943481355,-3.8643641943481346,-0.08207523082700209,4.708319617758285,0.4321883198323472,0.47083196177582853,-0.038643641943481355,-3.8643641943481346,-0.08207523082700209
T06,target,regular-sensitivity,1,0.0001,confirmatory,mixed,neutral,uniform_mix,"[0.2,0.3,0.5]",0.2,1.6094379124341003,0.3333333333333333,3.333333333335742e-05,3.3333333333333335e-05,2.4082840756334267e-17,2.4082840756334267e-09,7.22485222690028e-13,0.3333333333333333,3.333333333335742e-05,3.3333333333333335e-05,2.4082840756334267e-17,2.4082840756334267e-09,7.22485222690028e-13
T06,target,regular-sensitivity,1,0.0003,confirmatory,mixed,neutral,uniform_mix,"[0.2,0.3,0.5]",0.2,1.6094379124341003,0.3333333333333333,9.999999999998899e-05,9.999999999999999e-05,-1.100465205072787e-17,-1.2227391167475413e-10,-1.1004652050727871e-13,0.3333333333333333,9.999999999998899e-05,9.999999999999999e-05,-1.100465205072787e-17,-1.2227391167475413e-10,-1.1004652050727871e-13
T06,target,regular-sensitivity,1,0.001,confirmatory,mixed,neutral,uniform_mix,"[0.2,0.3,0.5]",0.2,1.6094379124341003,0.3333333333333333,0.0003333333333332966,0.0003333333333333333,-3.6700243538634325e-17,-3.6700243538634325e-11,-1.1010073061590298e-13,0.3333333333333333,0.0003333333333332966,0.0003333333333333333,-3.6700243538634325e-17,-3.6700243538634325e-11,-1.1010073061590298e-13
T06,target,regular-sensitivity,1,0.003,extended-local,mixed,neutral,uniform_mix,"[0.2,0.3,0.5]",0.2,1.6094379124341003,0.3333333333333333,0.0010000000000000009,0.001,8.673617379884035e-19,9.637352644315595e-14,8.673617379884035e-16,0.3333333333333333,0.0010000000000000009,0.001,8.673617379884035e-19,9.637352644315595e-14,8.673617379884035e-16
T06,target,regular-sensitivity,1,0.01,extended-local,mixed,neutral,uniform_mix,"[0.2,0.3,0.5]",0.2,1.6094379124341003,0.3333333333333333,0.003333333333333327,0.003333333333333333,-6.071532165918825e-18,-6.071532165918825e-14,-1.8214596497756474e-15,0.3333333333333333,0.003333333333333327,0.003333333333333333,-6.071532165918825e-18,-6.071532165918825e-14,-1.8214596497756474e-15
T06,target,regular-sensitivity,1,0.03,stress,mixed,neutral,uniform_mix,"[0.2,0.3,0.5]",0.2,1.6094379124341003,0.3333333333333333,0.010000000000000009,0.009999999999999998,1.0408340855860843e-17,1.1564823173178714e-14,1.0408340855860845e-15,0.3333333333333333,0.010000000000000009,0.009999999999999998,1.0408340855860843e-17,1.1564823173178714e-14,1.0408340855860845e-15
T06,target,regular-sensitivity,1,0.1,stress,mixed,neutral,uniform_mix,"[0.2,0.3,0.5]",0.2,1.6094379124341003,0.3333333333333333,0.033333333333333354,0.03333333333333333,2.0816681711721685e-17,2.081668171172168e-15,6.245004513516506e-16,0.3333333333333333,0.033333333333333354,0.03333333333333333,2.0816681711721685e-17,2.081668171172168e-15,6.245004513516506e-16
T06,target,regular-sensitivity,5,0.0001,confirmatory,mixed,neutral,uniform_mix,"[0.2,0.3,0.5]",0.2,1.6094379124341003,1.6666666666666665,0.00016663333666641633,0.00016666666666666666,-3.3330000250329306e-08,-3.3330000250329306,-0.00019998000150197584,1.6666666666666665,0.00016663333666641633,0.00016666666666666666,-3.3330000250329306e-08,-3.3330000250329306,-0.00019998000150197584
T06,target,regular-sensitivity,5,0.0003,confirmatory,mixed,neutral,uniform_mix,"[0.2,0.3,0.5]",0.2,1.6094379124341003,1.6666666666666665,0.0004997000899864545,0.0004999999999999999,-2.9991001354535887e-07,-3.332333483837321,-0.0005998200270907178,1.6666666666666665,0.0004997000899864545,0.0004999999999999999,-2.9991001354535887e-07,-3.332333483837321,-0.0005998200270907178
T06,target,regular-sensitivity,5,0.001,confirmatory,mixed,neutral,uniform_mix,"[0.2,0.3,0.5]",0.2,1.6094379124341003,1.6666666666666665,0.0016633366650003478,0.0016666666666666666,-3.330001666318732e-06,-3.330001666318732,-0.001998000999791239,1.6666666666666665,0.0016633366650003478,0.0016666666666666666,-3.330001666318732e-06,-3.330001666318732,-0.001998000999791239
T06,target,regular-sensitivity,5,0.003,extended-local,mixed,neutral,uniform_mix,"[0.2,0.3,0.5]",0.2,1.6094379124341003,1.6666666666666665,0.004970089865081018,0.004999999999999999,-2.991013491898155e-05,-3.323348324331283,-0.005982026983796311,1.6666666666666665,0.004970089865081018,0.004999999999999999,-2.991013491898155e-05,-3.323348324331283,-0.005982026983796311
T06,target,regular-sensitivity,5,0.01,extended-local,mixed,neutral,uniform_mix,"[0.2,0.3,0.5]",0.2,1.6094379124341003,1.6666666666666665,0.01633665003333329,0.016666666666666666,-0.00033001663333337775,-3.3001663333337774,-0.019800998000002665,1.6666666666666665,0.01633665003333329,0.016666666666666666,-0.00033001663333337775,-3.3001663333337774,-0.019800998000002665
T06,target,regular-sensitivity,5,0.03,stress,mixed,neutral,uniform_mix,"[0.2,0.3,0.5]",0.2,1.6094379124341003,1.6666666666666665,0.04708865810000007,0.049999999999999996,-0.0029113418999999266,-3.234824333333252,-0.05822683799999854,1.6666666666666665,0.04708865810000007,0.049999999999999996,-0.0029113418999999266,-3.234824333333252,-0.05822683799999854
T06,target,regular-sensitivity,5,0.1,stress,mixed,neutral,uniform_mix,"[0.2,0.3,0.5]",0.2,1.6094379124341003,1.6666666666666665,0.1365033333333333,0.16666666666666666,-0.030163333333333348,-3.016333333333334,-0.18098000000000009,1.6666666666666665,0.1365033333333333,0.16666666666666666,-0.030163333333333348,-3.016333333333334,-0.18098000000000009
T06,target,regular-sensitivity,20,0.0001,confirmatory,mixed,neutral,uniform_mix,"[0.2,0.3,0.5]",0.2,1.6094379124341003,6.666666666666664,0.0006660337131718652,0.0006666666666666664,-6.329534948012116e-07,-63.29534948012116,-0.0009494302422018178,6.666666666666664,0.0006660337131718652,0.0006666666666666664,-6.329534948012116e-07,-63.29534948012116,-0.0009494302422018178
T06,target,regular-sensitivity,20,0.0003,confirmatory,mixed,neutral,uniform_mix,"[0.2,0.3,0.5]",0.2,1.6094379124341003,6.666666666666664,0.0019943102469306695,0.001999999999999999,-5.68975306932968e-06,-63.21947854810756,-0.002844876534664841,6.666666666666664,0.0019943102469306695,0.001999999999999999,-5.68975306932968e-06,-63.21947854810756,-0.002844876534664841
T06,target,regular-sensitivity,20,0.001,confirmatory,mixed,neutral,uniform_mix,"[0.2,0.3,0.5]",0.2,1.6094379124341003,6.666666666666664,0.00660371172348842,0.0066666666666666645,-6.295494317824432e-05,-62.95494317824432,-0.009443241476736652,6.666666666666664,0.00660371172348842,0.0066666666666666645,-6.295494317824432e-05,-62.95494317824432,-0.009443241476736652
T06,target,regular-sensitivity,20,0.003,extended-local,mixed,neutral,uniform_mix,"[0.2,0.3,0.5]",0.2,1.6094379124341003,6.666666666666664,0.01944013043146159,0.019999999999999993,-0.0005598695685384049,-62.20772983760054,-0.027993478426920255,6.666666666666664,0.01944013043146159,0.019999999999999993,-0.0005598695685384049,-62.20772983760054,-0.027993478426920255
T06,target,regular-sensitivity,20,0.01,extended-local,mixed,neutral,uniform_mix,"[0.2,0.3,0.5]",0.2,1.6094379124341003,6.666666666666664,0.06069768746758966,0.06666666666666664,-0.005968979199076976,-59.68979199076976,-0.08953468798615469,6.666666666666664,0.06069768746758966,0.06666666666666664,-0.005968979199076976,-59.68979199076976,-0.08953468798615469
T06,target,regular-sensitivity,20,0.03,stress,mixed,neutral,uniform_mix,"[0.2,0.3,0.5]",0.2,1.6094379124341003,6.666666666666664,0.1520685523577509,0.19999999999999993,-0.04793144764224902,-53.25716404694336,-0.23965723821124518,6.666666666666664,0.1520685523577509,0.19999999999999993,-0.04793144764224902,-53.25716404694336,-0.23965723821124518
T06,target,regular-sensitivity,20,0.1,stress,mixed,neutral,uniform_mix,"[0.2,0.3,0.5]",0.2,1.6094379124341003,6.666666666666664,0.2928077818031436,0.6666666666666665,-0.3738588848635229,-37.385888486352286,-0.5607883272952845,6.666666666666664,0.2928077818031436,0.6666666666666665,-0.3738588848635229,-37.385888486352286,-0.5607883272952845
T06,target,regular-sensitivity,50,0.0001,confirmatory,mixed,neutral,uniform_mix,"[0.2,0.3,0.5]",0.2,1.6094379124341003,16.66666666666666,0.001662589858996949,0.0016666666666666661,-4.076807669717124e-06,-407.6807669717124,-0.002446084601830275,16.66666666666666,0.001662589858996949,0.0016666666666666661,-4.076807669717124e-06,-407.6807669717124,-0.002446084601830275
T06,target,regular-sensitivity,50,0.0003,confirmatory,mixed,neutral,uniform_mix,"[0.2,0.3,0.5]",0.2,1.6094379124341003,16.66666666666666,0.0049634257799016646,0.0049999999999999975,-3.6574220098332944e-05,-406.38022331481056,-0.007314844019666592,16.66666666666666,0.0049634257799016646,0.0049999999999999975,-3.6574220098332944e-05,-406.38022331481056,-0.007314844019666592
T06,target,regular-sensitivity,50,0.001,confirmatory,mixed,neutral,uniform_mix,"[0.2,0.3,0.5]",0.2,1.6094379124341003,16.66666666666666,0.016264790600989426,0.01666666666666666,-0.0004018760656772334,-401.87606567723344,-0.024112563940634015,16.66666666666666,0.016264790600989426,0.01666666666666666,-0.0004018760656772334,-401.87606567723344,-0.024112563940634015
T06,target,regular-sensitivity,50,0.003,extended-local,mixed,neutral,uniform_mix,"[0.2,0.3,0.5]",0.2,1.6094379124341003,16.66666666666666,0.046495349729777785,0.04999999999999998,-0.003504650270222197,-389.40558558024406,-0.07009300540444396,16.66666666666666,0.046495349729777785,0.04999999999999998,-0.003504650270222197,-389.40558558024406,-0.07009300540444396
T06,target,regular-sensitivity,50,0.01,extended-local,mixed,neutral,uniform_mix,"[0.2,0.3,0.5]",0.2,1.6094379124341003,16.66666666666666,0.13166464428748764,0.1666666666666666,-0.03500202237917896,-350.0202237917896,-0.21001213427507384,16.66666666666666,0.13166464428748764,0.1666666666666666,-0.03500202237917896,-350.0202237917896,-0.21001213427507384
T06,target,regular-sensitivity,50,0.03,stress,mixed,neutral,uniform_mix,"[0.2,0.3,0.5]",0.2,1.6094379124341003,16.66666666666666,0.2606448748841975,0.4999999999999998,-0.23935512511580226,-265.95013901755806,-0.47871025023160474,16.66666666666666,0.2606448748841975,0.4999999999999998,-0.23935512511580226,-265.95013901755806,-0.47871025023160474
T06,target,regular-sensitivity,50,0.1,stress,mixed,neutral,uniform_mix,"[0.2,0.3,0.5]",0.2,1.6094379124341003,16.66666666666666,0.33161540826422664,1.666666666666666,-1.3350512584024394,-133.50512584024392,-0.8010307550414639,16.66666666666666,0.33161540826422664,1.666666666666666,-1.3350512584024394,-133.50512584024392,-0.8010307550414639
T07,target,regular-sensitivity,1,0.0001,confirmatory,target_e,dominant_b,asymmetric_b,"[0.04689971371093986,0.8088393294407796,0.14426095684828052]",0.04689971371093986,3.059743707792887,0.5269727267029053,5.269727267024488e-05,5.269727267029053e-05,-4.565168772521777e-17,-4.565168772521777e-09,-8.663007668507883e-13,0.5269727267029053,5.269727267024488e-05,5.269727267029053e-05,-4.565168772521777e-17,-4.565168772521777e-09,-8.663007668507883e-13
T07,target,regular-sensitivity,1,0.0003,confirmatory,target_e,dominant_b,asymmetric_b,"[0.04689971371093986,0.8088393294407796,0.14426095684828052]",0.04689971371093986,3.059743707792887,0.5269727267029053,0.00015809181801088729,0.00015809181801087157,1.5720931501039814e-17,1.746770166782202e-10,9.944177819473698e-14,0.5269727267029053,0.00015809181801088729,0.00015809181801087157,1.5720931501039814e-17,1.746770166782202e-10,9.944177819473698e-14
T07,target,regular-sensitivity,1,0.001,confirmatory,target_e,dominant_b,asymmetric_b,"[0.04689971371093986,0.8088393294407796,0.14426095684828052]",0.04689971371093986,3.059743707792887,0.5269727267029053,0.0005269727267028512,0.0005269727267029053,-5.410168840702667e-17,-5.410168840702667e-11,-1.0266506341898015e-13,0.5269727267029053,0.0005269727267028512,0.0005269727267029053,-5.410168840702667e-17,-5.410168840702667e-11,-1.0266506341898015e-13
T07,target,regular-sensitivity,1,0.003,extended-local,target_e,dominant_b,asymmetric_b,"[0.04689971371093986,0.8088393294407796,0.14426095684828052]",0.04689971371093986,3.059743707792887,0.5269727267029053,0.0015809181801087133,0.0015809181801087159,-2.6020852139652106e-18,-2.8912057932946783e-13,-1.6459328804646118e-15,0.5269727267029053,0.0015809181801087133,0.0015809181801087159,-2.6020852139652106e-18,-2.8912057932946783e-13,-1.6459328804646118e-15
T07,target,regular-sensitivity,1,0.01,extended-local,target_e,dominant_b,asymmetric_b,"[0.04689971371093986,0.8088393294407796,0.14426095684828052]",0.04689971371093986,3.059743707792887,0.5269727267029053,0.005269727267029026,0.005269727267029053,-2.688821387764051e-17,-2.688821387764051e-13,-5.102391929440297e-15,0.5269727267029053,0.005269727267029026,0.005269727267029053,-2.688821387764051e-17,-2.688821387764051e-13,-5.102391929440297e-15
T07,target,regular-sensitivity,1,0.03,stress,target_e,dominant_b,asymmetric_b,"[0.04689971371093986,0.8088393294407796,0.14426095684828052]",0.04689971371093986,3.059743707792887,0.5269727267029053,0.015809181801087188,0.015809181801087157,3.122502256758253e-17,3.469446951953614e-14,1.9751194565575342e-15,0.5269727267029053,0.015809181801087188,0.015809181801087157,3.122502256758253e-17,3.469446951953614e-14,1.9751194565575342e-15
T07,target,regular-sensitivity,1,0.1,stress,target_e,dominant_b,asymmetric_b,"[0.04689971371093986,0.8088393294407796,0.14426095684828052]",0.04689971371093986,3.059743707792887,0.5269727267029053,0.05269727267029055,0.052697272670290535,1.3877787807814457e-17,1.3877787807814455e-15,2.6334926087433784e-16,0.5269727267029053,0.05269727267029055,0.052697272670290535,1.3877787807814457e-17,1.3877787807814455e-15,2.6334926087433784e-16
T07,target,regular-sensitivity,5,0.0001,confirmatory,target_e,dominant_b,asymmetric_b,"[0.036128070840845565,0.8410565264023759,0.1228154027567786]",0.036128070840845565,3.32068513018738,2.4907823459035083,0.00024905869106190553,0.00024907823459035085,-1.9543528445315622e-08,-1.954352844531562,-7.846341322218737e-05,2.4907823459035083,0.00024905869106190553,0.00024907823459035085,-1.9543528445315622e-08,-1.954352844531562,-7.846341322218737e-05
T07,target,regular-sensitivity,5,0.0003,confirmatory,target_e,dominant_b,asymmetric_b,"[0.036128070840845565,0.8410565264023759,0.1228154027567786]",0.036128070840845565,3.32068513018738,2.4907823459035083,0.000747058824104925,0.0007472347037710524,-1.7587966612742003e-07,-1.9542185125268896,-0.00023537406017120472,2.4907823459035083,0.000747058824104925,0.0007472347037710524,-1.7587966612742003e-07,-1.9542185125268896,-0.00023537406017120472
T07,target,regular-sensitivity,5,0.001,confirmatory,target_e,dominant_b,asymmetric_b,"[0.036128070840845565,0.8410565264023759,0.1228154027567786]",0.036128070840845565,3.32068513018738,2.4907823459035083,0.0024888285975647323,0.0024907823459035085,-1.9537483387762136e-06,-1.9537483387762138,-0.0007843914350804141,2.4907823459035083,0.0024888285975647323,0.0024907823459035085,-1.9537483387762136e-06,-1.9537483387762138,-0.0007843914350804141
T07,target,regular-sensitivity,5,0.003,extended-local,target_e,dominant_b,asymmetric_b,"[0.036128070840845565,0.8410565264023759,0.1228154027567786]",0.036128070840845565,3.32068513018738,2.4907823459035083,0.007454775392840306,0.0074723470377105255,-1.7571644870219803e-05,-1.952404985579978,-0.0023515563157788816,2.4907823459035083,0.007454775392840306,0.0074723470377105255,-1.7571644870219803e-05,-1.952404985579978,-0.0023515563157788816
T07,target,regular-sensitivity,5,0.01,extended-local,target_e,dominant_b,asymmetric_b,"[0.036128070840845565,0.8410565264023759,0.1228154027567786]",0.036128070840845565,3.32068513018738,2.4907823459035083,0.024713053125294676,0.024907823459035083,-0.0001947703337404072,-1.947703337404072,-0.007819644862215211,2.4907823459035083,0.024713053125294676,0.024907823459035083,-0.0001947703337404072,-1.947703337404072,-0.007819644862215211
T07,target,regular-sensitivity,5,0.03,stress,target_e,dominant_b,asymmetric_b,"[0.036128070840845565,0.8410565264023759,0.1228154027567786]",0.036128070840845565,3.32068513018738,2.4907823459035083,0.07298262576147035,0.07472347037710525,-0.0017408446156348956,-1.934271795149884,-0.023297159605267452,2.4907823459035083,0.07298262576147035,0.07472347037710525,-0.0017408446156348956,-1.934271795149884,-0.023297159605267452
T07,target,regular-sensitivity,5,0.1,stress,target_e,dominant_b,asymmetric_b,"[0.036128070840845565,0.8410565264023759,0.1228154027567786]",0.036128070840845565,3.32068513018738,2.4907823459035083,0.23020503964332048,0.24907823459035083,-0.018873194947030353,-1.887319494703035,-0.07577215639925484,2.4907823459035083,0.23020503964332048,0.24907823459035083,-0.018873194947030353,-1.887319494703035,-0.07577215639925484
T07,target,regular-sensitivity,20,0.0001,confirmatory,target_e,dominant_b,asymmetric_b,"[0.012877771198871672,0.9234266629167607,0.06369556588436769]",0.012877771198871672,4.352252616845559,7.701443790578784,0.0007699681189601154,0.0007701443790578785,-1.7626009776304952e-07,-17.62600977630495,-0.00022886630423592705,7.701443790578784,0.0007699681189601154,0.0007701443790578785,-1.7626009776304952e-07,-17.62600977630495,-0.00022886630423592705
T07,target,regular-sensitivity,20,0.0003,confirmatory,target_e,dominant_b,asymmetric_b,"[0.012877771198871672,0.9234266629167607,0.06369556588436769]",0.012877771198871672,4.352252616845559,7.701443790578784,0.0023088470475173765,0.002310433137173635,-1.586089656258581e-06,-17.623218402873125,-0.0006864901782870258,7.701443790578784,0.0023088470475173765,0.002310433137173635,-1.586089656258581e-06,-17.623218402873125,-0.0006864901782870258
T07,target,regular-sensitivity,20,0.001,confirmatory,target_e,dominant_b,asymmetric_b,"[0.012877771198871672,0.9234266629167607,0.06369556588436769]",0.012877771198871672,4.352252616845559,7.701443790578784,0.007683830356031828,0.007701443790578784,-1.7613434546956235e-05,-17.613434546956235,-0.002287030201856805,7.701443790578784,0.007683830356031828,0.007701443790578784,-1.7613434546956235e-05,-17.613434546956235,-0.002287030201856805
T07,target,regular-sensitivity,20,0.003,extended-local,target_e,dominant_b,asymmetric_b,"[0.012877771198871672,0.9234266629167607,0.06369556588436769]",0.012877771198871672,4.352252616845559,7.701443790578784,0.022946063120967832,0.023104331371736352,-0.00015826825076852014,-17.585361196502237,-0.006850154987048468,7.701443790578784,0.022946063120967832,0.023104331371736352,-0.00015826825076852014,-17.585361196502237,-0.006850154987048468
T07,target,regular-sensitivity,20,0.01,extended-local,target_e,dominant_b,asymmetric_b,"[0.012877771198871672,0.9234266629167607,0.06369556588436769]",0.012877771198871672,4.352252616845559,7.701443790578784,0.07526586353060642,0.07701443790578784,-0.0017485743751814165,-17.485743751814162,-0.02270450090566728,7.701443790578784,0.07526586353060642,0.07701443790578784,-0.0017485743751814165,-17.485743751814162,-0.02270450090566728
T07,target,regular-sensitivity,20,0.03,stress,target_e,dominant_b,asymmetric_b,"[0.012877771198871672,0.9234266629167607,0.06369556588436769]",0.012877771198871672,4.352252616845559,7.701443790578784,0.2155720307430602,0.2310433137173635,-0.015471282974303308,-17.190314415892566,-0.06696269511278483,7.701443790578784,0.2155720307430602,0.2310433137173635,-0.015471282974303308,-17.190314415892566,-0.06696269511278483
T07,target,regular-sensitivity,20,0.1,stress,target_e,dominant_b,asymmetric_b,"[0.012877771198871672,0.9234266629167607,0.06369556588436769]",0.012877771198871672,4.352252616845559,7.701443790578784,0.6095103309301677,0.7701443790578785,-0.16063404812771076,-16.063404812771072,-0.20857653771909004,7.701443790578784,0.6095103309301677,0.7701443790578785,-0.16063404812771076,-16.063404812771072,-0.20857653771909004
T07,target,regular-sensitivity,50,0.0001,confirmatory,target_e,dominant_b,asymmetric_b,"[0.0014454870531591516,0.9834187762785519,0.015135736668288977]",0.0014454870531591516,6.539308953200249,11.430959821312907,0.001142780905383181,0.0011430959821312908,-3.1507674810990136e-07,-31.507674810990135,-0.0002756345512845247,11.430959821312907,0.001142780905383181,0.0011430959821312908,-3.1507674810990136e-07,-31.507674810990135,-0.0002756345512845247
T07,target,regular-sensitivity,50,0.0003,confirmatory,target_e,dominant_b,asymmetric_b,"[0.0014454870531591516,0.9834187762785519,0.015135736668288977]",0.0014454870531591516,6.539308953200249,11.430959821312907,0.0034264521399180966,0.0034292879463938717,-2.8358064757751274e-06,-31.508960841945864,-0.0008269374051126764,11.430959821312907,0.0034264521399180966,0.0034292879463938717,-2.8358064757751274e-06,-31.508960841945864,-0.0008269374051126764
T07,target,regular-sensitivity,50,0.001,confirmatory,target_e,dominant_b,asymmetric_b,"[0.0014454870531591516,0.9834187762785519,0.015135736668288977]",0.0014454870531591516,6.539308953200249,11.430959821312907,0.011399446475251302,0.011430959821312908,-3.1513346061605094e-05,-31.513346061605095,-0.002756841643590487,11.430959821312907,0.011399446475251302,0.011430959821312908,-3.1513346061605094e-05,-31.513346061605095,-0.002756841643590487
T07,target,regular-sensitivity,50,0.003,extended-local,target_e,dominant_b,asymmetric_b,"[0.0014454870531591516,0.9834187762785519,0.015135736668288977]",0.0014454870531591516,6.539308953200249,11.430959821312907,0.03400915553840139,0.03429287946393872,-0.00028372392553732695,-31.52488061525855,-0.008273552118470594,11.430959821312907,0.03400915553840139,0.03429287946393872,-0.00028372392553732695,-31.52488061525855,-0.008273552118470594
T07,target,regular-sensitivity,50,0.01,extended-local,target_e,dominant_b,asymmetric_b,"[0.0014454870531591516,0.9834187762785519,0.015135736668288977]",0.0014454870531591516,6.539308953200249,11.430959821312907,0.11115423793644927,0.11430959821312907,-0.0031553602766798,-31.553602766797997,-0.027603633693092537,11.430959821312907,0.11115423793644927,0.11430959821312907,-0.0031553602766798,-31.553602766797997,-0.027603633693092537
T07,target,regular-sensitivity,50,0.03,stress,target_e,dominant_b,asymmetric_b,"[0.0014454870531591516,0.9834187762785519,0.015135736668288977]",0.0014454870531591516,6.539308953200249,11.430959821312907,0.314546906557703,0.3429287946393872,-0.02838188808168418,-31.53543120187131,-0.08276321068789122,11.430959821312907,0.314546906557703,0.3429287946393872,-0.02838188808168418,-31.53543120187131,-0.08276321068789122
T07,target,regular-sensitivity,50,0.1,stress,target_e,dominant_b,asymmetric_b,"[0.0014454870531591516,0.9834187762785519,0.015135736668288977]",0.0014454870531591516,6.539308953200249,11.430959821312907,0.8392755274665455,1.1430959821312907,-0.30382045466474517,-30.382045466474512,-0.26578735243061136,11.430959821312907,0.8392755274665455,1.1430959821312907,-0.30382045466474517,-30.382045466474512,-0.26578735243061136
T08,target,regular-sensitivity,1,0.0001,confirmatory,target_f,weak,uniform_off_diagonal,"[0.1510904165069194,0.25056141651800806,0.5983481669750724]",0.1510904165069194,1.8898768365532723,0.7950445009252174,7.950445009247131e-05,7.950445009252174e-05,-5.0428953547732025e-17,-5.0428953547732025e-09,-6.342909546452598e-13,0.7950445009252174,7.950445009247131e-05,7.950445009252174e-05,-5.0428953547732025e-17,-5.0428953547732025e-09,-6.342909546452598e-13
T08,target,regular-sensitivity,1,0.0003,confirmatory,target_f,weak,uniform_off_diagonal,"[0.1510904165069194,0.25056141651800806,0.5983481669750724]",0.1510904165069194,1.8898768365532723,0.7950445009252174,0.00023851335027758047,0.00023851335027756518,1.5287250632045613e-17,1.698583403560624e-10,6.409389920629339e-14,0.7950445009252174,0.00023851335027758047,0.00023851335027756518,1.5287250632045613e-17,1.698583403560624e-10,6.409389920629339e-14
T08,target,regular-sensitivity,1,0.001,confirmatory,target_f,weak,uniform_off_diagonal,"[0.1510904165069194,0.25056141651800806,0.5983481669750724]",0.1510904165069194,1.8898768365532723,0.7950445009252174,0.0007950445009252127,0.0007950445009252174,-4.662069341687669e-18,-4.662069341687669e-12,-5.863909927384288e-15,0.7950445009252174,0.0007950445009252127,0.0007950445009252174,-4.662069341687669e-18,-4.662069341687669e-12,-5.863909927384288e-15
T08,target,regular-sensitivity,1,0.003,extended-local,target_f,weak,uniform_off_diagonal,"[0.1510904165069194,0.25056141651800806,0.5983481669750724]",0.1510904165069194,1.8898768365532723,0.7950445009252174,0.0023851335027756937,0.002385133502775652,4.163336342344337e-17,4.625929269271485e-12,1.7455359783841602e-14,0.7950445009252174,0.0023851335027756937,0.002385133502775652,4.163336342344337e-17,4.625929269271485e-12,1.7455359783841602e-14
T08,target,regular-sensitivity,1,0.01,extended-local,target_f,weak,uniform_off_diagonal,"[0.1510904165069194,0.25056141651800806,0.5983481669750724]",0.1510904165069194,1.8898768365532723,0.7950445009252174,0.007950445009252183,0.007950445009252174,8.673617379884035e-18,8.673617379884035e-14,1.0909599864901002e-15,0.7950445009252174,0.007950445009252183,0.007950445009252174,8.673617379884035e-18,8.673617379884035e-14,1.0909599864901002e-15
T08,target,regular-sensitivity,1,0.03,stress,target_f,weak,uniform_off_diagonal,"[0.1510904165069194,0.25056141651800806,0.5983481669750724]",0.1510904165069194,1.8898768365532723,0.7950445009252174,0.023851335027756493,0.02385133502775652,-2.7755575615628914e-17,-3.0839528461809903e-14,-1.1636906522561068e-15,0.7950445009252174,0.023851335027756493,0.02385133502775652,-2.7755575615628914e-17,-3.0839528461809903e-14,-1.1636906522561068e-15
T08,target,regular-sensitivity,1,0.1,stress,target_f,weak,uniform_off_diagonal,"[0.1510904165069194,0.25056141651800806,0.5983481669750724]",0.1510904165069194,1.8898768365532723,0.7950445009252174,0.07950445009252172,0.07950445009252174,-2.7755575615628914e-17,-2.775557561562891e-15,-3.49107195676832e-16,0.7950445009252174,0.07950445009252172,0.07950445009252174,-2.7755575615628914e-17,-2.775557561562891e-15,-3.49107195676832e-16
T08,target,regular-sensitivity,5,0.0001,confirmatory,target_f,weak,uniform_off_diagonal,"[0.15551049370710043,0.25278487656159115,0.5917046297313083]",0.15551049370710043,1.861042065992819,3.943095573075518,0.0003941894686646519,0.00039430955730755185,-1.2008864289997844e-07,-12.008864289997843,-0.000304554228205816,3.943095573075518,0.0003941894686646519,0.00039430955730755185,-1.2008864289997844e-07,-12.008864289997843,-0.000304554228205816
T08,target,regular-sensitivity,5,0.0003,confirmatory,target_f,weak,uniform_off_diagonal,"[0.15551049370710043,0.25278487656159115,0.5917046297313083]",0.15551049370710043,1.861042065992819,3.943095573075518,0.001181848206237457,0.0011829286719226553,-1.0804656851983938e-06,-12.005174279982155,-0.0009133819399628509,3.943095573075518,0.001181848206237457,0.0011829286719226553,-1.0804656851983938e-06,-12.005174279982155,-0.0009133819399628509
T08,target,regular-sensitivity,5,0.001,confirmatory,target_f,weak,uniform_off_diagonal,"[0.15551049370710043,0.25278487656159115,0.5917046297313083]",0.15551049370710043,1.861042065992819,3.943095573075518,0.0039311033045227595,0.003943095573075518,-1.1992268552758756e-05,-11.992268552758757,-0.003041333472778363,3.943095573075518,0.0039311033045227595,0.003943095573075518,-1.1992268552758756e-05,-11.992268552758757,-0.003041333472778363
T08,target,regular-sensitivity,5,0.003,extended-local,target_f,weak,uniform_off_diagonal,"[0.15551049370710043,0.25278487656159115,0.5917046297313083]",0.15551049370710043,1.861042065992819,3.943095573075518,0.01172168744664076,0.011829286719226555,-0.0001075992725857941,-11.9554747317549,-0.009096006812558633,3.943095573075518,0.01172168744664076,0.011829286719226555,-0.0001075992725857941,-11.9554747317549,-0.009096006812558633
T08,target,regular-sensitivity,5,0.01,extended-local,target_f,weak,uniform_off_diagonal,"[0.15551049370710043,0.25278487656159115,0.5917046297313083]",0.15551049370710043,1.861042065992819,3.943095573075518,0.03824819349696043,0.03943095573075518,-0.0011827622337947513,-11.827622337947513,-0.02999577899838288,3.943095573075518,0.03824819349696043,0.03943095573075518,-0.0011827622337947513,-11.827622337947513,-0.02999577899838288
T08,target,regular-sensitivity,5,0.03,stress,target_f,weak,uniform_off_diagonal,"[0.15551049370710043,0.25278487656159115,0.5917046297313083]",0.15551049370710043,1.861042065992819,3.943095573075518,0.10796970992546023,0.11829286719226555,-0.010323157266805313,-11.470174740894793,-0.08726779147238628,3.943095573075518,0.10796970992546023,0.11829286719226555,-0.010323157266805313,-11.470174740894793,-0.08726779147238628
T08,target,regular-sensitivity,5,0.1,stress,target_f,weak,uniform_off_diagonal,"[0.15551049370710043,0.25278487656159115,0.5917046297313083]",0.15551049370710043,1.861042065992819,3.943095573075518,0.291238149720611,0.39430955730755185,-0.10307140758694083,-10.30714075869408,-0.261397183194694,3.943095573075518,0.291238149720611,0.39430955730755185,-0.10307140758694083,-10.30714075869408,-0.261397183194694
T08,target,regular-sensitivity,20,0.0001,confirmatory,target_f,weak,uniform_off_diagonal,"[0.17292106672119276,0.2607757525600465,0.5663031807187607]",0.17292106672119276,1.754920050330621,15.23653145232657,0.0015213535015910218,0.001523653145232657,-2.2996436416353096e-06,-229.96436416353097,-0.001509296028975257,15.23653145232657,0.0015213535015910218,0.001523653145232657,-2.2996436416353096e-06,-229.96436416353097,-0.001509296028975257
T08,target,regular-sensitivity,20,0.0003,confirmatory,target_f,weak,uniform_off_diagonal,"[0.17292106672119276,0.2607757525600465,0.5663031807187607]",0.17292106672119276,1.754920050330621,15.23653145232657,0.004550302713896726,0.004570959435697971,-2.0656721801245483e-05,-229.51913112494984,-0.004519121661837996,15.23653145232657,0.004550302713896726,0.004570959435697971,-2.0656721801245483e-05,-229.51913112494984,-0.004519121661837996
T08,target,regular-sensitivity,20,0.001,confirmatory,target_f,weak,uniform_off_diagonal,"[0.17292106672119276,0.2607757525600465,0.5663031807187607]",0.17292106672119276,1.754920050330621,15.23653145232657,0.015008560583982922,0.015236531452326571,-0.00022797086834364967,-227.97086834364967,-0.014962123699671766,15.23653145232657,0.015008560583982922,0.015236531452326571,-0.00022797086834364967,-227.97086834364967,-0.014962123699671766
T08,target,regular-sensitivity,20,0.003,extended-local,target_f,weak,uniform_off_diagonal,"[0.17292106672119276,0.2607757525600465,0.5663031807187607]",0.17292106672119276,1.754920050330621,15.23653145232657,0.043696906679698444,0.04570959435697971,-0.002012687677281265,-223.63196414236276,-0.0440320616622128,15.23653145232657,0.043696906679698444,0.04570959435697971,-0.002012687677281265,-223.63196414236276,-0.0440320616622128
T08,target,regular-sensitivity,20,0.01,extended-local,target_f,weak,uniform_off_diagonal,"[0.17292106672119276,0.2607757525600465,0.5663031807187607]",0.17292106672119276,1.754920050330621,15.23653145232657,0.1314273344126355,0.1523653145232657,-0.020937980110630222,-209.3798011063022,-0.13741959694791991,15.23653145232657,0.1314273344126355,0.1523653145232657,-0.020937980110630222,-209.3798011063022,-0.13741959694791991
T08,target,regular-sensitivity,20,0.03,stress,target_f,weak,uniform_off_diagonal,"[0.17292106672119276,0.2607757525600465,0.5663031807187607]",0.17292106672119276,1.754920050330621,15.23653145232657,0.29917429328124634,0.4570959435697971,-0.15792165028855076,-175.46850032061195,-0.34548906528293577,15.23653145232657,0.29917429328124634,0.4570959435697971,-0.15792165028855076,-175.46850032061195,-0.34548906528293577
T08,target,regular-sensitivity,20,0.1,stress,target_f,weak,uniform_off_diagonal,"[0.17292106672119276,0.2607757525600465,0.5663031807187607]",0.17292106672119276,1.754920050330621,15.23653145232657,0.46389365983305997,1.5236531452326572,-1.059759485399597,-105.97594853995969,-0.6955385408519438,15.23653145232657,0.46389365983305997,1.5236531452326572,-1.059759485399597,-105.97594853995969,-0.6955385408519438
T08,target,regular-sensitivity,50,0.0001,confirmatory,target_f,weak,uniform_off_diagonal,"[0.21167945885004208,0.2747602138542399,0.513560327295718]",0.21167945885004208,1.5526821350716973,34.78624193406296,0.003463913231100346,0.003478624193406296,-1.471096230594958e-05,-1471.096230594958,-0.004228959924395998,34.78624193406296,0.003463913231100346,0.003478624193406296,-1.471096230594958e-05,-1471.096230594958,-0.004228959924395998
T08,target,regular-sensitivity,50,0.0003,confirmatory,target_f,weak,uniform_off_diagonal,"[0.21167945885004208,0.2747602138542399,0.513560327295718]",0.21167945885004208,1.5526821350716973,34.78624193406296,0.010304222276758424,0.010435872580218886,-0.00013165030346046214,-1462.7811495606907,-0.012615169689787537,34.78624193406296,0.010304222276758424,0.010435872580218886,-0.00013165030346046214,-1462.7811495606907,-0.012615169689787537
T08,target,regular-sensitivity,50,0.001,confirmatory,target_f,weak,uniform_off_diagonal,"[0.21167945885004208,0.2747602138542399,0.513560327295718]",0.21167945885004208,1.5526821350716973,34.78624193406296,0.03335198062113923,0.034786241934062954,-0.0014342613129237278,-1434.261312923728,-0.04123070596824913,34.78624193406296,0.03335198062113923,0.034786241934062954,-0.0014342613129237278,-1434.261312923728,-0.04123070596824913
T08,target,regular-sensitivity,50,0.003,extended-local,target_f,weak,uniform_off_diagonal,"[0.21167945885004208,0.2747602138542399,0.513560327295718]",0.21167945885004208,1.5526821350716973,34.78624193406296,0.09214126980626672,0.10435872580218887,-0.012217455995922152,-1357.495110658017,-0.11707172449652406,34.78624193406296,0.09214126980626672,0.10435872580218887,-0.012217455995922152,-1357.495110658017,-0.11707172449652406
T08,target,regular-sensitivity,50,0.01,extended-local,target_f,weak,uniform_off_diagonal,"[0.21167945885004208,0.2747602138542399,0.513560327295718]",0.21167945885004208,1.5526821350716973,34.78624193406296,0.2343837134578975,0.34786241934062956,-0.11347870588273207,-1134.7870588273206,-0.32621720419765393,34.78624193406296,0.2343837134578975,0.34786241934062956,-0.11347870588273207,-1134.7870588273206,-0.32621720419765393
T08,target,regular-sensitivity,50,0.03,stress,target_f,weak,uniform_off_diagonal,"[0.21167945885004208,0.2747602138542399,0.513560327295718]",0.21167945885004208,1.5526821350716973,34.78624193406296,0.3729791351547616,1.0435872580218888,-0.6706081228671272,-745.1201365190303,-0.6425989946813451,34.78624193406296,0.3757744493739765,1.0435872580218888,-0.6678128086479123,-742.0142318310136,-0.6399204316788478
T08,target,regular-sensitivity,50,0.1,stress,target_f,weak,uniform_off_diagonal,"[0.21167945885004208,0.2747602138542399,0.513560327295718]",0.21167945885004208,1.5526821350716973,34.78624193406296,0.3789948112962716,3.478624193406296,-3.0996293821100243,-309.9629382110024,-0.8910503721515382,34.78624193406296,0.46389365983305997,3.478624193406296,-3.014730533573236,-301.4730533573235,-0.8666445025270719
T09,target,regular-sensitivity,1,0.0001,confirmatory,target_g,dominant_c,forward_cycle,"[0.4367206566777759,0.04673854429060058,0.5165407990316236]",0.04673854429060058,3.063186095187403,0.23490112737051153,2.3490112736994362e-05,2.3490112737051154e-05,-5.679186504750633e-17,-5.679186504750633e-09,-2.417692315198132e-12,0.23490112737051153,2.3490112736994362e-05,2.3490112737051154e-05,-5.679186504750633e-17,-5.679186504750633e-09,-2.417692315198132e-12
T09,target,regular-sensitivity,1,0.0003,confirmatory,target_g,dominant_c,forward_cycle,"[0.4367206566777759,0.04673854429060058,0.5165407990316236]",0.04673854429060058,3.063186095187403,0.23490112737051153,7.047033821108717e-05,7.047033821115345e-05,-6.628541032033253e-17,-7.365045591148059e-10,-9.406143350939875e-13,0.23490112737051153,7.047033821108717e-05,7.047033821115345e-05,-6.628541032033253e-17,-7.365045591148059e-10,-9.406143350939875e-13
T09,target,regular-sensitivity,1,0.001,confirmatory,target_g,dominant_c,forward_cycle,"[0.4367206566777759,0.04673854429060058,0.5165407990316236]",0.04673854429060058,3.063186095187403,0.23490112737051153,0.00023490112737056812,0.00023490112737051152,5.659535340374333e-17,5.659535340374333e-11,2.409326597844505e-13,0.23490112737051153,0.00023490112737056812,0.00023490112737051152,5.659535340374333e-17,5.659535340374333e-11,2.409326597844505e-13
T09,target,regular-sensitivity,1,0.003,extended-local,target_g,dominant_c,forward_cycle,"[0.4367206566777759,0.04673854429060058,0.5165407990316236]",0.04673854429060058,3.063186095187403,0.23490112737051153,0.0007047033821115448,0.0007047033821115346,1.0191500421363742e-17,1.1323889357070824e-12,1.446211367799384e-14,0.23490112737051153,0.0007047033821115448,0.0007047033821115346,1.0191500421363742e-17,1.1323889357070824e-12,1.446211367799384e-14
T09,target,regular-sensitivity,1,0.01,extended-local,target_g,dominant_c,forward_cycle,"[0.4367206566777759,0.04673854429060058,0.5165407990316236]",0.04673854429060058,3.063186095187403,0.23490112737051153,0.0023490112737052093,0.0023490112737051152,9.410874857174178e-17,9.410874857174178e-13,4.0063131933506333e-14,0.23490112737051153,0.0023490112737052093,0.0023490112737051152,9.410874857174178e-17,9.410874857174178e-13,4.0063131933506333e-14
T09,target,regular-sensitivity,1,0.03,stress,target_g,dominant_c,forward_cycle,"[0.4367206566777759,0.04673854429060058,0.5165407990316236]",0.04673854429060058,3.063186095187403,0.23490112737051153,0.007047033821115392,0.007047033821115345,4.683753385137379e-17,5.204170427930421e-14,6.64641820095036e-15,0.23490112737051153,0.007047033821115392,0.007047033821115345,4.683753385137379e-17,5.204170427930421e-14,6.64641820095036e-15
T09,target,regular-sensitivity,1,0.1,stress,target_g,dominant_c,forward_cycle,"[0.4367206566777759,0.04673854429060058,0.5165407990316236]",0.04673854429060058,3.063186095187403,0.23490112737051153,0.0234901127370511,0.023490112737051153,-5.204170427930421e-17,-5.2041704279304205e-15,-2.2154727336501197e-15,0.23490112737051153,0.0234901127370511,0.023490112737051153,-5.204170427930421e-17,-5.2041704279304205e-15,-2.2154727336501197e-15
T09,target,regular-sensitivity,5,0.0001,confirmatory,target_g,dominant_c,forward_cycle,"[0.3830209611643191,0.03528172551985163,0.5816973133158293]",0.03528172551985163,3.3443901397467206,1.2214178726325686,0.00012213260681891852,0.00012214178726325687,-9.180444338351178e-09,-0.9180444338351178,-7.516219095897308e-05,1.2214178726325686,0.00012213260681891852,0.00012214178726325687,-9.180444338351178e-09,-0.9180444338351178,-7.516219095897308e-05
T09,target,regular-sensitivity,5,0.0003,confirmatory,target_g,dominant_c,forward_cycle,"[0.3830209611643191,0.03528172551985163,0.5816973133158293]",0.03528172551985163,3.3443901397467206,1.2214178726325686,0.0003663427414633408,0.00036642536178977054,-8.262032642975328e-08,-0.9180036269972588,-0.00022547655005702115,1.2214178726325686,0.0003663427414633408,0.00036642536178977054,-8.262032642975328e-08,-0.9180036269972588,-0.00022547655005702115
T09,target,regular-sensitivity,5,0.001,confirmatory,target_g,dominant_c,forward_cycle,"[0.3830209611643191,0.03528172551985163,0.5816973133158293]",0.03528172551985163,3.3443901397467206,1.2214178726325686,0.0012205000117965284,0.0012214178726325687,-9.17860836040273e-07,-0.917860836040273,-0.0007514715942889982,1.2214178726325686,0.0012205000117965284,0.0012214178726325687,-9.17860836040273e-07,-0.917860836040273,-0.0007514715942889982
T09,target,regular-sensitivity,5,0.003,extended-local,target_g,dominant_c,forward_cycle,"[0.3830209611643191,0.03528172551985163,0.5816973133158293]",0.03528172551985163,3.3443901397467206,1.2214178726325686,0.0036559965434567743,0.003664253617897706,-8.257074440931513e-06,-0.917452715659057,-0.0022534123731503194,1.2214178726325686,0.0036559965434567743,0.003664253617897706,-8.257074440931513e-06,-0.917452715659057,-0.0022534123731503194
T09,target,regular-sensitivity,5,0.01,extended-local,target_g,dominant_c,forward_cycle,"[0.3830209611643191,0.03528172551985163,0.5816973133158293]",0.03528172551985163,3.3443901397467206,1.2214178726325686,0.012122576469492635,0.012214178726325686,-9.160225683305101e-05,-0.9160225683305101,-0.007499665666068662,1.2214178726325686,0.012122576469492635,0.012214178726325686,-9.160225683305101e-05,-0.9160225683305101,-0.007499665666068662
T09,target,regular-sensitivity,5,0.03,stress,target_g,dominant_c,forward_cycle,"[0.3830209611643191,0.03528172551985163,0.5816973133158293]",0.03528172551985163,3.3443901397467206,1.2214178726325686,0.03582180655910231,0.03664253617897706,-0.000820729619874748,-0.9119217998608311,-0.022398275486881433,1.2214178726325686,0.03582180655910231,0.03664253617897706,-0.000820729619874748,-0.9119217998608311,-0.022398275486881433
T09,target,regular-sensitivity,5,0.1,stress,target_g,dominant_c,forward_cycle,"[0.3830209611643191,0.03528172551985163,0.5816973133158293]",0.03528172551985163,3.3443901397467206,1.2214178726325686,0.11316773928564428,0.12214178726325686,-0.008974047977612587,-0.8974047977612585,-0.07347238139123081,1.2214178726325686,0.11316773928564428,0.12214178726325686,-0.008974047977612587,-0.8974047977612585,-0.07347238139123081
T09,target,regular-sensitivity,20,0.0001,confirmatory,target_g,dominant_c,forward_cycle,"[0.20281326275634193,0.01064468908648563,0.7865420481571724]",0.01064468908648563,4.542694188532885,4.717127327704444,0.00047162285550588975,0.00047171273277044437,-8.987726455461122e-08,-8.987726455461122,-0.00019053389554856334,4.717127327704444,0.00047162285550588975,0.00047171273277044437,-8.987726455461122e-08,-8.987726455461122,-0.00019053389554856334
T09,target,regular-sensitivity,20,0.0003,confirmatory,target_g,dominant_c,forward_cycle,"[0.20281326275634193,0.01064468908648563,0.7865420481571724]",0.01064468908648563,4.542694188532885,4.717127327704444,0.0014143293055904217,0.0014151381983113329,-8.088927209112286e-07,-8.987696899013653,-0.0005715998069138904,4.717127327704444,0.0014143293055904217,0.0014151381983113329,-8.088927209112286e-07,-8.987696899013653,-0.0005715998069138904
T09,target,regular-sensitivity,20,0.001,confirmatory,target_g,dominant_c,forward_cycle,"[0.20281326275634193,0.01064468908648563,0.7865420481571724]",0.01064468908648563,4.542694188532885,4.717127327704444,0.0047081397465509964,0.004717127327704444,-8.987581153447645e-06,-8.987581153447646,-0.0019053081524134704,4.717127327704444,0.0047081397465509964,0.004717127327704444,-8.987581153447645e-06,-8.987581153447646,-0.0019053081524134704
T09,target,regular-sensitivity,20,0.003,extended-local,target_g,dominant_c,forward_cycle,"[0.20281326275634193,0.01064468908648563,0.7865420481571724]",0.01064468908648563,4.542694188532885,4.717127327704444,0.014070497681168385,0.014151381983113331,-8.08843019449463e-05,-8.987144660549587,-0.005715646856361062,4.717127327704444,0.014070497681168385,0.014151381983113331,-8.08843019449463e-05,-8.987144660549587,-0.005715646856361062
T09,target,regular-sensitivity,20,0.01,extended-local,target_g,dominant_c,forward_cycle,"[0.20281326275634193,0.01064468908648563,0.7865420481571724]",0.01064468908648563,4.542694188532885,4.717127327704444,0.04627283471778912,0.047171273277044436,-0.0008984385592553171,-8.98438559255317,-0.01904630714499996,4.717127327704444,0.04627283471778912,0.047171273277044436,-0.0008984385592553171,-8.98438559255317,-0.01904630714499996
T09,target,regular-sensitivity,20,0.03,stress,target_g,dominant_c,forward_cycle,"[0.20281326275634193,0.01064468908648563,0.7865420481571724]",0.01064468908648563,4.542694188532885,4.717127327704444,0.13344437878824894,0.14151381983113331,-0.008069441042884373,-8.96604560320486,-0.05702228271778358,4.717127327704444,0.13344437878824894,0.14151381983113331,-0.008069441042884373,-8.96604560320486,-0.05702228271778358
T09,target,regular-sensitivity,20,0.1,stress,target_g,dominant_c,forward_cycle,"[0.20281326275634193,0.01064468908648563,0.7865420481571724]",0.01064468908648563,4.542694188532885,4.717127327704444,0.3838500438313621,0.4717127327704444,-0.08786268893908228,-8.786268893908225,-0.18626312760957425,4.717127327704444,0.3838500438313621,0.4717127327704444,-0.08786268893908228,-8.786268893908225,-0.18626312760957425
T09,target,regular-sensitivity,50,0.0001,confirmatory,target_g,dominant_c,forward_cycle,"[0.03801441327342834,0.000647744343019554,0.9613378423835521]",0.000647744343019554,7.342014471837606,7.694484913404585,0.0007693199430465896,0.0007694484913404585,-1.2854829386892141e-07,-12.854829386892142,-0.00016706549602167267,7.694484913404585,0.0007693199430465896,0.0007694484913404585,-1.2854829386892141e-07,-12.854829386892142,-0.00016706549602167267
T09,target,regular-sensitivity,50,0.0003,confirmatory,target_g,dominant_c,forward_cycle,"[0.03801441327342834,0.000647744343019554,0.9613378423835521]",0.000647744343019554,7.342014471837606,7.694484913404585,0.002307187994723799,0.0023083454740213754,-1.1574792975763484e-06,-12.860881084181651,-0.0005014324374764841,7.694484913404585,0.002307187994723799,0.0023083454740213754,-1.1574792975763484e-06,-12.860881084181651,-0.0005014324374764841
T09,target,regular-sensitivity,50,0.001,confirmatory,target_g,dominant_c,forward_cycle,"[0.03801441327342834,0.000647744343019554,0.9613378423835521]",0.000647744343019554,7.342014471837606,7.694484913404585,0.007681602873650604,0.007694484913404585,-1.2882039753981007e-05,-12.882039753981008,-0.0016741913070151282,7.694484913404585,0.007681602873650604,0.007694484913404585,-1.2882039753981007e-05,-12.882039753981008,-0.0016741913070151282
T09,target,regular-sensitivity,50,0.003,extended-local,target_g,dominant_c,forward_cycle,"[0.03801441327342834,0.000647744343019554,0.9613378423835521]",0.000647744343019554,7.342014471837606,7.694484913404585,0.02296697408260264,0.023083454740213755,-0.00011648065761111354,-12.942295290123726,-0.00504606693070913,7.694484913404585,0.02296697408260264,0.023083454740213755,-0.00011648065761111354,-12.942295290123726,-0.00504606693070913
T09,target,regular-sensitivity,50,0.01,extended-local,target_g,dominant_c,forward_cycle,"[0.03801441327342834,0.000647744343019554,0.9613378423835521]",0.000647744343019554,7.342014471837606,7.694484913404585,0.0756297856649292,0.07694484913404585,-0.0013150634691166535,-13.150634691166534,-0.017090987686851883,7.694484913404585,0.0756297856649292,0.07694484913404585,-0.0013150634691166535,-13.150634691166534,-0.017090987686851883
T09,target,regular-sensitivity,50,0.03,stress,target_g,dominant_c,forward_cycle,"[0.03801441327342834,0.000647744343019554,0.9613378423835521]",0.000647744343019554,7.342014471837606,7.694484913404585,0.21848870033976575,0.23083454740213755,-0.012345847062371795,-13.717607847079773,-0.05348353269176844,7.694484913404585,0.21848870033976575,0.23083454740213755,-0.012345847062371795,-13.717607847079773,-0.05348353269176844
T09,target,regular-sensitivity,50,0.1,stress,target_g,dominant_c,forward_cycle,"[0.03801441327342834,0.000647744343019554,0.9613378423835521]",0.000647744343019554,7.342014471837606,7.694484913404585,0.6179800150289394,0.7694484913404586,-0.15146847631151916,-15.146847631151914,-0.19685330209387436,7.694484913404585,0.6179800150289394,0.7694484913404586,-0.15146847631151916,-15.146847631151914,-0.19685330209387436
T10,target,regular-sensitivity,1,0.0001,confirmatory,target_h,tie_bc,asymmetric_a,"[0.11635287901180935,0.6828182298545109,0.2008288911336797]",0.11635287901180935,2.1511276451325023,0.3711829419533299,3.711829419535129e-05,3.711829419533299e-05,1.8295911660692887e-17,1.8295911660692887e-09,4.929082022037881e-13,0.3711829419533299,3.711829419535129e-05,3.711829419533299e-05,1.8295911660692887e-17,1.8295911660692887e-09,4.929082022037881e-13
T10,target,regular-sensitivity,1,0.0003,confirmatory,target_h,tie_bc,asymmetric_a,"[0.11635287901180935,0.6828182298545109,0.2008288911336797]",0.11635287901180935,2.1511276451325023,0.3711829419533299,0.00011135488258598447,0.00011135488258599896,-1.4487651529837553e-17,-1.6097390588708396e-10,-1.3010342423601222e-13,0.3711829419533299,0.00011135488258598447,0.00011135488258599896,-1.4487651529837553e-17,-1.6097390588708396e-10,-1.3010342423601222e-13
T10,target,regular-sensitivity,1,0.001,confirmatory,target_h,tie_bc,asymmetric_a,"[0.11635287901180935,0.6828182298545109,0.2008288911336797]",0.11635287901180935,2.1511276451325023,0.3711829419533299,0.0003711829419532908,0.0003711829419533299,-3.9085488318102435e-17,-3.9085488318102435e-11,-1.0529979667820183e-13,0.3711829419533299,0.0003711829419532908,0.0003711829419533299,-3.9085488318102435e-17,-3.9085488318102435e-11,-1.0529979667820183e-13
T10,target,regular-sensitivity,1,0.003,extended-local,target_h,tie_bc,asymmetric_a,"[0.11635287901180935,0.6828182298545109,0.2008288911336797]",0.11635287901180935,2.1511276451325023,0.3711829419533299,0.0011135488258599835,0.0011135488258599898,-6.288372600415926e-18,-6.987080667128806e-13,-5.647145822779201e-15,0.3711829419533299,0.0011135488258599835,0.0011135488258599898,-6.288372600415926e-18,-6.987080667128806e-13,-5.647145822779201e-15
T10,target,regular-sensitivity,1,0.01,extended-local,target_h,tie_bc,asymmetric_a,"[0.11635287901180935,0.6828182298545109,0.2008288911336797]",0.11635287901180935,2.1511276451325023,0.3711829419533299,0.003711829419533297,0.003711829419533299,-2.168404344971009e-18,-2.168404344971009e-14,-5.841874989081933e-16,0.3711829419533299,0.003711829419533297,0.003711829419533299,-2.168404344971009e-18,-2.168404344971009e-14,-5.841874989081933e-16
T10,target,regular-sensitivity,1,0.03,stress,target_h,tie_bc,asymmetric_a,"[0.11635287901180935,0.6828182298545109,0.2008288911336797]",0.11635287901180935,2.1511276451325023,0.3711829419533299,0.011135488258600001,0.011135488258599897,1.0408340855860843e-16,1.1564823173178715e-13,9.346999982531093e-15,0.3711829419533299,0.011135488258600001,0.011135488258599897,1.0408340855860843e-16,1.1564823173178715e-13,9.346999982531093e-15
T10,target,regular-sensitivity,1,0.1,stress,target_h,tie_bc,asymmetric_a,"[0.11635287901180935,0.6828182298545109,0.2008288911336797]",0.11635287901180935,2.1511276451325023,0.3711829419533299,0.037118294195332996,0.03711829419533299,6.938893903907228e-18,6.938893903907227e-16,1.8693999965062185e-16,0.3711829419533299,0.037118294195332996,0.03711829419533299,6.938893903907228e-18,6.938893903907227e-16,1.8693999965062185e-16
T10,target,regular-sensitivity,5,0.0001,confirmatory,target_h,tie_bc,asymmetric_a,"[0.10271363688508423,0.6933576442251621,0.2039287188897536]",0.10271363688508423,2.275810387171418,1.8765684041839248,0.0001876378098943643,0.00018765684041839248,-1.903052402818452e-08,-1.903052402818452,-0.0001014112994003032,1.8765684041839248,0.0001876378098943643,0.00018765684041839248,-1.903052402818452e-08,-1.903052402818452,-0.0001014112994003032
T10,target,regular-sensitivity,5,0.0003,confirmatory,target_h,tie_bc,asymmetric_a,"[0.10271363688508423,0.6933576442251621,0.2039287188897536]",0.10271363688508423,2.275810387171418,1.8765684041839248,0.0005627992633891049,0.0005629705212551774,-1.7125786607244398e-07,-1.902865178582711,-0.00030420396735980783,1.8765684041839248,0.0005627992633891049,0.0005629705212551774,-1.7125786607244398e-07,-1.902865178582711,-0.00030420396735980783
T10,target,regular-sensitivity,5,0.001,confirmatory,target_h,tie_bc,asymmetric_a,"[0.10271363688508423,0.6933576442251621,0.2039287188897536]",0.10271363688508423,2.275810387171418,1.8765684041839248,0.0018746661941524273,0.0018765684041839247,-1.9022100314974259e-06,-1.902210031497426,-0.0010136641047863385,1.8765684041839248,0.0018746661941524273,0.0018765684041839247,-1.9022100314974259e-06,-1.902210031497426,-0.0010136641047863385
T10,target,regular-sensitivity,5,0.003,extended-local,target_h,tie_bc,asymmetric_a,"[0.10271363688508423,0.6933576442251621,0.2039287188897536]",0.10271363688508423,2.275810387171418,1.8765684041839248,0.005612602157800836,0.005629705212551774,-1.710305475093824e-05,-1.9003394167709158,-0.0030380018322817203,1.8765684041839248,0.005612602157800836,0.005629705212551774,-1.710305475093824e-05,-1.9003394167709158,-0.0030380018322817203
T10,target,regular-sensitivity,5,0.01,extended-local,target_h,tie_bc,asymmetric_a,"[0.10271363688508423,0.6933576442251621,0.2039287188897536]",0.10271363688508423,2.275810387171418,1.8765684041839248,0.018576303379433126,0.01876568404183925,-0.00018938066240612242,-1.8938066240612241,-0.010091860333142483,1.8765684041839248,0.018576303379433126,0.01876568404183925,-0.00018938066240612242,-1.8938066240612241,-0.010091860333142483
T10,target,regular-sensitivity,5,0.03,stress,target_h,tie_bc,asymmetric_a,"[0.10271363688508423,0.6933576442251621,0.2039287188897536]",0.10271363688508423,2.275810387171418,1.8765684041839248,0.054609314431955436,0.05629705212551774,-0.0016877376935623065,-1.8752641039581184,-0.02997914863818076,1.8765684041839248,0.054609314431955436,0.05629705212551774,-0.0016877376935623065,-1.8752641039581184,-0.02997914863818076
T10,target,regular-sensitivity,5,0.1,stress,target_h,tie_bc,asymmetric_a,"[0.10271363688508423,0.6933576442251621,0.2039287188897536]",0.10271363688508423,2.275810387171418,1.8765684041839248,0.16953906161663912,0.18765684041839248,-0.01811777880175336,-1.8117778801753355,-0.09654739343025628,1.8765684041839248,0.16953906161663912,0.18765684041839248,-0.01811777880175336,-1.8117778801753355,-0.09654739343025628
T10,target,regular-sensitivity,20,0.0001,confirmatory,target_h,tie_bc,asymmetric_a,"[0.06342151519134591,0.7237197382612327,0.2128587465474214]",0.06342151519134591,2.7579521187769154,7.671865557905107,0.0007668213000796426,0.0007671865557905107,-3.6525571086817085e-07,-36.52557108681708,-0.00047609764288923255,7.671865557905107,0.0007668213000796426,0.0007671865557905107,-3.6525571086817085e-07,-36.52557108681708,-0.00047609764288923255
T10,target,regular-sensitivity,20,0.0003,confirmatory,target_h,tie_bc,asymmetric_a,"[0.06342151519134591,0.7237197382612327,0.2128587465474214]",0.06342151519134591,2.7579521187769154,7.671865557905107,0.0022982743730739497,0.002301559667371532,-3.2852942975824043e-06,-36.50326997313783,-0.0014274208677519686,7.671865557905107,0.0022982743730739497,0.002301559667371532,-3.2852942975824043e-06,-36.50326997313783,-0.0014274208677519686
T10,target,regular-sensitivity,20,0.001,confirmatory,target_h,tie_bc,asymmetric_a,"[0.06342151519134591,0.7237197382612327,0.2128587465474214]",0.06342151519134591,2.7579521187769154,7.671865557905107,0.007635440177138159,0.0076718655579051075,-3.642538076694887e-05,-36.42538076694888,-0.00474791698212387,7.671865557905107,0.007635440177138159,0.0076718655579051075,-3.642538076694887e-05,-36.42538076694888,-0.00474791698212387
T10,target,regular-sensitivity,20,0.003,extended-local,target_h,tie_bc,asymmetric_a,"[0.06342151519134591,0.7237197382612327,0.2128587465474214]",0.06342151519134591,2.7579521187769154,7.671865557905107,0.02268975849264529,0.023015596673715322,-0.0003258381810700324,-36.20424234111471,-0.014157277158152144,7.671865557905107,0.02268975849264529,0.023015596673715322,-0.0003258381810700324,-36.20424234111471,-0.014157277158152144
T10,target,regular-sensitivity,20,0.01,extended-local,target_h,tie_bc,asymmetric_a,"[0.06342151519134591,0.7237197382612327,0.2128587465474214]",0.06342151519134591,2.7579521187769154,7.671865557905107,0.0731740280459867,0.07671865557905108,-0.003544627533064379,-35.446275330643786,-0.046202941205245526,7.671865557905107,0.0731740280459867,0.07671865557905108,-0.003544627533064379,-35.446275330643786,-0.046202941205245526
T10,target,regular-sensitivity,20,0.03,stress,target_h,tie_bc,asymmetric_a,"[0.06342151519134591,0.7237197382612327,0.2128587465474214]",0.06342151519134591,2.7579521187769154,7.671865557905107,0.20008716415982988,0.23015596673715322,-0.030068802577323334,-33.40978064147037,-0.13064533152713367,7.671865557905107,0.20008716415982988,0.23015596673715322,-0.030068802577323334,-33.40978064147037,-0.13064533152713367
T10,target,regular-sensitivity,20,0.1,stress,target_h,tie_bc,asymmetric_a,"[0.06342151519134591,0.7237197382612327,0.2128587465474214]",0.06342151519134591,2.7579521187769154,7.671865557905107,0.4918922687202336,0.7671865557905108,-0.27529428707027714,-27.52942870702771,-0.358836172235335,7.671865557905107,0.4918922687202336,0.7671865557905108,-0.27529428707027714,-27.52942870702771,-0.358836172235335
T10,target,regular-sensitivity,50,0.0001,confirmatory,target_h,tie_bc,asymmetric_a,"[0.023147923300343962,0.7548402410860978,0.22201183561355828]",0.023147923300343962,3.765850208722381,19.07157810845073,0.001904836303009784,0.001907157810845073,-2.321507835289019e-06,-232.15078352890188,-0.0012172604815856036,19.07157810845073,0.001904836303009784,0.001907157810845073,-2.321507835289019e-06,-232.15078352890188,-0.0012172604815856036
T10,target,regular-sensitivity,50,0.0003,confirmatory,target_h,tie_bc,asymmetric_a,"[0.023147923300343962,0.7548402410860978,0.22201183561355828]",0.023147923300343962,3.765850208722381,19.07157810845073,0.005700615769242155,0.005721473432535218,-2.085766329306283e-05,-231.7518143673648,-0.003645505574570269,19.07157810845073,0.005700615769242155,0.005721473432535218,-2.085766329306283e-05,-231.7518143673648,-0.003645505574570269
T10,target,regular-sensitivity,50,0.001,confirmatory,target_h,tie_bc,asymmetric_a,"[0.023147923300343962,0.7548402410860978,0.22201183561355828]",0.023147923300343962,3.765850208722381,19.07157810845073,0.018841213350658,0.01907157810845073,-0.00023036475779272814,-230.36475779272814,-0.012078956260607093,19.07157810845073,0.018841213350658,0.01907157810845073,-0.00023036475779272814,-230.36475779272814,-0.012078956260607093
T10,target,regular-sensitivity,50,0.003,extended-local,target_h,tie_bc,asymmetric_a,"[0.023147923300343962,0.7548402410860978,0.22201183561355828]",0.023147923300343962,3.765850208722381,19.07157810845073,0.05517641397861053,0.05721473432535219,-0.0020383203467416594,-226.48003852685105,-0.03562579413811011,19.07157810845073,0.05517641397861053,0.05721473432535219,-0.0020383203467416594,-226.48003852685105,-0.03562579413811011
T10,target,regular-sensitivity,50,0.01,extended-local,target_h,tie_bc,asymmetric_a,"[0.023147923300343962,0.7548402410860978,0.22201183561355828]",0.023147923300343962,3.765850208722381,19.07157810845073,0.16934229773382575,0.1907157810845073,-0.021373483350681538,-213.73483350681536,-0.11206982048963647,19.07157810845073,0.16934229773382575,0.1907157810845073,-0.021373483350681538,-213.73483350681536,-0.11206982048963647
T10,target,regular-sensitivity,50,0.03,stress,target_h,tie_bc,asymmetric_a,"[0.023147923300343962,0.7548402410860978,0.22201183561355828]",0.023147923300343962,3.765850208722381,19.07157810845073,0.4071543121177824,0.5721473432535219,-0.1649930311357395,-183.32559015082165,-0.2883750717035666,19.07157810845073,0.4071543121177824,0.5721473432535219,-0.1649930311357395,-183.32559015082165,-0.2883750717035666
T10,target,regular-sensitivity,50,0.1,stress,target_h,tie_bc,asymmetric_a,"[0.023147923300343962,0.7548402410860978,0.22201183561355828]",0.023147923300343962,3.765850208722381,19.07157810845073,0.7231328804500632,1.907157810845073,-1.18402493039501,-118.40249303950097,-0.6208321742763182,19.07157810845073,0.7231328804500632,1.907157810845073,-1.18402493039501,-118.40249303950097,-0.6208321742763182
T11,target,regular-sensitivity,1,0.0001,confirmatory,skew_b,reversed,backward_cycle,"[0.04579478409279648,0.14442819864461237,0.8097770172625911]",0.04579478409279648,3.083585078784081,0.38199111658489737,3.819911165848372e-05,3.819911165848974e-05,-6.0173220572945496e-18,-6.01732205729455e-10,-1.5752518307470122e-13,0.38199111658489737,3.819911165848372e-05,3.819911165848974e-05,-6.0173220572945496e-18,-6.01732205729455e-10,-1.5752518307470122e-13
T11,target,regular-sensitivity,1,0.0003,confirmatory,skew_b,reversed,backward_cycle,"[0.04579478409279648,0.14442819864461237,0.8097770172625911]",0.04579478409279648,3.083585078784081,0.38199111658489737,0.0001145973349754581,0.0001145973349754692,-1.1099519740820352e-17,-1.2332799712022616e-10,-9.685670040403927e-14,0.38199111658489737,0.0001145973349754581,0.0001145973349754692,-1.1099519740820352e-17,-1.2332799712022616e-10,-9.685670040403927e-14
T11,target,regular-sensitivity,1,0.001,confirmatory,skew_b,reversed,backward_cycle,"[0.04579478409279648,0.14442819864461237,0.8097770172625911]",0.04579478409279648,3.083585078784081,0.38199111658489737,0.0003819911165849482,0.00038199111658489737,5.084908188957016e-17,5.084908188957016e-11,1.3311587542708986e-13,0.38199111658489737,0.0003819911165849482,0.00038199111658489737,5.084908188957016e-17,5.084908188957016e-11,1.3311587542708986e-13
T11,target,regular-sensitivity,1,0.003,extended-local,skew_b,reversed,backward_cycle,"[0.04579478409279648,0.14442819864461237,0.8097770172625911]",0.04579478409279648,3.083585078784081,0.38199111658489737,0.0011459733497547198,0.0011459733497546922,2.7538735181131813e-17,3.059859464570201e-12,2.4030868769353818e-14,0.38199111658489737,0.0011459733497547198,0.0011459733497546922,2.7538735181131813e-17,3.059859464570201e-12,2.4030868769353818e-14
T11,target,regular-sensitivity,1,0.01,extended-local,skew_b,reversed,backward_cycle,"[0.04579478409279648,0.14442819864461237,0.8097770172625911]",0.04579478409279648,3.083585078784081,0.38199111658489737,0.0038199111658489757,0.003819911165848974,1.734723475976807e-18,1.734723475976807e-14,4.541266539090485e-16,0.38199111658489737,0.0038199111658489757,0.003819911165848974,1.734723475976807e-18,1.734723475976807e-14,4.541266539090485e-16
T11,target,regular-sensitivity,1,0.03,stress,skew_b,reversed,backward_cycle,"[0.04579478409279648,0.14442819864461237,0.8097770172625911]",0.04579478409279648,3.083585078784081,0.38199111658489737,0.011459733497546955,0.01145973349754692,3.469446951953614e-17,3.854941057726238e-14,3.027511026060324e-15,0.38199111658489737,0.011459733497546955,0.01145973349754692,3.469446951953614e-17,3.854941057726238e-14,3.027511026060324e-15
T11,target,regular-sensitivity,1,0.1,stress,skew_b,reversed,backward_cycle,"[0.04579478409279648,0.14442819864461237,0.8097770172625911]",0.04579478409279648,3.083585078784081,0.38199111658489737,0.0381991116584897,0.03819911165848974,-4.163336342344337e-17,-4.163336342344336e-15,-1.0899039693817164e-15,0.38199111658489737,0.0381991116584897,0.03819911165848974,-4.163336342344337e-17,-4.163336342344336e-15,-1.0899039693817164e-15
T11,target,regular-sensitivity,5,0.0001,confirmatory,skew_b,reversed,backward_cycle,"[0.03201883570125102,0.12333899655946556,0.8446421677392834]",0.03201883570125102,3.4414309336845674,1.838767864264389,0.00018386782935611579,0.00018387678642643892,-8.957070323130107e-09,-0.8957070323130106,-4.871234970551022e-05,1.838767864264389,0.00018386782935611579,0.00018387678642643892,-8.957070323130107e-09,-0.8957070323130106,-4.871234970551022e-05
T11,target,regular-sensitivity,5,0.0003,confirmatory,skew_b,reversed,backward_cycle,"[0.03201883570125102,0.12333899655946556,0.8446421677392834]",0.03201883570125102,3.4414309336845674,1.838767864264389,0.0005515497460389096,0.0005516303592793167,-8.061324040708941e-08,-0.8957026711898826,-0.00014613633758737903,1.838767864264389,0.0005515497460389096,0.0005516303592793167,-8.061324040708941e-08,-0.8957026711898826,-0.00014613633758737903
T11,target,regular-sensitivity,5,0.001,confirmatory,skew_b,reversed,backward_cycle,"[0.03201883570125102,0.12333899655946556,0.8446421677392834]",0.03201883570125102,3.4414309336845674,1.838767864264389,0.0018378721768420314,0.001838767864264389,-8.956874223576411e-07,-0.8956874223576411,-0.0004871128323291459,1.838767864264389,0.0018378721768420314,0.001838767864264389,-8.956874223576411e-07,-0.8956874223576411,-0.0004871128323291459
T11,target,regular-sensitivity,5,0.003,extended-local,skew_b,reversed,backward_cycle,"[0.03201883570125102,0.12333899655946556,0.8446421677392834]",0.03201883570125102,3.4414309336845674,1.838767864264389,0.005508242800489803,0.005516303592793167,-8.060792303364248e-06,-0.8956435892626942,-0.0014612669820956473,1.838767864264389,0.005508242800489803,0.005516303592793167,-8.060792303364248e-06,-0.8956435892626942,-0.0014612669820956473
T11,target,regular-sensitivity,5,0.01,extended-local,skew_b,reversed,backward_cycle,"[0.03201883570125102,0.12333899655946556,0.8446421677392834]",0.03201883570125102,3.4414309336845674,1.838767864264389,0.018298129946568917,0.01838767864264389,-8.954869607497376e-05,-0.8954869607497375,-0.00487003812799384,1.838767864264389,0.018298129946568917,0.01838767864264389,-8.954869607497376e-05,-0.8954869607497375,-0.00487003812799384
T11,target,regular-sensitivity,5,0.03,stress,skew_b,reversed,backward_cycle,"[0.03201883570125102,0.12333899655946556,0.8446421677392834]",0.03201883570125102,3.4414309336845674,1.838767864264389,0.054357525230056554,0.05516303592793167,-0.0008055106978751142,-0.8950118865279046,-0.014602363418276728,1.838767864264389,0.054357525230056554,0.05516303592793167,-0.0008055106978751142,-0.8950118865279046,-0.014602363418276728
T11,target,regular-sensitivity,5,0.1,stress,skew_b,reversed,backward_cycle,"[0.03201883570125102,0.12333899655946556,0.8446421677392834]",0.03201883570125102,3.4414309336845674,1.838767864264389,0.1749465211849924,0.1838767864264389,-0.008930265241446494,-0.8930265241446492,-0.04856657229551434,1.838767864264389,0.1749465211849924,0.1838767864264389,-0.008930265241446494,-0.8930265241446492,-0.04856657229551434
T11,target,regular-sensitivity,20,0.0001,confirmatory,skew_b,reversed,backward_cycle,"[0.00785054182017043,0.06401995551998135,0.9281295026598483]",0.00785054182017043,4.8471727278919445,5.950434629933982,0.0005949494614925326,0.0005950434629933982,-9.400150086569161e-08,-9.40015008656916,-0.00015797417619346996,5.950434629933982,0.0005949494614925326,0.0005950434629933982,-9.400150086569161e-08,-9.40015008656916,-0.00015797417619346996
T11,target,regular-sensitivity,20,0.0003,confirmatory,skew_b,reversed,backward_cycle,"[0.00785054182017043,0.06401995551998135,0.9281295026598483]",0.00785054182017043,4.8471727278919445,5.950434629933982,0.001784284361056026,0.0017851303889801944,-8.460279241684961e-07,-9.400310268538847,-0.00047393060439232857,5.950434629933982,0.001784284361056026,0.0017851303889801944,-8.460279241684961e-07,-9.400310268538847,-0.00047393060439232857
T11,target,regular-sensitivity,20,0.001,confirmatory,skew_b,reversed,backward_cycle,"[0.00785054182017043,0.06401995551998135,0.9281295026598483]",0.00785054182017043,4.8471727278919445,5.950434629933982,0.005941033765070271,0.005950434629933982,-9.400864863710716e-06,-9.400864863710716,-0.0015798618837721801,5.950434629933982,0.005941033765070271,0.005950434629933982,-9.400864863710716e-06,-9.400864863710716,-0.0015798618837721801
T11,target,regular-sensitivity,20,0.003,extended-local,skew_b,reversed,backward_cycle,"[0.00785054182017043,0.06401995551998135,0.9281295026598483]",0.00785054182017043,4.8471727278919445,5.950434629933982,0.01776668231021218,0.017851303889801946,-8.462157958976507e-05,-9.40239773219612,-0.004740358469731027,5.950434629933982,0.01776668231021218,0.017851303889801946,-8.462157958976507e-05,-9.40239773219612,-0.004740358469731027
T11,target,regular-sensitivity,20,0.01,extended-local,skew_b,reversed,backward_cycle,"[0.00785054182017043,0.06401995551998135,0.9281295026598483]",0.00785054182017043,4.8471727278919445,5.950434629933982,0.05856363114752662,0.059504346299339816,-0.0009407151518131956,-9.407151518131956,-0.015809183871727243,5.950434629933982,0.05856363114752662,0.059504346299339816,-0.0009407151518131956,-9.407151518131956,-0.015809183871727243
T11,target,regular-sensitivity,20,0.03,stress,skew_b,reversed,backward_cycle,"[0.00785054182017043,0.06401995551998135,0.9281295026598483]",0.00785054182017043,4.8471727278919445,5.950434629933982,0.17003927132496932,0.17851303889801945,-0.008473767573050128,-9.415297303389032,-0.04746861980144209,5.950434629933982,0.17003927132496932,0.17851303889801945,-0.008473767573050128,-9.415297303389032,-0.04746861980144209
T11,target,regular-sensitivity,20,0.1,stress,skew_b,reversed,backward_cycle,"[0.00785054182017043,0.06401995551998135,0.9281295026598483]",0.00785054182017043,4.8471727278919445,5.950434629933982,0.5012998261633841,0.5950434629933982,-0.09374363683001408,-9.374363683001405,-0.15754082291473578,5.950434629933982,0.5012998261633841,0.5950434629933982,-0.09374363683001408,-9.374363683001405,-0.15754082291473578
T11,target,regular-sensitivity,50,0.0001,confirmatory,skew_b,reversed,backward_cycle,"[0.00041456653693072487,0.015151362997404978,0.9844340704656643]",0.00041456653693072487,7.788277072916233,9.25569410728695,0.000925363828282269,0.000925569410728695,-2.0558244642602565e-07,-20.558244642602563,-0.00022211456433523648,9.25569410728695,0.000925363828282269,0.000925569410728695,-2.0558244642602565e-07,-20.558244642602563,-0.00022211456433523648
T11,target,regular-sensitivity,50,0.0003,confirmatory,skew_b,reversed,backward_cycle,"[0.00041456653693072487,0.015151362997404978,0.9844340704656643]",0.00041456653693072487,7.788277072916233,9.25569410728695,0.002774857857686842,0.0027767082321860847,-1.8503744992426699e-06,-20.55971665825189,-0.0006663914046834809,9.25569410728695,0.002774857857686842,0.0027767082321860847,-1.8503744992426699e-06,-20.55971665825189,-0.0006663914046834809
T11,target,regular-sensitivity,50,0.001,confirmatory,skew_b,reversed,backward_cycle,"[0.00041456653693072487,0.015151362997404978,0.9844340704656643]",0.00041456653693072487,7.788277072916233,9.25569410728695,0.009235129206454216,0.00925569410728695,-2.0564900832733754e-05,-20.564900832733755,-0.0022218647887837107,9.25569410728695,0.009235129206454216,0.00925569410728695,-2.0564900832733754e-05,-20.564900832733755,-0.0022218647887837107
T11,target,regular-sensitivity,50,0.003,extended-local,skew_b,reversed,backward_cycle,"[0.00041456653693072487,0.015151362997404978,0.9844340704656643]",0.00041456653693072487,7.788277072916233,9.25569410728695,0.027581862520983914,0.02776708232186085,-0.00018521980087693457,-20.57997787521495,-0.006670481209727685,9.25569410728695,0.027581862520983914,0.02776708232186085,-0.00018521980087693457,-20.57997787521495,-0.006670481209727685
T11,target,regular-sensitivity,50,0.01,extended-local,skew_b,reversed,backward_cycle,"[0.00041456653693072487,0.015151362997404978,0.9844340704656643]",0.00041456653693072487,7.788277072916233,9.25569410728695,0.0904933961139309,0.09255694107286949,-0.0020635449589385957,-20.635449589385956,-0.02229486989326905,9.25569410728695,0.0904933961139309,0.09255694107286949,-0.0020635449589385957,-20.635449589385956,-0.02229486989326905
T11,target,regular-sensitivity,50,0.03,stress,skew_b,reversed,backward_cycle,"[0.00041456653693072487,0.015151362997404978,0.9844340704656643]",0.00041456653693072487,7.788277072916233,9.25569410728695,0.2589442068770153,0.2776708232186085,-0.018726616341593172,-20.80735149065908,-0.06744178637324752,9.25569410728695,0.2589442068770153,0.2776708232186085,-0.018726616341593172,-20.80735149065908,-0.06744178637324752
T11,target,regular-sensitivity,50,0.1,stress,skew_b,reversed,backward_cycle,"[0.00041456653693072487,0.015151362997404978,0.9844340704656643]",0.00041456653693072487,7.788277072916233,9.25569410728695,0.7132955986576772,0.9255694107286949,-0.2122738120710177,-21.227381207101764,-0.22934402283659727,9.25569410728695,0.7132955986576772,0.9255694107286949,-0.2122738120710177,-21.227381207101764,-0.22934402283659727
T12,target,regular-sensitivity,1,0.0001,confirmatory,edge,strong_ordered,uniform_mix,"[0.0010959654359604977,0.10192686044640238,0.8969771741176371]",0.0010959654359604977,6.8161196274859925,1.1272876815686077,0.00011272876815683424,0.00011272876815686077,-2.653584817158272e-17,-2.653584817158272e-09,-2.353955303996438e-13,1.1272876815686077,0.00011272876815683424,0.00011272876815686077,-2.653584817158272e-17,-2.653584817158272e-09,-2.353955303996438e-13
T12,target,regular-sensitivity,1,0.0003,confirmatory,edge,strong_ordered,uniform_mix,"[0.0010959654359604977,0.10192686044640238,0.8969771741176371]",0.0010959654359604977,6.8161196274859925,1.1272876815686077,0.0003381863044705307,0.0003381863044705823,-5.160802341031001e-17,-5.734224823367779e-10,-1.526023458906782e-13,1.1272876815686077,0.0003381863044705307,0.0003381863044705823,-5.160802341031001e-17,-5.734224823367779e-10,-1.526023458906782e-13
T12,target,regular-sensitivity,1,0.001,confirmatory,edge,strong_ordered,uniform_mix,"[0.0010959654359604977,0.10192686044640238,0.8969771741176371]",0.0010959654359604977,6.8161196274859925,1.1272876815686077,0.0011272876815686477,0.0011272876815686078,3.9898639947466563e-17,3.989863994746656e-11,3.539348526540099e-14,1.1272876815686077,0.0011272876815686477,0.0011272876815686078,3.9898639947466563e-17,3.989863994746656e-11,3.539348526540099e-14
T12,target,regular-sensitivity,1,0.003,extended-local,edge,strong_ordered,uniform_mix,"[0.0010959654359604977,0.10192686044640238,0.8969771741176371]",0.0010959654359604977,6.8161196274859925,1.1272876815686077,0.0033818630447058047,0.0033818630447058234,-1.8648277366750676e-17,-2.072030818527853e-12,-5.5142024145371105e-15,1.1272876815686077,0.0033818630447058047,0.0033818630447058234,-1.8648277366750676e-17,-2.072030818527853e-12,-5.5142024145371105e-15
T12,target,regular-sensitivity,1,0.01,extended-local,edge,strong_ordered,uniform_mix,"[0.0010959654359604977,0.10192686044640238,0.8969771741176371]",0.0010959654359604977,6.8161196274859925,1.1272876815686077,0.011272876815686145,0.011272876815686077,6.765421556309548e-17,6.765421556309548e-13,6.0015040232636464e-15,1.1272876815686077,0.011272876815686145,0.011272876815686077,6.765421556309548e-17,6.765421556309548e-13,6.0015040232636464e-15
T12,target,regular-sensitivity,1,0.03,stress,edge,strong_ordered,uniform_mix,"[0.0010959654359604977,0.10192686044640238,0.8969771741176371]",0.0010959654359604977,6.8161196274859925,1.1272876815686077,0.033818630447058226,0.03381863044705823,-6.938893903907228e-18,-7.709882115452476e-15,-2.0517962472696226e-16,1.1272876815686077,0.033818630447058226,0.03381863044705823,-6.938893903907228e-18,-7.709882115452476e-15,-2.0517962472696226e-16
T12,target,regular-sensitivity,1,0.1,stress,edge,strong_ordered,uniform_mix,"[0.0010959654359604977,0.10192686044640238,0.8969771741176371]",0.0010959654359604977,6.8161196274859925,1.1272876815686077,0.11272876815686074,0.11272876815686078,-4.163336342344337e-17,-4.163336342344336e-15,-3.6932332450853206e-16,1.1272876815686077,0.11272876815686074,0.11272876815686078,-4.163336342344337e-17,-4.163336342344336e-15,-3.6932332450853206e-16
T12,target,regular-sensitivity,5,0.0001,confirmatory,edge,strong_ordered,uniform_mix,"[0.001579463192625612,0.11440043575001492,0.8840201010573595]",0.001579463192625612,6.450670241174657,6.307032567294687,0.0006305511007622551,0.0006307032567294688,-1.521559672136531e-07,-15.215596721365308,-0.00024124810771179866,6.307032567294687,0.0006305511007622551,0.0006307032567294688,-1.521559672136531e-07,-15.215596721365308,-0.00024124810771179866
T12,target,regular-sensitivity,5,0.0003,confirmatory,edge,strong_ordered,uniform_mix,"[0.001579463192625612,0.11440043575001492,0.8840201010573595]",0.001579463192625612,6.450670241174657,6.307032567294687,0.0018907407597494829,0.001892109770188406,-1.369010438923143e-06,-15.211227099146036,-0.0007235364779004467,6.307032567294687,0.0018907407597494829,0.001892109770188406,-1.369010438923143e-06,-15.211227099146036,-0.0007235364779004467
T12,target,regular-sensitivity,5,0.001,confirmatory,edge,strong_ordered,uniform_mix,"[0.001579463192625612,0.11440043575001492,0.8840201010573595]",0.001579463192625612,6.450670241174657,6.307032567294687,0.0062918366187718015,0.0063070325672946875,-1.5195948522886069e-05,-15.19594852288607,-0.0024093657929856157,6.307032567294687,0.0062918366187718015,0.0063070325672946875,-1.5195948522886069e-05,-15.19594852288607,-0.0024093657929856157
T12,target,regular-sensitivity,5,0.003,extended-local,edge,strong_ordered,uniform_mix,"[0.001579463192625612,0.11440043575001492,0.8840201010573595]",0.001579463192625612,6.450670241174657,6.307032567294687,0.01878472588265527,0.018921097701884063,-0.00013637181922879216,-15.152424358754685,-0.007207394696514514,6.307032567294687,0.01878472588265527,0.018921097701884063,-0.00013637181922879216,-15.152424358754685,-0.007207394696514514
T12,target,regular-sensitivity,5,0.01,extended-local,edge,strong_ordered,uniform_mix,"[0.001579463192625612,0.11440043575001492,0.8840201010573595]",0.001579463192625612,6.450670241174657,6.307032567294687,0.06157016781717183,0.06307032567294688,-0.001500157855775043,-15.00157855775043,-0.023785478190712982,6.307032567294687,0.06157016781717183,0.06307032567294688,-0.001500157855775043,-15.00157855775043,-0.023785478190712982
T12,target,regular-sensitivity,5,0.03,stress,edge,strong_ordered,uniform_mix,"[0.001579463192625612,0.11440043575001492,0.8840201010573595]",0.001579463192625612,6.450670241174657,6.307032567294687,0.17608630041082046,0.1892109770188406,-0.013124676608020136,-14.582974008911263,-0.06936530223990785,6.307032567294687,0.17608630041082046,0.1892109770188406,-0.013124676608020136,-14.582974008911263,-0.06936530223990785
T12,target,regular-sensitivity,5,0.1,stress,edge,strong_ordered,uniform_mix,"[0.001579463192625612,0.11440043575001492,0.8840201010573595]",0.001579463192625612,6.450670241174657,6.307032567294687,0.4982129356125158,0.6307032567294688,-0.13249032111695302,-13.2490321116953,-0.21006760263770585,6.307032567294687,0.4982129356125158,0.6307032567294688,-0.13249032111695302,-13.2490321116953,-0.21006760263770585
T12,target,regular-sensitivity,20,0.0001,confirmatory,edge,strong_ordered,uniform_mix,"[0.006098463392400993,0.17297666252451613,0.8209248740830829]",0.006098463392400993,5.099718442420816,41.464013809159866,0.004137178614831709,0.004146401380915987,-9.222766084278182e-06,-922.2766084278181,-0.002224282030853648,41.464013809159866,0.004137178614831709,0.004146401380915987,-9.222766084278182e-06,-922.2766084278181,-0.002224282030853648
T12,target,regular-sensitivity,20,0.0003,confirmatory,edge,strong_ordered,uniform_mix,"[0.006098463392400993,0.17297666252451613,0.8209248740830829]",0.006098463392400993,5.099718442420816,41.464013809159866,0.012356517375221143,0.012439204142747958,-8.268676752681489e-05,-918.7418614090545,-0.006647271527818859,41.464013809159866,0.012356517375221143,0.012439204142747958,-8.268676752681489e-05,-918.7418614090545,-0.006647271527818859
T12,target,regular-sensitivity,20,0.001,confirmatory,edge,strong_ordered,uniform_mix,"[0.006098463392400993,0.17297666252451613,0.8209248740830829]",0.006098463392400993,5.099718442420816,41.464013809159866,0.040557437637605144,0.041464013809159865,-0.000906576171554721,-906.5761715547211,-0.021864168185146807,41.464013809159866,0.040557437637605144,0.041464013809159865,-0.000906576171554721,-906.5761715547211,-0.021864168185146807
T12,target,regular-sensitivity,20,0.003,extended-local,edge,strong_ordered,uniform_mix,"[0.006098463392400993,0.17297666252451613,0.8209248740830829]",0.006098463392400993,5.099718442420816,41.464013809159866,0.11653062295941186,0.1243920414274796,-0.007861418468067746,-873.4909408964162,-0.06319872539957425,41.464013809159866,0.11653062295941186,0.1243920414274796,-0.007861418468067746,-873.4909408964162,-0.06319872539957425
T12,target,regular-sensitivity,20,0.01,extended-local,edge,strong_ordered,uniform_mix,"[0.006098463392400993,0.17297666252451613,0.8209248740830829]",0.006098463392400993,5.099718442420816,41.464013809159866,0.3372180375531292,0.41464013809159866,-0.07742210053846948,-774.2210053846948,-0.18672119128362358,41.464013809159866,0.3372180375531292,0.41464013809159866,-0.07742210053846948,-774.2210053846948,-0.18672119128362358
T12,target,regular-sensitivity,20,0.03,stress,edge,strong_ordered,uniform_mix,"[0.006098463392400993,0.17297666252451613,0.8209248740830829]",0.006098463392400993,5.099718442420816,41.464013809159866,0.7193556885799979,1.243920414274796,-0.5245647256947981,-582.8496952164423,-0.4217028032300753,41.464013809159866,0.7193556885799979,1.243920414274796,-0.5245647256947981,-582.8496952164423,-0.4217028032300753
T12,target,regular-sensitivity,20,0.1,stress,edge,strong_ordered,uniform_mix,"[0.006098463392400993,0.17297666252451613,0.8209248740830829]",0.006098463392400993,5.099718442420816,41.464013809159866,1.0690739284532391,4.146401380915987,-3.0773274524627476,-307.7327452462747,-0.7421682489848417,41.464013809159866,1.0690739284532391,4.146401380915987,-3.0773274524627476,-307.7327452462747,-0.7421682489848417
T12,target,regular-sensitivity,50,0.0001,confirmatory,edge,strong_ordered,uniform_mix,"[0.07612503990932029,0.33112538173192996,0.5927495783587498]",0.07612503990932029,2.575378028691848,484.3315856647335,0.04707678894939804,0.04843315856647335,-0.0013563696170753106,-135636.96170753107,-0.028004979588802284,484.3315856647335,0.04707678894939804,0.04843315856647335,-0.0013563696170753106,-135636.96170753107,-0.028004979588802284
T12,target,regular-sensitivity,50,0.0003,confirmatory,edge,strong_ordered,uniform_mix,"[0.07612503990932029,0.33112538173192996,0.5927495783587498]",0.07612503990932029,2.575378028691848,484.3315856647335,0.13372175458119004,0.14529947569942003,-0.011577721118229994,-128641.34575811107,-0.07968178179927327,484.3315856647335,0.13372175458119004,0.14529947569942003,-0.011577721118229994,-128641.34575811107,-0.07968178179927327
T12,target,regular-sensitivity,50,0.001,confirmatory,edge,strong_ordered,uniform_mix,"[0.07612503990932029,0.33112538173192996,0.5927495783587498]",0.07612503990932029,2.575378028691848,484.3315856647335,0.37536331559219843,0.4843315856647335,-0.10896827007253507,-108968.27007253507,-0.22498691660379475,484.3315856647335,0.37536331559219843,0.4843315856647335,-0.10896827007253507,-108968.27007253507,-0.22498691660379475
T12,target,regular-sensitivity,50,0.003,extended-local,edge,strong_ordered,uniform_mix,"[0.07612503990932029,0.33112538173192996,0.5927495783587498]",0.07612503990932029,2.575378028691848,484.3315856647335,0.7705743994241332,1.4529947569942006,-0.6824203575700674,-75824.48417445192,-0.46966470751882494,484.3315856647335,0.7705743994241332,1.4529947569942006,-0.6824203575700674,-75824.48417445192,-0.46966470751882494
T12,target,regular-sensitivity,50,0.01,extended-local,edge,strong_ordered,uniform_mix,"[0.07612503990932029,0.33112538173192996,0.5927495783587498]",0.07612503990932029,2.575378028691848,484.3315856647335,1.1731082097776735,4.843315856647335,-3.6702076468696614,-36702.076468696614,-0.7577882086365252,484.3315856647335,1.1731082097776735,4.843315856647335,-3.6702076468696614,-36702.076468696614,-0.7577882086365252
T12,target,regular-sensitivity,50,0.03,stress,edge,strong_ordered,uniform_mix,"[0.07612503990932029,0.33112538173192996,0.5927495783587498]",0.07612503990932029,2.575378028691848,484.3315856647335,1.2099548653409546,14.529947569942005,-13.31999270460105,-14799.991894001168,-0.9167268250957781,484.3315856647335,1.2099548653409546,14.529947569942005,-13.31999270460105,-14799.991894001168,-0.9167268250957781
T12,target,regular-sensitivity,50,0.1,stress,edge,strong_ordered,uniform_mix,"[0.07612503990932029,0.33112538173192996,0.5927495783587498]",0.07612503990932029,2.575378028691848,484.3315856647335,0.8540503552415479,48.43315856647335,-47.579108211231805,-4757.91082112318,-0.9823664121746389,484.3315856647335,1.0799216511194851,48.43315856647335,-47.35323691535387,-4735.3236915353855,-0.9777028448467321
T13,target,analytic-zero,1,0.0001,confirmatory,target_a,neutral,identity,"[0.3,0.4,0.3]",0.3,1.2039728043259361,0.0,0.0,0.0,0.0,0.0,,0.0,0.0,0.0,0.0,0.0,
T13,target,analytic-zero,1,0.0003,confirmatory,target_a,neutral,identity,"[0.3,0.4,0.3]",0.3,1.2039728043259361,0.0,0.0,0.0,0.0,0.0,,0.0,0.0,0.0,0.0,0.0,
T13,target,analytic-zero,1,0.001,confirmatory,target_a,neutral,identity,"[0.3,0.4,0.3]",0.3,1.2039728043259361,0.0,0.0,0.0,0.0,0.0,,0.0,0.0,0.0,0.0,0.0,
T13,target,analytic-zero,1,0.003,extended-local,target_a,neutral,identity,"[0.3,0.4,0.3]",0.3,1.2039728043259361,0.0,0.0,0.0,0.0,0.0,,0.0,0.0,0.0,0.0,0.0,
T13,target,analytic-zero,1,0.01,extended-local,target_a,neutral,identity,"[0.3,0.4,0.3]",0.3,1.2039728043259361,0.0,0.0,0.0,0.0,0.0,,0.0,0.0,0.0,0.0,0.0,
T13,target,analytic-zero,1,0.03,stress,target_a,neutral,identity,"[0.3,0.4,0.3]",0.3,1.2039728043259361,0.0,0.0,0.0,0.0,0.0,,0.0,0.0,0.0,0.0,0.0,
T13,target,analytic-zero,1,0.1,stress,target_a,neutral,identity,"[0.3,0.4,0.3]",0.3,1.2039728043259361,0.0,1.1102230246251565e-16,0.0,1.1102230246251565e-16,1.1102230246251564e-14,,0.0,1.1102230246251565e-16,0.0,1.1102230246251565e-16,1.1102230246251564e-14,
T13,target,analytic-zero,5,0.0001,confirmatory,target_a,neutral,identity,"[0.3,0.4,0.3]",0.3,1.2039728043259361,0.0,0.0,0.0,0.0,0.0,,0.0,0.0,0.0,0.0,0.0,
T13,target,analytic-zero,5,0.0003,confirmatory,target_a,neutral,identity,"[0.3,0.4,0.3]",0.3,1.2039728043259361,0.0,0.0,0.0,0.0,0.0,,0.0,0.0,0.0,0.0,0.0,
T13,target,analytic-zero,5,0.001,confirmatory,target_a,neutral,identity,"[0.3,0.4,0.3]",0.3,1.2039728043259361,0.0,0.0,0.0,0.0,0.0,,0.0,0.0,0.0,0.0,0.0,
T13,target,analytic-zero,5,0.003,extended-local,target_a,neutral,identity,"[0.3,0.4,0.3]",0.3,1.2039728043259361,0.0,0.0,0.0,0.0,0.0,,0.0,0.0,0.0,0.0,0.0,
T13,target,analytic-zero,5,0.01,extended-local,target_a,neutral,identity,"[0.3,0.4,0.3]",0.3,1.2039728043259361,0.0,0.0,0.0,0.0,0.0,,0.0,0.0,0.0,0.0,0.0,
T13,target,analytic-zero,5,0.03,stress,target_a,neutral,identity,"[0.3,0.4,0.3]",0.3,1.2039728043259361,0.0,0.0,0.0,0.0,0.0,,0.0,0.0,0.0,0.0,0.0,
T13,target,analytic-zero,5,0.1,stress,target_a,neutral,identity,"[0.3,0.4,0.3]",0.3,1.2039728043259361,0.0,3.3306690738754696e-16,0.0,3.3306690738754696e-16,3.330669073875469e-14,,0.0,3.3306690738754696e-16,0.0,3.3306690738754696e-16,3.330669073875469e-14,
T13,target,analytic-zero,20,0.0001,confirmatory,target_a,neutral,identity,"[0.3,0.4,0.3]",0.3,1.2039728043259361,0.0,0.0,0.0,0.0,0.0,,0.0,0.0,0.0,0.0,0.0,
T13,target,analytic-zero,20,0.0003,confirmatory,target_a,neutral,identity,"[0.3,0.4,0.3]",0.3,1.2039728043259361,0.0,0.0,0.0,0.0,0.0,,0.0,0.0,0.0,0.0,0.0,
T13,target,analytic-zero,20,0.001,confirmatory,target_a,neutral,identity,"[0.3,0.4,0.3]",0.3,1.2039728043259361,0.0,0.0,0.0,0.0,0.0,,0.0,0.0,0.0,0.0,0.0,
T13,target,analytic-zero,20,0.003,extended-local,target_a,neutral,identity,"[0.3,0.4,0.3]",0.3,1.2039728043259361,0.0,0.0,0.0,0.0,0.0,,0.0,0.0,0.0,0.0,0.0,
T13,target,analytic-zero,20,0.01,extended-local,target_a,neutral,identity,"[0.3,0.4,0.3]",0.3,1.2039728043259361,0.0,0.0,0.0,0.0,0.0,,0.0,0.0,0.0,0.0,0.0,
T13,target,analytic-zero,20,0.03,stress,target_a,neutral,identity,"[0.3,0.4,0.3]",0.3,1.2039728043259361,0.0,0.0,0.0,0.0,0.0,,0.0,0.0,0.0,0.0,0.0,
T13,target,analytic-zero,20,0.1,stress,target_a,neutral,identity,"[0.3,0.4,0.3]",0.3,1.2039728043259361,0.0,3.3306690738754696e-16,0.0,3.3306690738754696e-16,3.330669073875469e-14,,0.0,3.3306690738754696e-16,0.0,3.3306690738754696e-16,3.330669073875469e-14,
T13,target,analytic-zero,50,0.0001,confirmatory,target_a,neutral,identity,"[0.3,0.4,0.3]",0.3,1.2039728043259361,0.0,0.0,0.0,0.0,0.0,,0.0,0.0,0.0,0.0,0.0,
T13,target,analytic-zero,50,0.0003,confirmatory,target_a,neutral,identity,"[0.3,0.4,0.3]",0.3,1.2039728043259361,0.0,0.0,0.0,0.0,0.0,,0.0,0.0,0.0,0.0,0.0,
T13,target,analytic-zero,50,0.001,confirmatory,target_a,neutral,identity,"[0.3,0.4,0.3]",0.3,1.2039728043259361,0.0,0.0,0.0,0.0,0.0,,0.0,0.0,0.0,0.0,0.0,
T13,target,analytic-zero,50,0.003,extended-local,target_a,neutral,identity,"[0.3,0.4,0.3]",0.3,1.2039728043259361,0.0,0.0,0.0,0.0,0.0,,0.0,0.0,0.0,0.0,0.0,
T13,target,analytic-zero,50,0.01,extended-local,target_a,neutral,identity,"[0.3,0.4,0.3]",0.3,1.2039728043259361,0.0,0.0,0.0,0.0,0.0,,0.0,0.0,0.0,0.0,0.0,
T13,target,analytic-zero,50,0.03,stress,target_a,neutral,identity,"[0.3,0.4,0.3]",0.3,1.2039728043259361,0.0,0.0,0.0,0.0,0.0,,0.0,0.0,0.0,0.0,0.0,
T13,target,analytic-zero,50,0.1,stress,target_a,neutral,identity,"[0.3,0.4,0.3]",0.3,1.2039728043259361,0.0,3.3306690738754696e-16,0.0,3.3306690738754696e-16,3.330669073875469e-14,,0.0,3.3306690738754696e-16,0.0,3.3306690738754696e-16,3.330669073875469e-14,
T14,target,low-sensitivity,1,0.0001,confirmatory,target_c,compressed,near_identity,"[0.10120616353093707,0.5981964003344769,0.30059743613458606]",0.10120616353093707,2.290595619527473,1.5890824969900514e-13,0.0,1.5890824969900513e-17,-1.5890824969900513e-17,-1.5890824969900513e-09,,1.5890824969900514e-13,0.0,1.5890824969900513e-17,-1.5890824969900513e-17,-1.5890824969900513e-09,
T14,target,low-sensitivity,1,0.0003,confirmatory,target_c,compressed,near_identity,"[0.10120616353093707,0.5981964003344769,0.30059743613458606]",0.10120616353093707,2.290595619527473,1.5890824969900514e-13,2.7755575615628914e-17,4.7672474909701537e-17,-1.9916899294072623e-17,-2.212988810452514e-10,,1.5890824969900514e-13,2.7755575615628914e-17,4.7672474909701537e-17,-1.9916899294072623e-17,-2.212988810452514e-10,
T14,target,low-sensitivity,1,0.001,confirmatory,target_c,compressed,near_identity,"[0.10120616353093707,0.5981964003344769,0.30059743613458606]",0.10120616353093707,2.290595619527473,1.5890824969900514e-13,6.938893903907228e-17,1.5890824969900514e-16,-8.951931065993286e-17,-8.951931065993286e-11,,1.5890824969900514e-13,6.938893903907228e-17,1.5890824969900514e-16,-8.951931065993286e-17,-8.951931065993286e-11,
T14,target,low-sensitivity,1,0.003,extended-local,target_c,compressed,near_identity,"[0.10120616353093707,0.5981964003344769,0.30059743613458606]",0.10120616353093707,2.290595619527473,1.5890824969900514e-13,4.85722573273506e-16,4.767247490970154e-16,8.997824176490594e-18,9.997582418322881e-13,,1.5890824969900514e-13,4.85722573273506e-16,4.767247490970154e-16,8.997824176490594e-18,9.997582418322881e-13,
T14,target,low-sensitivity,1,0.01,extended-local,target_c,compressed,near_identity,"[0.10120616353093707,0.5981964003344769,0.30059743613458606]",0.10120616353093707,2.290595619527473,1.5890824969900514e-13,1.582067810090848e-15,1.5890824969900514e-15,-7.01468689920337e-18,-7.01468689920337e-14,,1.5890824969900514e-13,1.582067810090848e-15,1.5890824969900514e-15,-7.01468689920337e-18,-7.01468689920337e-14,
T14,target,low-sensitivity,1,0.03,stress,target_c,compressed,near_identity,"[0.10120616353093707,0.5981964003344769,0.30059743613458606]",0.10120616353093707,2.290595619527473,1.5890824969900514e-13,4.690692279041286e-15,4.767247490970154e-15,-7.655521192886735e-17,-8.506134658763039e-14,,1.5890824969900514e-13,4.690692279041286e-15,4.767247490970154e-15,-7.655521192886735e-17,-8.506134658763039e-14,
T14,target,low-sensitivity,1,0.1,stress,target_c,compressed,near_identity,"[0.10120616353093707,0.5981964003344769,0.30059743613458606]",0.10120616353093707,2.290595619527473,1.5890824969900514e-13,1.584843367652411e-14,1.5890824969900516e-14,-4.2391293376405975e-17,-4.239129337640597e-15,,1.5890824969900514e-13,1.584843367652411e-14,1.5890824969900516e-14,-4.2391293376405975e-17,-4.239129337640597e-15,
T14,target,low-sensitivity,5,0.0001,confirmatory,target_c,compressed,near_identity,"[0.10615543126484013,0.590910059366123,0.30293450936903693]",0.10615543126484013,2.242850926198892,7.918567992166798e-13,5.551115123125783e-17,7.918567992166799e-17,-2.3674528690410158e-17,-2.367452869041016e-09,,7.918567992166798e-13,5.551115123125783e-17,7.918567992166799e-17,-2.3674528690410158e-17,-2.367452869041016e-09,
T14,target,low-sensitivity,5,0.0003,confirmatory,target_c,compressed,near_identity,"[0.10615543126484013,0.590910059366123,0.30293450936903693]",0.10615543126484013,2.242850926198892,7.918567992166798e-13,3.3306690738754696e-16,2.3755703976500396e-16,9.5509867622543e-17,1.0612207513615891e-09,,7.918567992166798e-13,3.3306690738754696e-16,2.3755703976500396e-16,9.5509867622543e-17,1.0612207513615891e-09,
T14,target,low-sensitivity,5,0.001,confirmatory,target_c,compressed,near_identity,"[0.10615543126484013,0.590910059366123,0.30293450936903693]",0.10615543126484013,2.242850926198892,7.918567992166798e-13,7.216449660063518e-16,7.918567992166799e-16,-7.02118332103281e-17,-7.021183321032811e-11,,7.918567992166798e-13,7.216449660063518e-16,7.918567992166799e-16,-7.02118332103281e-17,-7.021183321032811e-11,
T14,target,low-sensitivity,5,0.003,extended-local,target_c,compressed,near_identity,"[0.10615543126484013,0.590910059366123,0.30293450936903693]",0.10615543126484013,2.242850926198892,7.918567992166798e-13,2.42861286636753e-15,2.3755703976500398e-15,5.3042468717490174e-17,5.893607635276686e-12,,7.918567992166798e-13,2.42861286636753e-15,2.3755703976500398e-15,5.3042468717490174e-17,5.893607635276686e-12,
T14,target,low-sensitivity,5,0.01,extended-local,target_c,compressed,near_identity,"[0.10615543126484013,0.590910059366123,0.30293450936903693]",0.10615543126484013,2.242850926198892,7.918567992166798e-13,7.896461262646426e-15,7.918567992166799e-15,-2.2106729520373038e-17,-2.2106729520373038e-13,,7.918567992166798e-13,7.896461262646426e-15,7.918567992166799e-15,-2.2106729520373038e-17,-2.2106729520373038e-13,
T14,target,low-sensitivity,5,0.03,stress,target_c,compressed,near_identity,"[0.10615543126484013,0.590910059366123,0.30293450936903693]",0.10615543126484013,2.242850926198892,7.918567992166798e-13,2.348121697082206e-14,2.3755703976500394e-14,-2.744870056783328e-16,-3.0498556186481426e-13,,7.918567992166798e-13,2.348121697082206e-14,2.3755703976500394e-14,-2.744870056783328e-16,-3.0498556186481426e-13,
T14,target,low-sensitivity,5,0.1,stress,target_c,compressed,near_identity,"[0.10615543126484013,0.590910059366123,0.30293450936903693]",0.10615543126484013,2.242850926198892,7.918567992166798e-13,7.935319068508306e-14,7.918567992166799e-14,1.675107634150744e-16,1.6751076341507437e-14,,7.918567992166798e-13,7.935319068508306e-14,7.918567992166799e-14,1.675107634150744e-16,1.6751076341507437e-14,
T14,target,low-sensitivity,20,0.0001,confirmatory,target_c,compressed,near_identity,"[0.12656463019163802,0.5625683048388535,0.31086706496950856]",0.12656463019163802,2.0670021906791143,3.1116203249155438e-12,3.3306690738754696e-16,3.111620324915544e-16,2.1904874895992566e-17,2.1904874895992564e-09,,3.1116203249155438e-12,3.885780586188048e-16,3.111620324915544e-16,7.741602612725039e-17,7.741602612725039e-09,
T14,target,low-sensitivity,20,0.0003,confirmatory,target_c,compressed,near_identity,"[0.12656463019163802,0.5625683048388535,0.31086706496950856]",0.12656463019163802,2.0670021906791143,3.1116203249155438e-12,1.0547118733938987e-15,9.33486097474663e-16,1.2122577591923572e-16,1.346953065769286e-09,,3.1116203249155438e-12,1.096345236817342e-15,9.33486097474663e-16,1.628591393426791e-16,1.8095459926964346e-09,
T14,target,low-sensitivity,20,0.001,confirmatory,target_c,compressed,near_identity,"[0.12656463019163802,0.5625683048388535,0.31086706496950856]",0.12656463019163802,2.0670021906791143,3.1116203249155438e-12,2.942091015256665e-15,3.111620324915544e-15,-1.6952930965887913e-16,-1.6952930965887913e-10,,3.1116203249155438e-12,2.942091015256665e-15,3.111620324915544e-15,-1.6952930965887913e-16,-1.6952930965887913e-10,
T14,target,low-sensitivity,20,0.003,extended-local,target_c,compressed,near_identity,"[0.12656463019163802,0.5625683048388535,0.31086706496950856]",0.12656463019163802,2.0670021906791143,3.1116203249155438e-12,9.46465128492946e-15,9.334860974746631e-15,1.29790310182828e-16,1.4421145575869779e-11,,3.1116203249155438e-12,9.46465128492946e-15,9.334860974746631e-15,1.29790310182828e-16,1.4421145575869779e-11,
T14,target,low-sensitivity,20,0.01,extended-local,target_c,compressed,near_identity,"[0.12656463019163802,0.5625683048388535,0.31086706496950856]",0.12656463019163802,2.0670021906791143,3.1116203249155438e-12,3.097522238704187e-14,3.111620324915544e-14,-1.409808621135698e-16,-1.409808621135698e-12,,3.1116203249155438e-12,3.097522238704187e-14,3.111620324915544e-14,-1.409808621135698e-16,-1.409808621135698e-12,
T14,target,low-sensitivity,20,0.03,stress,target_c,compressed,near_identity,"[0.12656463019163802,0.5625683048388535,0.31086706496950856]",0.12656463019163802,2.0670021906791143,3.1116203249155438e-12,9.287015600989434e-14,9.334860974746631e-14,-4.784537375719672e-16,-5.316152639688524e-13,,3.1116203249155438e-12,9.287015600989434e-14,9.334860974746631e-14,-4.784537375719672e-16,-5.316152639688524e-13,
T14,target,low-sensitivity,20,0.1,stress,target_c,compressed,near_identity,"[0.12656463019163802,0.5625683048388535,0.31086706496950856]",0.12656463019163802,2.0670021906791143,3.1116203249155438e-12,3.113065361048939e-13,3.111620324915544e-13,1.4450361333949594e-16,1.445036133394959e-14,,3.1116203249155438e-12,3.113065361048939e-13,3.111620324915544e-13,1.4450361333949594e-16,1.445036133394959e-14,
T14,target,low-sensitivity,50,0.0001,confirmatory,target_c,compressed,near_identity,"[0.17687246446133764,0.5012918178744582,0.32183571766420416]",0.17687246446133764,1.732326345888303,7.540424231686602e-12,1.1657341758564144e-15,7.540424231686603e-16,4.116917526877541e-16,4.116917526877541e-08,,7.540424231686602e-12,1.2212453270876722e-15,7.540424231686603e-16,4.672029039190119e-16,4.672029039190119e-08,
T14,target,low-sensitivity,50,0.0003,confirmatory,target_c,compressed,near_identity,"[0.17687246446133764,0.5012918178744582,0.32183571766420416]",0.17687246446133764,1.732326345888303,7.540424231686602e-12,2.7478019859472624e-15,2.2621272695059806e-15,4.856747164412818e-16,5.396385738236466e-09,,7.540424231686602e-12,2.7478019859472624e-15,2.2621272695059806e-15,4.856747164412818e-16,5.396385738236466e-09,
T14,target,low-sensitivity,50,0.001,confirmatory,target_c,compressed,near_identity,"[0.17687246446133764,0.5012918178744582,0.32183571766420416]",0.17687246446133764,1.732326345888303,7.540424231686602e-12,7.688294445529209e-15,7.540424231686603e-15,1.478702138426059e-16,1.478702138426059e-10,,7.540424231686602e-12,7.688294445529209e-15,7.540424231686603e-15,1.478702138426059e-16,1.478702138426059e-10,
T14,target,low-sensitivity,50,0.003,extended-local,target_c,compressed,near_identity,"[0.17687246446133764,0.5012918178744582,0.32183571766420416]",0.17687246446133764,1.732326345888303,7.540424231686602e-12,2.3037127760971998e-14,2.2621272695059806e-14,4.1585506591219193e-16,4.620611843468799e-11,,7.540424231686602e-12,2.3037127760971998e-14,2.2621272695059806e-14,4.1585506591219193e-16,4.620611843468799e-11,
T14,target,low-sensitivity,50,0.01,extended-local,target_c,compressed,near_identity,"[0.17687246446133764,0.5012918178744582,0.32183571766420416]",0.17687246446133764,1.732326345888303,7.540424231686602e-12,7.557843240135753e-14,7.540424231686603e-14,1.7419008449150002e-16,1.7419008449150002e-12,,7.540424231686602e-12,7.557843240135753e-14,7.540424231686603e-14,1.7419008449150002e-16,1.7419008449150002e-12,
T14,target,low-sensitivity,50,0.03,stress,target_c,compressed,near_identity,"[0.17687246446133764,0.5012918178744582,0.32183571766420416]",0.17687246446133764,1.732326345888303,7.540424231686602e-12,2.2637447472106942e-13,2.2621272695059807e-13,1.6174777047134944e-16,1.7971974496816605e-13,,7.540424231686602e-12,2.2637447472106942e-13,2.2621272695059807e-13,1.6174777047134944e-16,1.7971974496816605e-13,
T14,target,low-sensitivity,50,0.1,stress,target_c,compressed,near_identity,"[0.17687246446133764,0.5012918178744582,0.32183571766420416]",0.17687246446133764,1.732326345888303,7.540424231686602e-12,7.542855229303314e-13,7.540424231686603e-13,2.430997616710894e-16,2.4309976167108937e-14,,7.540424231686602e-12,7.542855229303314e-13,7.540424231686603e-13,2.430997616710894e-16,2.4309976167108937e-14,
