landscape_id,split,stratum,horizon,epsilon,region,observed_endpoint_l1,first_order_prediction,second_order_prediction,second_order_asymptotic_l1_coefficient,zero_first_derivative_coordinates,first_order_signed_error,second_order_signed_error,first_order_absolute_relative_error,second_order_absolute_relative_error,observed_max_path_l1,first_order_max_path_prediction,second_order_max_path_prediction,first_order_max_path_absolute_relative_error,second_order_max_path_absolute_relative_error,oracle_passed
S01,source,regular-sensitivity,1,0.0001,confirmatory,4.4729597528020415e-05,4.47295975280539e-05,4.47295975280539e-05,0.0,[],-3.348829460264602e-17,-3.348829460264602e-17,7.486831193069093e-13,7.486831193069093e-13,4.4729597528020415e-05,4.47295975280539e-05,4.47295975280539e-05,7.486831193069093e-13,7.486831193069093e-13,True
S01,source,regular-sensitivity,1,0.0003,confirmatory,0.00013418879258411676,0.0001341887925841617,0.0001341887925841617,0.0,[],-4.494018004952416e-17,-4.494018004952416e-17,3.349026337004872e-13,3.349026337004872e-13,0.00013418879258411676,0.0001341887925841617,0.0001341887925841617,3.349026337004872e-13,3.349026337004872e-13,True
S01,source,regular-sensitivity,1,0.001,confirmatory,0.00044729597528056497,0.000447295975280539,0.000447295975280539,0.0,[],2.596664203102783e-17,2.596664203102783e-17,5.805248306726177e-14,5.805248306726177e-14,0.00044729597528056497,0.000447295975280539,0.000447295975280539,5.805248306726177e-14,5.805248306726177e-14,True
S01,source,regular-sensitivity,1,0.003,extended-local,0.0013418879258416394,0.001341887925841617,0.001341887925841617,0.0,[],2.233456475320139e-17,2.233456475320139e-17,1.6644135715874635e-14,1.6644135715874635e-14,0.0013418879258416394,0.001341887925841617,0.001341887925841617,1.6644135715874635e-14,1.6644135715874635e-14,True
S01,source,regular-sensitivity,1,0.01,extended-local,0.004472959752805372,0.0044729597528053895,0.0044729597528053895,0.0,[],-1.734723475976807e-17,-1.734723475976807e-17,3.87824521534943e-15,3.87824521534943e-15,0.004472959752805372,0.0044729597528053895,0.0044729597528053895,3.87824521534943e-15,3.87824521534943e-15,True
S01,source,regular-sensitivity,1,0.03,stress,0.013418879258416117,0.013418879258416169,0.013418879258416169,0.0,[],-5.204170427930421e-17,-5.204170427930421e-17,3.87824521534943e-15,3.87824521534943e-15,0.013418879258416117,0.013418879258416169,0.013418879258416169,3.87824521534943e-15,3.87824521534943e-15,True
S01,source,regular-sensitivity,1,0.1,stress,0.04472959752805389,0.0447295975280539,0.0447295975280539,0.0,[],-1.3877787807814457e-17,-1.3877787807814457e-17,3.1025961722795437e-16,3.1025961722795437e-16,0.04472959752805389,0.0447295975280539,0.0447295975280539,3.1025961722795437e-16,3.1025961722795437e-16,True
S01,source,regular-sensitivity,5,0.0001,confirmatory,0.00017051309794452463,0.00017057443238824315,0.00017051308707527745,-6.134531296569922,[],-6.133444371852646e-08,1.0869247179818436e-11,0.000359575833609832,6.374435749333378e-08,0.00017051309794452463,0.00017057443238824315,0.00017051308707527745,0.000359575833609832,6.374435749333378e-08,True
S01,source,regular-sensitivity,5,0.0003,confirmatory,0.0005111714827582547,0.0005117232971647294,0.0005111711893480382,-6.134531296569922,[],-5.518144064746607e-07,2.9341021658742944e-10,0.0010783452884245476,5.739959972346112e-07,0.0005111714827582547,0.0005117232971647294,0.0005111711893480382,0.0010783452884245476,5.739959972346112e-07,True
S01,source,regular-sensitivity,5,0.001,confirmatory,0.0016996206517071455,0.0017057443238824314,0.0016996097925858615,-6.134531296569922,[],-6.12367217528594e-06,1.0859121284036849e-08,0.0035900293435231242,6.389184936099539e-06,0.0016996206517071455,0.0017057443238824314,0.0016996097925858615,0.0035900293435231242,6.389184936099539e-06,True
S01,source,regular-sensitivity,5,0.003,extended-local,0.005062314775824028,0.005117232971647295,0.0050620221899781645,-6.134531296569922,[],-5.491819582326661e-05,2.925858458638353e-07,0.010732010078014451,5.7800190296103266e-05,0.005062314775824028,0.005117232971647295,0.0050620221899781645,0.010732010078014451,5.7800190296103266e-05,True
S01,source,regular-sensitivity,5,0.01,extended-local,0.016454748050564738,0.017057443238824313,0.016443990109167323,-6.134531296569922,[],-0.0006026951882595749,1.075794139741501e-05,0.03533326652893589,0.0006542172140700565,0.016454748050564738,0.017057443238824313,0.016443990109167323,0.03533326652893589,0.0006542172140700565,True
S01,source,regular-sensitivity,5,0.03,stress,0.04593578083856603,0.05117232971647294,0.04565125154956001,-6.134531296569922,[],-0.0052365488779069075,0.00028452928900601915,0.10233164889933093,0.006232672256468759,0.04593578083856603,0.05117232971647294,0.04565125154956001,0.10233164889933093,0.006232672256468759,True
S01,source,regular-sensitivity,5,0.1,stress,0.1190481331521498,0.17057443238824316,0.10922911942254392,-6.134531296569922,[],-0.051526299236093365,0.009819013729605877,0.3020751616444764,0.08989373695874839,0.1190481331521498,0.17057443238824316,0.10922911942254392,0.3020751616444764,0.08989373695874839,True
S01,source,regular-sensitivity,20,0.0001,confirmatory,0.00016210699024526987,0.0001617883957869345,0.00016210756785401835,31.917206708380654,[],3.1859445833535963e-07,-5.776087484829148e-10,0.001969204631677844,3.5631201931489403e-06,0.00020416462615241437,0.00020431125069523084,0.00020416457088417837,0.0007176528082400295,2.7070434290441317e-07,True
S01,source,regular-sensitivity,20,0.0003,confirmatory,0.00048822217088059783,0.0004853651873608035,0.0004882377359645578,31.917206708380654,[],2.8569835197943347e-06,-1.556508395995004e-08,0.005886255533342471,3.1880133003647924e-05,0.0006116151252610891,0.0006129337520856923,0.0006116136337862202,0.002151336616912023,2.438589963429194e-06,True
S01,source,regular-sensitivity,20,0.001,confirmatory,0.0016492285865643275,0.0016178839578693451,0.0016498011645777258,31.917206708380654,[],3.134462869498235e-05,-5.725780133983283e-07,0.019373842321955725,0.0003470588005948476,0.0020284996656418364,0.0020431125069523084,0.0020284445258470624,0.007152245048056539,2.7183289496629557e-05,True
S01,source,regular-sensitivity,20,0.003,extended-local,0.005125742144090895,0.004853651873608035,0.0051409067339834615,31.917206708380654,[],0.0002720902704828592,-1.5164589892566888e-05,0.05605887640239777,0.002949788953050412,0.005998806794371647,0.006129337520856925,0.005997325690909712,0.02129605785961489,0.00024696065184193157,True
S01,source,regular-sensitivity,20,0.01,extended-local,0.018844599281606422,0.01617883957869345,0.019370560249531515,31.917206708380654,[],0.002665759702912971,-0.0005259609679250932,0.16476828822900344,0.02715259451196378,0.019018207270397103,0.020431125069523083,0.019370560249531515,0.06915516371800869,0.01819012845242483,True
S01,source,regular-sensitivity,20,0.03,stress,0.065330729093386,0.04853651873608035,0.07726200477362294,31.917206708380654,[],0.016794210357305647,-0.011931275680236941,0.34601184416675973,0.15442617254361293,0.065330729093386,0.06129337520856924,0.07726200477362294,0.06586933532504023,0.15442617254361293,True
S01,source,regular-sensitivity,20,0.1,stress,0.21194652538720105,0.16178839578693452,0.4809604628707411,31.917206708380654,[],0.05015812960026653,-0.2690139374835401,0.3100230356837318,0.5593265107028933,0.21194652538720105,0.20431125069523082,0.4809604628707411,0.03737079904307226,0.5593265107028933,True
S01,source,regular-sensitivity,50,0.0001,confirmatory,0.0021670589954753336,0.002168941130741439,0.002167058985086073,-188.21456553667446,[],-1.8821352661055335e-06,1.0389260632348574e-11,0.0008677668745495814,4.7941752872665465e-09,0.0021670589954753336,0.002168941130741439,0.002167058985086073,0.0008677668745495814,4.7941752872665465e-09,True
S01,source,regular-sensitivity,50,0.0003,confirmatory,0.006489884438636344,0.006506823392224318,0.006489884081326017,-188.21456553667446,[],-1.6938953587974405e-05,3.573103271592437e-10,0.0026032600805204775,5.5056503734383784e-08,0.006489884438636344,0.006506823392224318,0.006489884081326017,0.0026032600805204775,5.5056503734383784e-08,True
S01,source,regular-sensitivity,50,0.001,confirmatory,0.02150121987585077,0.021689411307414395,0.02150119674187772,-188.21456553667446,[],-0.00018819143156362586,2.313397304970488e-08,0.008676650043484295,1.0759388571449614e-06,0.02150121987585077,0.021689411307414395,0.02150119674187772,0.008676650043484295,1.0759388571449614e-06,True
S01,source,regular-sensitivity,50,0.003,extended-local,0.06337567825694541,0.06506823392224317,0.0633743028324131,-188.21456553667446,[],-0.0016925556652977597,1.3754245323099878e-06,0.026012011749394815,2.1703189949831213e-05,0.06337567825694541,0.06506823392224317,0.0633743028324131,0.026012011749394815,2.1703189949831213e-05,True
S01,source,regular-sensitivity,50,0.01,extended-local,0.19821518164922852,0.21689411307414394,0.1980726565204765,-188.21456553667446,[],-0.018678931424915418,0.0001425251287520135,0.08612004798180087,0.0007195598385750909,0.19821518164922852,0.21689411307414394,0.1980726565204765,0.08612004798180087,0.0007195598385750909,True
S01,source,regular-sensitivity,50,0.03,stress,0.4908017445396975,0.6506823392224318,0.4812892302394248,-188.21456553667446,[],-0.1598805946827343,0.009512514300272668,0.24571220862363086,0.01976465231840014,0.4908017445396975,0.6506823392224318,0.4812892302394248,0.24571220862363086,0.01976465231840014,True
S01,source,regular-sensitivity,50,0.1,stress,0.887179240642419,2.1689411307414392,0.2880572506841532,-188.21456553667446,[],-1.2817618900990202,0.5991219899582658,0.5909620468402744,2.0798712357884246,0.887179240642419,2.1689411307414392,0.6136398934826175,0.5909620468402744,0.44576526080690687,True
S02,source,regular-sensitivity,1,0.0001,confirmatory,1.2549008953088858e-06,1.254900895379285e-06,1.254900895379285e-06,0.0,[],-7.039923758690985e-17,-7.039923758690985e-17,5.6099440080192283e-11,5.6099440080192283e-11,1.2549008953088858e-06,1.254900895379285e-06,1.254900895379285e-06,5.6099440080192283e-11,5.6099440080192283e-11,True
S02,source,regular-sensitivity,1,0.0003,confirmatory,3.764702686093191e-06,3.764702686137855e-06,3.764702686137855e-06,0.0,[],-4.4664047308719257e-17,-4.4664047308719257e-17,1.1863897638763966e-11,1.1863897638763966e-11,3.764702686093191e-06,3.764702686137855e-06,3.764702686137855e-06,1.1863897638763966e-11,1.1863897638763966e-11,True
S02,source,regular-sensitivity,1,0.001,confirmatory,1.2549008953866014e-05,1.2549008953792851e-05,1.2549008953792851e-05,0.0,[],7.316331785203745e-17,7.316331785203745e-17,5.830206841148547e-12,5.830206841148547e-12,1.2549008953866014e-05,1.2549008953792851e-05,1.2549008953792851e-05,5.830206841148547e-12,5.830206841148547e-12,True
S02,source,regular-sensitivity,1,0.003,extended-local,3.7647026861376e-05,3.764702686137855e-05,3.764702686137855e-05,0.0,[],-2.55465136891897e-18,-2.55465136891897e-18,6.785798459797481e-14,6.785798459797481e-14,3.7647026861376e-05,3.764702686137855e-05,3.764702686137855e-05,6.785798459797481e-14,6.785798459797481e-14,True
S02,source,regular-sensitivity,1,0.01,extended-local,0.000125490089537994,0.0001254900895379285,0.0001254900895379285,0.0,[],6.55129162724366e-17,6.55129162724366e-17,5.22056494769141e-13,5.22056494769141e-13,0.000125490089537994,0.0001254900895379285,0.0001254900895379285,5.22056494769141e-13,5.22056494769141e-13,True
S02,source,regular-sensitivity,1,0.03,stress,0.000376470268613871,0.0003764702686137855,0.0003764702686137855,0.0,[],8.548934130048202e-17,8.548934130048202e-17,2.2708125562017246e-13,2.2708125562017246e-13,0.000376470268613871,0.0003764702686137855,0.0003764702686137855,2.2708125562017246e-13,2.2708125562017246e-13,True
S02,source,regular-sensitivity,1,0.1,stress,0.0012549008953793295,0.0012549008953792852,0.0012549008953792852,0.0,[],4.423544863740858e-17,4.423544863740858e-17,3.525015306012569e-14,3.525015306012569e-14,0.0012549008953793295,0.0012549008953792852,0.0012549008953792852,3.525015306012569e-14,3.525015306012569e-14,True
S02,source,regular-sensitivity,5,0.0001,confirmatory,1.936452447759418e-05,1.9365382852136104e-05,1.9364524465528684e-05,-0.08583866074188085,[],-8.583745419234743e-10,1.206549644265989e-14,4.432520381742884e-05,6.230721784125403e-10,1.936452447759418e-05,1.9365382852136104e-05,1.9364524465528684e-05,4.432520381742884e-05,6.230721784125403e-10,True
S02,source,regular-sensitivity,5,0.0003,confirmatory,5.808842340254694e-05,5.8096148556408305e-05,5.808842307694153e-05,-0.08583866074188085,[],-7.725153861364768e-09,3.25605407707711e-13,0.00013297187599043764,5.6053407970195275e-09,5.808842340254694e-05,5.8096148556408305e-05,5.808842307694153e-05,0.00013297187599043764,5.6053407970195275e-09,True
S02,source,regular-sensitivity,5,0.001,confirmatory,0.000193568001915001,0.000193653828521361,0.00019356798986061916,-0.08583866074188085,[],-8.582660636000366e-08,1.2054381852508872e-11,0.0004431960215572838,6.227466566754538e-08,0.000193568001915001,0.000193653828521361,0.00019356798986061916,0.0004431960215572838,6.227466566754538e-08,True
S02,source,regular-sensitivity,5,0.003,extended-local,0.0005801892631503436,0.000580961485564083,0.0005801889376174062,-0.08583866074188085,[],-7.722224137394562e-07,3.255329374118876e-10,0.0013292144710585572,5.610809105542679e-07,0.0005801892631503436,0.000580961485564083,0.0005801889376174062,0.0013292144710585572,5.610809105542679e-07,True
S02,source,regular-sensitivity,5,0.01,extended-local,0.0019279664841983513,0.0019365382852136103,0.0019279544191394223,-0.08583866074188085,[],-8.571801015259083e-06,1.2065058928919375e-08,0.004426352466516596,6.257958595465568e-06,0.0019279664841983513,0.0019365382852136103,0.0019279544191394223,0.004426352466516596,6.257958595465568e-06,True
S02,source,regular-sensitivity,5,0.03,stress,0.005732686452288638,0.00580961485564083,0.005732360060973139,-0.08583866074188085,[],-7.692840335219234e-05,3.2639131549924705e-07,0.013241566827360149,5.6938383497815057e-05,0.005732686452288638,0.00580961485564083,0.005732360060973139,0.013241566827360149,5.6938383497815057e-05,True
S02,source,regular-sensitivity,5,0.1,stress,0.018519165280077354,0.019365382852136105,0.018506996244717296,-0.08583866074188085,[],-0.0008462175720587509,1.2169035360058006e-05,0.043697435703699945,0.000657537030815121,0.018519165280077354,0.019365382852136105,0.018506996244717296,0.043697435703699945,0.000657537030815121,True
S02,source,regular-sensitivity,20,0.0001,confirmatory,0.00025532779167614095,0.0002553739038781298,0.0002553277893578577,-4.611452027215641,[],-4.611220198887621e-08,2.3182832606730153e-12,0.0001805674005394145,9.079635501107943e-09,0.00025532779167614095,0.0002553739038781298,0.0002553277893578577,0.0001805674005394145,9.079635501107943e-09,True
S02,source,regular-sensitivity,20,0.0003,confirmatory,0.0007657067435715703,0.0007661217116343895,0.00076570668095194,-4.611452027215641,[],-4.1496806281915606e-07,6.261963029271372e-11,0.0005416476997289279,8.178018012702187e-08,0.0007657067435715703,0.0007661217116343895,0.00076570668095194,0.0005416476997289279,8.178018012702187e-08,True
S02,source,regular-sensitivity,20,0.001,confirmatory,0.002549129909655251,0.002553739038781298,0.0025491275867540824,-4.611452027215641,[],-4.609129126046697e-06,2.322901168725494e-09,0.0018048551774680463,9.112533953953037e-07,0.002549129909655251,0.002553739038781298,0.0025491275867540824,0.0018048551774680463,9.112533953953037e-07,True
S02,source,regular-sensitivity,20,0.003,extended-local,0.0076197770475041615,0.007661217116343894,0.007619714048098953,-4.611452027215641,[],-4.144006883973275e-05,6.299940520822223e-08,0.005409071197228893,8.26794874591652e-06,0.0076197770475041615,0.007661217116343894,0.007619714048098953,0.005409071197228893,8.26794874591652e-06,True
S02,source,regular-sensitivity,20,0.01,extended-local,0.0250786143260191,0.025537390387812983,0.02507624518509142,-4.611452027215641,[],-0.00045877606179388353,2.3691409276813125e-06,0.017964876396016634,9.447749893153214e-05,0.0250786143260191,0.025537390387812983,0.02507624518509142,0.017964876396016634,9.447749893153214e-05,True
S02,source,regular-sensitivity,20,0.03,stress,0.07252845652447548,0.07661217116343894,0.07246186433894486,-4.611452027215641,[],-0.004083714638963454,6.659218553062285e-05,0.053303731991246515,0.0009189963043061351,0.07252845652447548,0.07661217116343894,0.07246186433894486,0.053303731991246515,0.0009189963043061351,True
S02,source,regular-sensitivity,20,0.1,stress,0.2120089453803492,0.25537390387812986,0.2092593836059734,-4.611452027215641,[],-0.04336495849778066,0.002749561774375797,0.16980967060156385,0.013139490937013875,0.2120089453803492,0.25537390387812986,0.2092593836059734,0.16980967060156385,0.013139490937013875,True
S02,source,regular-sensitivity,50,0.0001,confirmatory,0.0008125528213264663,0.0008127397814572995,0.0008125528504933529,-18.693096394658102,[],-1.8696013083323824e-07,-2.916688657088329e-11,0.00023003688892649698,3.5895371671115554e-08,0.0008125528213264663,0.0008127397814572995,0.0008125528504933529,0.00023003688892649698,3.5895371671115554e-08,True
S02,source,regular-sensitivity,50,0.0003,confirmatory,0.0024365361790443067,0.0024382193443718983,0.0024365369656963788,-18.693096394658102,[],-1.683165327591614e-06,-7.866520720413439e-10,0.0006903256392731183,3.2285661293733477e-07,0.0024365361790443067,0.0024382193443718983,0.0024365369656963788,0.0006903256392731183,3.2285661293733477e-07,True
S02,source,regular-sensitivity,50,0.001,confirmatory,0.008108675693934912,0.008127397814572994,0.008108704718178336,-18.693096394658102,[],-1.8722120638081652e-05,-2.9024243423589335e-08,0.0023035811787767515,3.5793933103177285e-06,0.008108675693934912,0.008127397814572994,0.008108704718178336,0.0023035811787767515,3.5793933103177285e-06,True
S02,source,regular-sensitivity,50,0.003,extended-local,0.02421318051860419,0.02438219344371898,0.02421395557616706,-18.693096394658102,[],-0.00016901292511478996,-7.750575628691359e-07,0.00693181790657677,3.200871334016973e-05,0.02421318051860419,0.02438219344371898,0.02421395557616706,0.00693181790657677,3.200871334016973e-05,True
S02,source,regular-sensitivity,50,0.01,extended-local,0.0793770905644877,0.08127397814572995,0.07940466850626413,-18.693096394658102,[],-0.0018968875812422487,-2.757794177642159e-05,0.023339420864092512,0.00034730882069290426,0.0793770905644877,0.08127397814572995,0.07940466850626413,0.023339420864092512,0.00034730882069290426,True
S02,source,regular-sensitivity,50,0.03,stress,0.22634313910474715,0.2438219344371898,0.2269981476819975,-18.693096394658102,[],-0.017478795332442648,-0.0006550085772503433,0.07168672241399719,0.0028855238861594024,0.22634313910474715,0.2438219344371898,0.2269981476819975,0.07168672241399719,0.0028855238861594024,True
S02,source,regular-sensitivity,50,0.1,stress,0.613403457210946,0.8127397814572994,0.6258088175107184,-18.693096394658102,[],-0.1993363242463534,-0.01240536029977235,0.24526463302796547,0.01982292347544285,0.613403457210946,0.8127397814572994,0.6258088175107184,0.24526463302796547,0.01982292347544285,True
S03,source,regular-sensitivity,1,0.0001,confirmatory,7.361284317261574e-05,7.361284317261468e-05,7.361284317261468e-05,0.0,[],1.0570971181733668e-18,1.0570971181733668e-18,1.436022672965614e-14,1.436022672965614e-14,7.361284317261574e-05,7.361284317261468e-05,7.361284317261468e-05,1.436022672965614e-14,1.436022672965614e-14,True
S03,source,regular-sensitivity,1,0.0003,confirmatory,0.00022083852951790273,0.00022083852951784404,0.00022083852951784404,0.0,[],5.868244258577793e-17,5.868244258577793e-17,2.6572556298893627e-13,2.6572556298893627e-13,0.00022083852951790273,0.00022083852951784404,0.00022083852951784404,2.6572556298893627e-13,2.6572556298893627e-13,True
S03,source,regular-sensitivity,1,0.001,confirmatory,0.0007361284317261713,0.0007361284317261469,0.0007361284317261469,0.0,[],2.439454888092385e-17,2.439454888092385e-17,3.3138984760744935e-14,3.3138984760744935e-14,0.0007361284317261713,0.0007361284317261469,0.0007361284317261469,3.3138984760744935e-14,3.3138984760744935e-14,True
S03,source,regular-sensitivity,1,0.003,extended-local,0.0022083852951784444,0.0022083852951784405,0.0022083852951784405,0.0,[],3.903127820947816e-18,3.903127820947816e-18,1.7674125205730633e-15,1.7674125205730633e-15,0.0022083852951784444,0.0022083852951784405,0.0022083852951784405,1.7674125205730633e-15,1.7674125205730633e-15,True
S03,source,regular-sensitivity,1,0.01,extended-local,0.007361284317261449,0.007361284317261468,0.007361284317261468,0.0,[],-1.9081958235744878e-17,-1.9081958235744878e-17,2.5922050301738264e-15,2.5922050301738264e-15,0.007361284317261449,0.007361284317261468,0.007361284317261468,2.5922050301738264e-15,2.5922050301738264e-15,True
S03,source,regular-sensitivity,1,0.03,stress,0.02208385295178439,0.022083852951784406,0.022083852951784406,0.0,[],-1.734723475976807e-17,-1.734723475976807e-17,7.855166758102504e-16,7.855166758102504e-16,0.02208385295178439,0.022083852951784406,0.022083852951784406,7.855166758102504e-16,7.855166758102504e-16,True
S03,source,regular-sensitivity,1,0.1,stress,0.07361284317261467,0.07361284317261468,0.07361284317261468,0.0,[],-1.3877787807814457e-17,-1.3877787807814457e-17,1.885240021944601e-16,1.885240021944601e-16,0.07361284317261467,0.07361284317261468,0.07361284317261468,1.885240021944601e-16,1.885240021944601e-16,True
S03,source,regular-sensitivity,5,0.0001,confirmatory,0.0003679800660056215,0.00036805245815861094,0.0003679800589885979,-7.2399170012986565,[],-7.239215298943851e-08,7.0170235724406615e-12,0.00019668976903895955,1.9069032141923994e-08,0.0003679800660056215,0.00036805245815861094,0.0003679800589885979,0.00019668976903895955,1.9069032141923994e-08,True
S03,source,regular-sensitivity,5,0.0003,confirmatory,0.0011035059713931372,0.0011041573744758324,0.0011035057819457155,-7.2399170012986565,[],-6.514030826952101e-07,1.8944742172580242e-10,0.0005899549264926527,1.71677778970733e-07,0.0011035059713931372,0.0011041573744758324,0.0011035057819457155,0.0005899549264926527,1.71677778970733e-07,True
S03,source,regular-sensitivity,5,0.001,confirmatory,0.00367329167893074,0.003680524581586109,0.0036732846645848105,-7.2399170012986565,[],-7.232902655368665e-06,7.014345929610977e-09,0.0019651825426069214,1.9095568598966193e-06,0.00367329167893074,0.003680524581586109,0.0036732846645848105,0.0019651825426069214,1.9095568598966193e-06,True
S03,source,regular-sensitivity,5,0.003,extended-local,0.010976603706972843,0.011041573744758327,0.01097641449174664,-7.2399170012986565,[],-6.497003778548407e-05,1.8921522620257702e-07,0.005884128412068683,1.723834557676838e-05,0.010976603706972843,0.011041573744758327,0.01097641449174664,0.005884128412068683,1.723834557676838e-05,True
S03,source,regular-sensitivity,5,0.01,extended-local,0.03608823979539627,0.03680524581586109,0.03608125411573123,-7.2399170012986565,[],-0.0007170060204648165,6.985679665040545e-06,0.01948108223626713,0.000193609668960892,0.03608823979539627,0.03680524581586109,0.03608125411573123,0.01948108223626713,0.000193609668960892,True
S03,source,regular-sensitivity,5,0.03,stress,0.10408671050276355,0.11041573744758326,0.10389981214641447,-7.2399170012986565,[],-0.00632902694481971,0.00018689835634908003,0.057319971691754866,0.001798832476094422,0.10408671050276355,0.11041573744758326,0.10389981214641447,0.057319971691754866,0.001798832476094422,True
S03,source,regular-sensitivity,5,0.1,stress,0.3023552795483062,0.3680524581586109,0.2956532881456243,-7.2399170012986565,[],-0.06569717861030466,0.006701991402681906,0.1784994968896328,0.02266841490151408,0.3023552795483062,0.3680524581586109,0.2956532881456243,0.1784994968896328,0.02266841490151408,True
S03,source,regular-sensitivity,20,0.0001,confirmatory,0.0014673754087908553,0.0014686808254627988,0.0014673747008000805,-130.61246627182072,[],-1.3054166719435323e-06,7.07990774730452e-10,0.0008888361918473199,4.824880613959221e-07,0.0014673754087908553,0.0014686808254627988,0.0014673747008000805,0.0008888361918473199,4.824880613959221e-07,True
S03,source,regular-sensitivity,20,0.0003,confirmatory,0.0043943064568130324,0.0044060424763883955,0.004394287354423931,-130.61246627182072,[],-1.173601957536307e-05,1.9102389101077755e-08,0.002663619254298022,4.347096027265149e-06,0.0043943064568130324,0.0044060424763883955,0.004394287354423931,0.002663619254298022,4.347096027265149e-06,True
S03,source,regular-sensitivity,20,0.001,confirmatory,0.014556901553319804,0.014686808254627988,0.014556195788356166,-130.61246627182072,[],-0.00012990670130818421,7.057649636377228e-07,0.008845128162359515,4.8485536598942994e-05,0.014556901553319804,0.014686808254627988,0.014556195788356166,0.008845128162359515,4.8485536598942994e-05,True
S03,source,regular-sensitivity,20,0.003,extended-local,0.04290383541528457,0.044060424763883964,0.04288491256743757,-130.61246627182072,[],-0.001156589348599392,1.8922847846998547e-05,0.026250072594566555,0.0004412472059315011,0.04290383541528457,0.044060424763883964,0.04288491256743757,0.026250072594566555,0.0004412472059315011,True
S03,source,regular-sensitivity,20,0.01,extended-local,0.13449077945277277,0.14686808254627987,0.13380683591909778,-130.61246627182072,[],-0.012377303093507097,0.0006839435336749855,0.08427496893075365,0.0051114244573312465,0.13449077945277277,0.14686808254627987,0.13380683591909778,0.08427496893075365,0.0051114244573312465,True
S03,source,regular-sensitivity,20,0.03,stress,0.34028754427474817,0.44060424763883954,0.32305302799420094,-130.61246627182072,[],-0.10031670336409138,0.01723451628054723,0.22767983718196091,0.05334887707926577,0.34028754427474817,0.44060424763883954,0.32305302799420094,0.22767983718196091,0.05334887707926577,True
S03,source,regular-sensitivity,20,0.1,stress,0.6700870285727993,1.4686808254627985,0.16255616274459123,-130.61246627182072,[],-0.7985937968899992,0.507530865828208,0.5437490454322184,3.1221877858032503,0.6700870285727993,1.4686808254627985,0.4190607810485438,0.5437490454322184,0.5990210940192392,True
S03,source,regular-sensitivity,50,0.0001,confirmatory,0.003611749941787132,0.0036192498543129673,0.003611740646155345,-750.9208157622612,[],-7.499912525835498e-06,9.2956317868792e-09,0.0020722284527822923,2.573726271506867e-06,0.003611749941787132,0.0036192498543129673,0.003611740646155345,0.0020722284527822923,2.573726271506867e-06,True
S03,source,regular-sensitivity,50,0.0003,confirmatory,0.01079041732020354,0.010857749562938902,0.010790166689520299,-750.9208157622612,[],-6.733224273536113e-05,2.5063068324199245e-07,0.006201307402151583,2.3227693366907085e-05,0.01079041732020354,0.010857749562938902,0.010790166689520299,0.006201307402151583,2.3227693366907085e-05,True
S03,source,regular-sensitivity,50,0.001,confirmatory,0.03545081482608324,0.03619249854312968,0.03544157772736742,-750.9208157622612,[],-0.000741683717046436,9.237098715822456e-06,0.02049274703050939,0.00026062888020613476,0.03545081482608324,0.03619249854312968,0.03544157772736742,0.02049274703050939,0.00026062888020613476,True
S03,source,regular-sensitivity,50,0.003,extended-local,0.10206510776506585,0.10857749562938904,0.10181920828752868,-750.9208157622612,[],-0.006512387864323191,0.00024589947753717034,0.0599791681192586,0.002415059807210162,0.10206510776506585,0.10857749562938904,0.10181920828752868,0.0599791681192586,0.002415059807210162,True
S03,source,regular-sensitivity,50,0.01,extended-local,0.2954927362443702,0.36192498543129675,0.28683290385507065,-750.9208157622612,[],-0.06643224918692653,0.008659832389299571,0.18355253674393582,0.030191209839981133,0.2954927362443702,0.36192498543129675,0.28683290385507065,0.18355253674393582,0.030191209839981133,True
S03,source,regular-sensitivity,50,0.03,stress,0.6118391732372347,1.08577495629389,0.40994622210785514,-750.9208157622612,[],-0.4739357830566554,0.20189295112937955,0.4364954084724475,0.4924864292962367,0.6118391732372347,1.08577495629389,0.4264210948245171,0.4364954084724475,0.4348238880841993,True
S03,source,regular-sensitivity,50,0.1,stress,0.8266684822919443,3.619249854312968,3.889958303309646,-750.9208157622612,[],-2.7925813720210235,-3.0632898210177015,0.7715912093477535,0.787486544113185,0.8266684822919443,3.619249854312968,3.889958303309646,0.7715912093477535,0.787486544113185,True
S04,source,regular-sensitivity,1,0.0001,confirmatory,5.294438569598825e-05,5.294438569592275e-05,5.294438569592275e-05,0.0,[],6.549936374528054e-17,6.549936374528054e-17,1.2371352105483895e-12,1.2371352105483895e-12,5.294438569598825e-05,5.294438569592275e-05,5.294438569592275e-05,1.2371352105483895e-12,1.2371352105483895e-12,True
S04,source,regular-sensitivity,1,0.0003,confirmatory,0.00015883315708781903,0.00015883315708776824,0.00015883315708776824,0.0,[],5.079487178094588e-17,5.079487178094588e-17,3.1980017719396956e-13,3.1980017719396956e-13,0.00015883315708781903,0.00015883315708776824,0.00015883315708776824,3.1980017719396956e-13,3.1980017719396956e-13,True
S04,source,regular-sensitivity,1,0.001,confirmatory,0.0005294438569592233,0.0005294438569592275,0.0005294438569592275,0.0,[],-4.228388472693467e-18,-4.228388472693467e-18,7.98647187442784e-15,7.98647187442784e-15,0.0005294438569592233,0.0005294438569592275,0.0005294438569592275,7.98647187442784e-15,7.98647187442784e-15,True
S04,source,regular-sensitivity,1,0.003,extended-local,0.0015883315708777254,0.0015883315708776825,0.0015883315708776825,0.0,[],4.2934406030425976e-17,4.2934406030425976e-17,2.703113557498654e-14,2.703113557498654e-14,0.0015883315708777254,0.0015883315708776825,0.0015883315708776825,2.703113557498654e-14,2.703113557498654e-14,True
S04,source,regular-sensitivity,1,0.01,extended-local,0.005294438569592309,0.005294438569592275,0.005294438569592275,0.0,[],3.469446951953614e-17,3.469446951953614e-17,6.5530025636331006e-15,6.5530025636331006e-15,0.005294438569592309,0.005294438569592275,0.005294438569592275,6.5530025636331006e-15,6.5530025636331006e-15,True
S04,source,regular-sensitivity,1,0.03,stress,0.015883315708776893,0.015883315708776824,0.015883315708776824,0.0,[],6.938893903907228e-17,6.938893903907228e-17,4.3686683757554e-15,4.3686683757554e-15,0.015883315708776893,0.015883315708776824,0.015883315708776824,4.3686683757554e-15,4.3686683757554e-15,True
S04,source,regular-sensitivity,1,0.1,stress,0.05294438569592271,0.052944385695922754,0.052944385695922754,0.0,[],-4.163336342344337e-17,-4.163336342344337e-17,7.86360307635972e-16,7.86360307635972e-16,0.05294438569592271,0.052944385695922754,0.052944385695922754,7.86360307635972e-16,7.86360307635972e-16,True
S04,source,regular-sensitivity,5,0.0001,confirmatory,0.0002681280328238056,0.00026816143341546557,0.00026812803057918574,-3.34028362798282,[],-3.340059165997302e-08,2.244619854568919e-12,0.00012455404654786842,8.371447959843271e-09,0.0002681280328238056,0.00026816143341546557,0.00026812803057918574,0.00012455404654786842,8.371447959843271e-09,True
S04,source,regular-sensitivity,5,0.0003,confirmatory,0.0008041837353159192,0.0008044843002463966,0.000804183674719878,-3.34028362798282,[],-3.005649304773511e-07,6.059604120561835e-11,0.0003736119280205896,7.535099643340287e-08,0.0008041837353159192,0.0008044843002463966,0.000804183674719878,0.0003736119280205896,7.535099643340287e-08,True
S04,source,regular-sensitivity,5,0.001,confirmatory,0.002678276294110528,0.002681614334154656,0.0026782740505266727,-3.34028362798282,[],-3.338040044128035e-06,2.2435838551576603e-09,0.001244787515345792,8.376976414032268e-07,0.002678276294110528,0.002681614334154656,0.0026782740505266727,0.001244787515345792,8.376976414032268e-07,True
S04,source,regular-sensitivity,5,0.003,extended-local,0.008014840971673258,0.008044843002463966,0.00801478044981212,-3.34028362798282,[],-3.0002030790707984e-05,6.052186113728042e-08,0.003729349445541572,7.551281225513688e-06,0.008014840971673258,0.008044843002463966,0.00801478044981212,0.003729349445541572,7.551281225513688e-06,True
S04,source,regular-sensitivity,5,0.01,extended-local,0.026484349438218792,0.026816143341546556,0.02648211497874827,-3.34028362798282,[],-0.00033179390332776365,2.234459470520922e-06,0.012372916533963763,8.43761713259708e-05,0.026484349438218792,0.026816143341546556,0.02648211497874827,0.012372916533963763,8.43761713259708e-05,True
S04,source,regular-sensitivity,5,0.03,stress,0.07750196415788577,0.08044843002463967,0.07744217475945511,-3.34028362798282,[],-0.0029464658667539,5.978939843065412e-05,0.0366255235291908,0.0007720521617112034,0.07750196415788577,0.08044843002463967,0.07744217475945511,0.0366255235291908,0.0007720521617112034,True
S04,source,regular-sensitivity,5,0.1,stress,0.23690537817732232,0.2681614334154655,0.23475859713563732,-3.34028362798282,[],-0.03125605523814318,0.002146781041685003,0.11655686218576339,0.009144632264285723,0.23690537817732232,0.2681614334154655,0.23475859713563732,0.11655686218576339,0.009144632264285723,True
S04,source,regular-sensitivity,20,0.0001,confirmatory,0.0009880891082411775,0.0009888674129278309,0.0009880886629194553,-77.8750008375737,[],-7.783046866534013e-07,4.4532172220612676e-10,0.0007870667760696077,4.5069004322988317e-07,0.0009880891082411775,0.0009888674129278309,0.0009880886629194553,0.0007870667760696077,4.5069004322988317e-07,True
S04,source,regular-sensitivity,20,0.0003,confirmatory,0.0029596054999654203,0.0029666022387834926,0.0029595934887081113,-77.8750008375737,[],-6.996738818072258e-06,1.2011257309076095e-08,0.002358502507212222,4.058414560953476e-06,0.0029596054999654203,0.0029666022387834926,0.0029595934887081113,0.002358502507212222,4.058414560953476e-06,True
S04,source,regular-sensitivity,20,0.001,confirmatory,0.009811242386238081,0.00988867412927831,0.009810799128440736,-77.8750008375737,[],-7.743174304022937e-05,4.4325779734524784e-07,0.007830346316193195,4.5180600636321087e-05,0.009811242386238081,0.00988867412927831,0.009810799128440736,0.007830346316193195,4.5180600636321087e-05,True
S04,source,regular-sensitivity,20,0.003,extended-local,0.028976993315226157,0.029666022387834928,0.028965147380296763,-77.8750008375737,[],-0.0006890290726087704,1.184593492939423e-05,0.02322620348629275,0.00040897202330316134,0.028976993315226157,0.029666022387834928,0.028965147380296763,0.02322620348629275,0.00040897202330316134,True
S04,source,regular-sensitivity,20,0.01,extended-local,0.09152285287349342,0.0988867412927831,0.09109924120902572,-77.8750008375737,[],-0.007363888419289685,0.0004236116644676935,0.07446790462521907,0.004650002116875194,0.09152285287349342,0.0988867412927831,0.09109924120902572,0.07446790462521907,0.004650002116875194,True
S04,source,regular-sensitivity,20,0.03,stress,0.23698275624810305,0.2966602238783493,0.22657272312453297,-77.8750008375737,[],-0.05967746763024623,0.010410033123570084,0.20116437198779308,0.04594565921268614,0.23698275624810305,0.2966602238783493,0.22657272312453297,0.20116437198779308,0.04594565921268614,True
S04,source,regular-sensitivity,20,0.1,stress,0.5029527115247749,0.988867412927831,0.21011740455209393,-77.8750008375737,[],-0.48591470140305604,0.292835306972681,0.49138508868885017,1.3936746820041699,0.5033642210789597,0.988867412927831,0.3854356143440505,0.4909689463943373,0.30596188402466334,True
S04,source,regular-sensitivity,50,0.0001,confirmatory,0.0020032134561270565,0.0020085123220194468,0.002003202906771567,-530.9415247879889,[],-5.298865892390276e-06,1.0549355489424678e-08,0.002638204323816427,5.266244100267603e-06,0.0020032134561270565,0.0020085123220194468,0.002003202906771567,0.002638204323816427,5.266244100267603e-06,True
S04,source,regular-sensitivity,50,0.0003,confirmatory,0.00597803601870589,0.006025536966058341,0.005977752228827421,-530.9415247879889,[],-4.7500947352450626e-05,2.83789878469283e-07,0.00788327208347106,4.7474346143140565e-05,0.00597803601870589,0.006025536966058341,0.005977752228827421,0.00788327208347106,4.7474346143140565e-05,True
S04,source,regular-sensitivity,50,0.001,confirmatory,0.019564559434883166,0.02008512322019447,0.019554181695406483,-530.9415247879889,[],-0.0005205637853113038,1.0377739476683662e-05,0.02591787860120798,0.0005307171447180282,0.019564559434883166,0.02008512322019447,0.019554181695406483,0.02591787860120798,0.0005307171447180282,True
S04,source,regular-sensitivity,50,0.003,extended-local,0.055747312370908714,0.060255369660583404,0.05547689593749151,-530.9415247879889,[],-0.00450805728967469,0.00027041643341720045,0.07481585981578795,0.004874397329690033,0.055747312370908714,0.060255369660583404,0.05547689593749151,0.07481585981578795,0.004874397329690033,True
S04,source,regular-sensitivity,50,0.01,extended-local,0.15667987241843037,0.2008512322019447,0.1477570797231458,-530.9415247879889,[],-0.04417135978351433,0.008922792695284565,0.21992078066567444,0.06038825829532708,0.15667987241843037,0.2008512322019447,0.1477570797231458,0.21992078066567444,0.06038825829532708,True
S04,source,regular-sensitivity,50,0.03,stress,0.30810300162798687,0.602553696605834,0.12470632429664405,-530.9415247879889,[],-0.29445069497784715,0.18339667733134282,0.4886712945858247,1.4706285215743318,0.30810300162798687,0.602553696605834,0.23223869889496265,0.4886712945858247,0.32666520736639276,True
S04,source,regular-sensitivity,50,0.1,stress,0.3688283793075785,2.008512322019447,3.3009029258604436,-530.9415247879889,[],-1.6396839427118688,-2.9320745465528653,0.8163673803421121,0.8882643968660677,0.5033642210789597,2.008512322019447,3.3009029258604436,0.7493845491707738,0.8475071117252719,True
S05,source,regular-sensitivity,1,0.0001,confirmatory,4.4713082550480385e-05,4.4713082550447804e-05,4.4713082550447804e-05,0.0,[],3.258027528318941e-17,3.258027528318941e-17,7.286519610100806e-13,7.286519610100806e-13,4.4713082550480385e-05,4.4713082550447804e-05,4.4713082550447804e-05,7.286519610100806e-13,7.286519610100806e-13,True
S05,source,regular-sensitivity,1,0.0003,confirmatory,0.00013413924765131604,0.00013413924765134339,0.00013413924765134339,0.0,[],-2.734899980094685e-17,-2.734899980094685e-17,2.0388514383227163e-13,2.0388514383227163e-13,0.00013413924765131604,0.00013413924765134339,0.00013413924765134339,2.0388514383227163e-13,2.0388514383227163e-13,True
S05,source,regular-sensitivity,1,0.001,confirmatory,0.0004471308255044983,0.000447130825504478,0.000447130825504478,0.0,[],2.0328790734103208e-17,2.0328790734103208e-17,4.546497260878207e-14,4.546497260878207e-14,0.0004471308255044983,0.000447130825504478,0.000447130825504478,4.546497260878207e-14,4.546497260878207e-14,True
S05,source,regular-sensitivity,1,0.003,extended-local,0.001341392476513384,0.001341392476513434,0.001341392476513434,0.0,[],-5.0090140368830305e-17,-5.0090140368830305e-17,3.7341897502679676e-14,3.7341897502679676e-14,0.001341392476513384,0.001341392476513434,0.001341392476513434,3.7341897502679676e-14,3.7341897502679676e-14,True
S05,source,regular-sensitivity,1,0.01,extended-local,0.004471308255044858,0.00447130825504478,0.00447130825504478,0.0,[],7.806255641895632e-17,7.806255641895632e-17,1.7458549481772316e-14,1.7458549481772316e-14,0.004471308255044858,0.00447130825504478,0.00447130825504478,1.7458549481772316e-14,1.7458549481772316e-14,True
S05,source,regular-sensitivity,1,0.03,stress,0.013413924765134352,0.013413924765134339,0.013413924765134339,0.0,[],1.3877787807814457e-17,1.3877787807814457e-17,1.0345807100309522e-15,1.0345807100309522e-15,0.013413924765134352,0.013413924765134339,0.013413924765134339,1.0345807100309522e-15,1.0345807100309522e-15,True
S05,source,regular-sensitivity,1,0.1,stress,0.0447130825504478,0.0447130825504478,0.0447130825504478,0.0,[],0.0,0.0,0.0,0.0,0.0447130825504478,0.0447130825504478,0.0447130825504478,0.0,0.0,True
S05,source,regular-sensitivity,5,0.0001,confirmatory,0.00024186911959691638,0.0002418850193929837,0.00024186911933406392,-1.5900058919764457,[],-1.589979606731861e-08,2.628524568143442e-13,6.57328680677271e-05,1.0867549257137641e-09,0.00024186911959691638,0.0002418850193929837,0.00024186911933406392,6.57328680677271e-05,1.0867549257137641e-09,True
S05,source,regular-sensitivity,5,0.0003,confirmatory,0.0007255119647471553,0.000725655058178951,0.0007255119576486731,-1.5900058919764457,[],-1.4309343179569507e-07,7.098482175324494e-12,0.0001971920820820729,9.784100869033385e-09,0.0007255119647471553,0.000725655058178951,0.0007255119576486731,0.0001971920820820729,9.784100869033385e-09,True
S05,source,regular-sensitivity,5,0.001,confirmatory,0.0024172604510079793,0.0024188501939298368,0.0024172601880378605,-1.5900058919764457,[],-1.5897429218574705e-06,2.6297011877091103e-10,0.0006572308305189668,1.0878850364236928e-07,0.0024172604510079793,0.0024188501939298368,0.0024172601880378605,0.0006572308305189668,1.0878850364236928e-07,True
S05,source,regular-sensitivity,5,0.003,extended-local,0.0072422476337699465,0.007256550581789511,0.007242240528761722,-1.5900058919764457,[],-1.4302948019564651e-05,7.105008224123077e-09,0.0019710395260605284,9.810511258092515e-07,0.0072422476337699465,0.007256550581789511,0.007242240528761722,0.0019710395260605284,9.810511258092515e-07,True
S05,source,regular-sensitivity,5,0.01,extended-local,0.024029765119460464,0.02418850193929837,0.02402950135010072,-1.5900058919764457,[],-0.0001587368198379055,2.637693597429269e-07,0.0065624907336659126,1.0976896935974967e-05,0.024029765119460464,0.02418850193929837,0.02402950135010072,0.0065624907336659126,1.0976896935974967e-05,True
S05,source,regular-sensitivity,5,0.03,stress,0.07114166948612184,0.0725655058178951,0.0711345005151163,-1.5900058919764457,[],-0.0014238363317732594,7.168971005541702e-06,0.019621393329034478,0.00010078050669686327,0.07114166948612184,0.0725655058178951,0.0711345005151163,0.019621393329034478,0.00010078050669686327,True
S05,source,regular-sensitivity,5,0.1,stress,0.22625630141597505,0.24188501939298368,0.22598496047321923,-1.5900058919764457,[],-0.015628717977008627,0.00027134094275582665,0.0646121782003254,0.001200703543225313,0.22625630141597505,0.24188501939298368,0.22598496047321923,0.0646121782003254,0.001200703543225313,True
S05,source,regular-sensitivity,20,0.0001,confirmatory,0.00127248969057088,0.0012731449866302427,0.0012724895223724512,-65.54642577914228,[],-6.552960593628025e-07,1.6819842870927082e-10,0.0005147065465789868,1.321806001165957e-07,0.00127248969057088,0.0012731449866302427,0.0012724895223724512,0.0005147065465789868,1.321806001165957e-07,True
S05,source,regular-sensitivity,20,0.0003,confirmatory,0.0038135403230005116,0.0038194349598907273,0.0038135357815706045,-65.54642577914228,[],-5.894636890215691e-06,4.541429907047728e-09,0.0015433269455082787,1.1908711933410365e-06,0.0038135403230005116,0.0038194349598907273,0.0038135357815706045,0.0015433269455082787,1.1908711933410365e-06,True
S05,source,regular-sensitivity,20,0.001,confirmatory,0.012666071648470983,0.012731449866302424,0.012665903440523284,-65.54642577914228,[],-6.537821783144174e-05,1.682079476990339e-07,0.005135174588754786,1.3280375023298338e-05,0.012666071648470983,0.012731449866302424,0.012665903440523284,0.005135174588754786,1.3280375023298338e-05,True
S05,source,regular-sensitivity,20,0.003,extended-local,0.037608973523142256,0.03819434959890727,0.037604431766895,-65.54642577914228,[],-0.0005853760757650178,4.541756247256057e-06,0.015326248042243537,0.00012077715401763854,0.037608973523142256,0.03819434959890727,0.037604431766895,0.015326248042243537,0.00012077715401763854,True
S05,source,regular-sensitivity,20,0.01,extended-local,0.12092793112444204,0.12731449866302424,0.12075985608511003,-65.54642577914228,[],-0.006386567538582202,0.0001680750393320135,0.05016370959827723,0.001391812186440139,0.12092793112444204,0.12731449866302424,0.12075985608511003,0.05016370959827723,0.001391812186440139,True
S05,source,regular-sensitivity,20,0.03,stress,0.3274489914516263,0.38194349598907273,0.32295171278784474,-65.54642577914228,[],-0.05449450453744642,0.004497278663781579,0.1426768752700674,0.013925545168840632,0.3274489914516263,0.38194349598907273,0.32295171278784474,0.1426768752700674,0.013925545168840632,True
S05,source,regular-sensitivity,20,0.1,stress,0.7719978634454845,1.2731449866302427,0.6176807288388197,-65.54642577914228,[],-0.5011471231847582,0.15431713460666474,0.3936292633183855,0.2498331701181063,0.7719978634454845,1.2731449866302427,0.6325949290502549,0.3936292633183855,0.22036682242224395,True
S05,source,regular-sensitivity,50,0.0001,confirmatory,0.00514549424058057,0.00516102896557736,0.005145448438659577,-1558.0526917783313,[],-1.553472499679024e-05,4.5801920992884215e-08,0.0030100053885383266,8.901443973038026e-06,0.00514549424058057,0.00516102896557736,0.005145448438659577,0.0030100053885383266,8.901443973038026e-06,True
S05,source,regular-sensitivity,50,0.0003,confirmatory,0.015344091265436413,0.015483086896732078,0.015342862154472028,-1558.0526917783313,[],-0.00013899563129566445,1.2291109643854103e-06,0.008977255777399365,8.010962700509943e-05,0.015344091265436413,0.015483086896732078,0.015342862154472028,0.008977255777399365,8.010962700509943e-05,True
S05,source,regular-sensitivity,50,0.001,confirmatory,0.050096808935443216,0.051610289655773606,0.05005223696399527,-1558.0526917783313,[],-0.0015134807203303902,4.4571971447943115e-05,0.029325173922194372,0.0008905090791447673,0.050096808935443216,0.051610289655773606,0.05005223696399527,0.029325173922194372,0.0008905090791447673,True
S05,source,regular-sensitivity,50,0.003,extended-local,0.14194419486018972,0.1548308689673208,0.14080839474131585,-1558.0526917783313,[],-0.012886674107131069,0.0011358001188738753,0.0832306515689128,0.008066281282167121,0.14194419486018972,0.1548308689673208,0.14080839474131585,0.0832306515689128,0.008066281282167121,True
S05,source,regular-sensitivity,50,0.01,extended-local,0.39547981950430733,0.5161028965577359,0.36029762737990284,-1558.0526917783313,[],-0.12062307705342856,0.03518219212440449,0.2337190468372707,0.09764758202892047,0.39547981950430733,0.5161028965577359,0.36029762737990284,0.2337190468372707,0.09764758202892047,True
S05,source,regular-sensitivity,50,0.03,stress,0.7955734885354881,1.548308689673208,0.4456311505052729,-1558.0526917783313,[],-0.7527352011377197,0.34994233803021524,0.48616610250801795,0.7852735106902599,0.7955734885354881,1.548308689673208,0.5143616896139902,0.48616610250801795,0.5467199532930557,True
S05,source,regular-sensitivity,50,0.1,stress,1.0887953214053008,5.16102896557736,12.769705273038646,-1558.0526917783313,[],-4.0722336441720595,-11.680909951633346,0.7890352236603853,0.914736064918888,1.0887953214053008,5.16102896557736,12.769705273038646,0.7890352236603853,0.914736064918888,True
S06,source,regular-sensitivity,1,0.0001,confirmatory,2.3333333333375172e-05,2.3333333333333336e-05,2.3333333333333336e-05,0.0,[],4.18366513307844e-17,4.18366513307844e-17,1.7929993427479028e-12,1.7929993427479028e-12,2.3333333333375172e-05,2.3333333333333336e-05,2.3333333333333336e-05,1.7929993427479028e-12,1.7929993427479028e-12,True
S06,source,regular-sensitivity,1,0.0003,confirmatory,7.000000000007e-05,7e-05,7e-05,0.0,[],7.001235528825145e-17,7.001235528825145e-17,1.0001765041178778e-12,1.0001765041178778e-12,7.000000000007e-05,7e-05,7e-05,1.0001765041178778e-12,1.0001765041178778e-12,True
S06,source,regular-sensitivity,1,0.001,confirmatory,0.00023333333333336315,0.00023333333333333333,0.00023333333333333333,0.0,[],2.981555974335137e-17,2.981555974335137e-17,1.2778097032864874e-13,1.2778097032864874e-13,0.00023333333333336315,0.00023333333333333333,0.00023333333333333333,1.2778097032864874e-13,1.2778097032864874e-13,True
S06,source,regular-sensitivity,1,0.003,extended-local,0.0007000000000000339,0.0007,0.0007,0.0,[],3.393552799879629e-17,3.393552799879629e-17,4.847932571256613e-14,4.847932571256613e-14,0.0007000000000000339,0.0007,0.0007,4.847932571256613e-14,4.847932571256613e-14,True
S06,source,regular-sensitivity,1,0.01,extended-local,0.002333333333333354,0.002333333333333333,0.002333333333333333,0.0,[],2.0816681711721685e-17,2.0816681711721685e-17,8.921435019309294e-15,8.921435019309294e-15,0.002333333333333354,0.002333333333333333,0.002333333333333333,8.921435019309294e-15,8.921435019309294e-15,True
S06,source,regular-sensitivity,1,0.03,stress,0.007000000000000006,0.006999999999999999,0.006999999999999999,0.0,[],6.938893903907228e-18,6.938893903907228e-18,9.912705577010327e-16,9.912705577010327e-16,0.007000000000000006,0.006999999999999999,0.006999999999999999,9.912705577010327e-16,9.912705577010327e-16,True
S06,source,regular-sensitivity,1,0.1,stress,0.023333333333333317,0.023333333333333334,0.023333333333333334,0.0,[],-1.734723475976807e-17,-1.734723475976807e-17,7.434529182757744e-16,7.434529182757744e-16,0.023333333333333317,0.023333333333333334,0.023333333333333334,7.434529182757744e-16,7.434529182757744e-16,True
S06,source,regular-sensitivity,5,0.0001,confirmatory,0.00011665366743002226,0.00011666666666666667,0.00011665366666666668,-1.3000000000000003,[],-1.2999236644409013e-08,7.633555788345847e-13,0.00011142202838064868,6.54377698230304e-09,0.00011665366743002226,0.00011666666666666667,0.00011665366666666668,0.00011142202838064868,6.54377698230304e-09,True
S06,source,regular-sensitivity,5,0.0003,confirmatory,0.00034988302060828813,0.00034999999999999994,0.000349883,-1.3000000000000003,[],-1.1697939171181112e-07,2.0608288133720093e-11,0.0003342268334623175,5.890051283920652e-08,0.00034988302060828813,0.00034999999999999994,0.000349883,0.0003342268334623175,5.890051283920652e-08,True
S06,source,regular-sensitivity,5,0.001,confirmatory,0.0011653674297679717,0.0011666666666666668,0.0011653666666666667,-1.3000000000000003,[],-1.2992368986950668e-06,7.631013050190399e-10,0.0011136316274529142,6.548164855287663e-07,0.0011653674297679717,0.0011666666666666668,0.0011653666666666667,0.0011136316274529142,6.548164855287663e-07,True
S06,source,regular-sensitivity,5,0.003,extended-local,0.003488320591201577,0.0035000000000000005,0.0034883000000000006,-1.3000000000000003,[],-1.1679408798423614e-05,2.059120157629074e-08,0.0033369739424067464,5.90293311248767e-06,0.003488320591201577,0.0035000000000000005,0.0034883000000000006,0.0033369739424067464,5.90293311248767e-06,True
S06,source,regular-sensitivity,5,0.01,extended-local,0.011537427681221235,0.011666666666666667,0.011536666666666667,-1.3000000000000003,[],-0.00012923898544543212,7.610145545677849e-07,0.011077627323894182,6.59648559290192e-05,0.011537427681221235,0.011666666666666667,0.011536666666666667,0.011077627323894182,6.59648559290192e-05,True
S06,source,regular-sensitivity,5,0.03,stress,0.03385042264670307,0.035,0.03383,-1.3000000000000003,[],-0.0011495773532969322,2.0422646703072145e-05,0.0328450672370552,0.0006036845020121829,0.03385042264670307,0.035,0.03383,0.0328450672370552,0.0006036845020121829,True
S06,source,regular-sensitivity,5,0.1,stress,0.10440707210000016,0.11666666666666667,0.10366666666666667,-1.3000000000000003,[],-0.012259594566666504,0.0007404054333334936,0.10508223914285575,0.0071421745980722855,0.10440707210000016,0.11666666666666667,0.10366666666666667,0.10508223914285575,0.0071421745980722855,True
S06,source,regular-sensitivity,20,0.0001,confirmatory,0.0004664197536640158,0.00046666666666666704,0.000466419666666667,-24.700000000000017,[],-2.469130026512621e-07,8.699734877805343e-11,0.0005290992913955612,1.8652161346409786e-07,0.0004664197536640158,0.00046666666666666704,0.000466419666666667,0.0005290992913955612,1.8652161346409786e-07,True
S06,source,regular-sensitivity,20,0.0003,confirmatory,0.0013977793477188971,0.001400000000000001,0.0013977770000000009,-24.700000000000017,[],-2.220652281103956e-06,2.347718896242648e-09,0.001586180200788539,1.6796090479687724e-06,0.0013977793477188971,0.001400000000000001,0.0013977770000000009,0.001586180200788539,1.6796090479687724e-06,True
S06,source,regular-sensitivity,20,0.001,confirmatory,0.004642053462143969,0.00466666666666667,0.004641966666666671,-24.700000000000017,[],-2.4613204522700577e-05,8.679547729845138e-08,0.005274258112007263,1.869799667492614e-05,0.004642053462143969,0.00466666666666667,0.004641966666666671,0.005274258112007263,1.869799667492614e-05,True
S06,source,regular-sensitivity,20,0.003,extended-local,0.01378003142575046,0.014000000000000009,0.01377770000000001,-24.700000000000017,[],-0.00021996857424954816,2.3314257504500335e-06,0.01571204101782486,0.00016921734037248827,0.01378003142575046,0.014000000000000009,0.01377770000000001,0.01571204101782486,0.00016921734037248827,True
S06,source,regular-sensitivity,20,0.01,extended-local,0.04428148104560092,0.046666666666666703,0.044196666666666704,-24.700000000000017,[],-0.00238518562106578,8.481437893421984e-05,0.05111112045140953,0.0019190220740829573,0.04428148104560092,0.046666666666666703,0.044196666666666704,0.05111112045140953,0.0019190220740829573,True
S06,source,regular-sensitivity,20,0.03,stress,0.1199476987298142,0.1400000000000001,0.11777000000000008,-24.700000000000017,[],-0.020052301270185896,0.0021776987298141176,0.1432307233584706,0.018491115987213348,0.1199476987298142,0.1400000000000001,0.11777000000000008,0.1432307233584706,0.018491115987213348,True
S06,source,regular-sensitivity,20,0.1,stress,0.329810293129716,0.466666666666667,0.33666666666666695,-24.700000000000017,[],-0.13685637353695101,-0.006856373536950955,0.29326365757918055,0.020365465951339454,0.329810293129716,0.466666666666667,0.33666666666666695,0.29326365757918055,0.020365465951339454,True
S06,source,regular-sensitivity,50,0.0001,confirmatory,0.0011650756617311298,0.001166666666666667,0.001165074166666667,-159.25000000000023,[],-1.5910049355372276e-06,1.4950644628558551e-09,0.0013637185161747662,1.2832354416829156e-06,0.0011650756617311298,0.001166666666666667,0.001165074166666667,0.0013637185161747662,1.2832354416829156e-06,True
S06,source,regular-sensitivity,50,0.0003,confirmatory,0.0034857078091302673,0.0035000000000000005,0.003485667500000001,-159.25000000000023,[],-1.4292190869733164e-05,4.030913026628613e-08,0.004083483105638046,1.1564249965404364e-05,0.0034857078091302673,0.0035000000000000005,0.003485667500000001,0.004083483105638046,1.1564249965404364e-05,True
S06,source,regular-sensitivity,50,0.001,confirmatory,0.011508902167298052,0.01166666666666667,0.01150741666666667,-159.25000000000023,[],-0.00015776449936861885,1.485500631382558e-06,0.01352267137445304,0.00012909071379031415,0.011508902167298052,0.01166666666666667,0.01150741666666667,0.01352267137445304,0.00012909071379031415,True
S06,source,regular-sensitivity,50,0.003,extended-local,0.033606294077771215,0.03500000000000001,0.033566750000000006,-159.25000000000023,[],-0.0013937059222287954,3.954407777120861e-05,0.039820169206537,0.0011780728778093977,0.033606294077771215,0.03500000000000001,0.033566750000000006,0.039820169206537,0.0011780728778093977,True
S06,source,regular-sensitivity,50,0.01,extended-local,0.10213670430072169,0.1166666666666667,0.10074166666666667,-159.25000000000023,[],-0.014529962365945004,0.0013950376340550186,0.12454253456524286,0.01384767276752438,0.10213670430072169,0.1166666666666667,0.10074166666666667,0.12454253456524286,0.01384767276752438,True
S06,source,regular-sensitivity,50,0.03,stress,0.25957336667113295,0.3500000000000001,0.2632500000000001,-159.25000000000023,[],-0.09042663332886713,-0.0036766333288671404,0.25836180951104887,0.013966318438241743,0.25957336667113295,0.3500000000000001,0.2632500000000001,0.25836180951104887,0.013966318438241743,True
S06,source,regular-sensitivity,50,0.1,stress,0.5815203732199541,1.166666666666667,1.017500000000002,-159.25000000000023,[],-0.5851462934467129,-0.435979626780048,0.501553965811468,0.42848120568063597,0.5815203732199541,1.166666666666667,1.017500000000002,0.501553965811468,0.42848120568063597,True
S07,source,regular-sensitivity,1,0.0001,confirmatory,3.328198199903376e-05,3.328198199901298e-05,3.328198199901298e-05,0.0,[],2.0782800393831513e-17,2.0782800393831513e-17,6.2444599586791e-13,6.2444599586791e-13,3.328198199903376e-05,3.328198199901298e-05,3.328198199901298e-05,6.2444599586791e-13,6.2444599586791e-13,True
S07,source,regular-sensitivity,1,0.0003,confirmatory,9.984594599699026e-05,9.984594599703891e-05,9.984594599703891e-05,0.0,[],-4.865357249028701e-17,-4.865357249028701e-17,4.872864091220079e-13,4.872864091220079e-13,9.984594599699026e-05,9.984594599703891e-05,9.984594599703891e-05,4.872864091220079e-13,4.872864091220079e-13,True
S07,source,regular-sensitivity,1,0.001,confirmatory,0.00033281981999011556,0.00033281981999012976,0.00033281981999012976,0.0,[],-1.4203048459560108e-17,-1.4203048459560108e-17,4.2674887751520686e-14,4.2674887751520686e-14,0.00033281981999011556,0.00033281981999012976,0.00033281981999012976,4.2674887751520686e-14,4.2674887751520686e-14,True
S07,source,regular-sensitivity,1,0.003,extended-local,0.0009984594599703467,0.0009984594599703892,0.0009984594599703892,0.0,[],-4.2500725161431774e-17,-4.2500725161431774e-17,4.256630025088069e-14,4.256630025088069e-14,0.0009984594599703467,0.0009984594599703892,0.0009984594599703892,4.256630025088069e-14,4.256630025088069e-14,True
S07,source,regular-sensitivity,1,0.01,extended-local,0.003328198199901322,0.003328198199901298,0.003328198199901298,0.0,[],2.42861286636753e-17,2.42861286636753e-17,7.297080043008117e-15,7.297080043008117e-15,0.003328198199901322,0.003328198199901298,0.003328198199901298,7.297080043008117e-15,7.297080043008117e-15,True
S07,source,regular-sensitivity,1,0.03,stress,0.009984594599703911,0.009984594599703892,0.009984594599703892,0.0,[],1.9081958235744878e-17,1.9081958235744878e-17,1.911140011264031e-15,1.911140011264031e-15,0.009984594599703911,0.009984594599703892,0.009984594599703892,1.911140011264031e-15,1.911140011264031e-15,True
S07,source,regular-sensitivity,1,0.1,stress,0.03328198199901297,0.03328198199901298,0.03328198199901298,0.0,[],-6.938893903907228e-18,-6.938893903907228e-18,2.0848800122880333e-16,2.0848800122880333e-16,0.03328198199901297,0.03328198199901298,0.03328198199901298,2.0848800122880333e-16,2.0848800122880333e-16,True
S07,source,regular-sensitivity,5,0.0001,confirmatory,0.00016673830900668096,0.00016677192828602527,0.00016673830560179993,-3.3622684225324813,[],-3.3619279344308025e-08,3.404881032068735e-12,0.0002015883589631983,2.042050877139284e-08,0.00016673830900668096,0.00016677192828602527,0.00016673830560179993,0.0002015883589631983,2.042050877139284e-08,True
S07,source,regular-sensitivity,5,0.0003,confirmatory,0.0005000132726130369,0.0005003157848580758,0.0005000131807000477,-3.3622684225324813,[],-3.025122450389054e-07,9.191298915543766e-11,0.0006046426161123796,1.8382113252845477e-07,0.0005000132726130369,0.0005003157848580758,0.0005000131807000477,0.0006046426161123796,1.8382113252845477e-07,True
S07,source,regular-sensitivity,5,0.001,confirmatory,0.0016643604173894044,0.0016677192828602524,0.00166435701443772,-3.3622684225324813,[],-3.3588654708479465e-06,3.402951684328137e-09,0.002014047271245352,2.044604405670605e-06,0.0016643604173894044,0.0016677192828602524,0.00166435701443772,0.002014047271245352,2.044604405670605e-06,True
S07,source,regular-sensitivity,5,0.003,extended-local,0.004972989217412127,0.005003157848580757,0.004972897432777965,-3.3622684225324813,[],-3.016863116863007e-05,9.1784634162137e-08,0.006029917920176752,1.845697310327677e-05,0.004972989217412127,0.005003157848580757,0.004972897432777965,0.006029917920176752,1.845697310327677e-05,True
S07,source,regular-sensitivity,5,0.01,extended-local,0.01634435312080129,0.016677192828602524,0.016340965986349276,-3.3622684225324813,[],-0.00033283970780123226,3.387134452016022e-06,0.019957777740051637,0.00020727871625493416,0.01634435312080129,0.016677192828602524,0.016340965986349276,0.019957777740051637,0.00020727871625493416,True
S07,source,regular-sensitivity,5,0.03,stress,0.047096046989199336,0.05003157848580757,0.04700553690552834,-3.3622684225324813,[],-0.002935531496608232,9.051008367099572e-05,0.058673573480016276,0.0019255196223564631,0.047096046989199336,0.05003157848580757,0.04700553690552834,0.058673573480016276,0.0019255196223564631,True
S07,source,regular-sensitivity,5,0.1,stress,0.13638186729672885,0.16677192828602524,0.13314924406070044,-3.3622684225324813,[],-0.03039006098929639,0.003232623236028409,0.18222527796869603,0.02427819443386935,0.13638186729672885,0.16677192828602524,0.13314924406070044,0.18222527796869603,0.02427819443386935,True
S07,source,regular-sensitivity,20,0.0001,confirmatory,0.0006657657571453035,0.0006664188435156811,0.0006657653493629487,-65.34941527323912,[],-6.530863703776285e-07,4.07782354758246e-10,0.0009799938533134546,6.125016195998198e-07,0.0006657657571453035,0.0006664188435156811,0.0006657653493629487,0.0009799938533134546,6.125016195998198e-07,True
S07,source,regular-sensitivity,20,0.0003,confirmatory,0.0019933860833060146,0.0019992565305470434,0.001993375083172452,-65.34941527323912,[],-5.870447241028767e-06,1.1000133562713565e-08,0.0029363151508238292,5.5183460732371945e-06,0.0019933860833060146,0.0019992565305470434,0.001993375083172452,0.0029363151508238292,5.5183460732371945e-06,True
S07,source,regular-sensitivity,20,0.001,confirmatory,0.006599245141945459,0.006664188435156811,0.006598839019883573,-65.34941527323912,[],-6.494329321135237e-05,4.061220618863104e-07,0.009745116579949201,6.154447178701987e-05,0.006599245141945459,0.006664188435156811,0.006598839019883573,0.009745116579949201,6.154447178701987e-05,True
S07,source,regular-sensitivity,20,0.003,extended-local,0.019415287288664484,0.019992565305470434,0.019404420568011282,-65.34941527323912,[],-0.0005772780168059495,1.0866720653202044e-05,0.0288746345446721,0.0005600126329521084,0.019415287288664484,0.019992565305470434,0.019404420568011282,0.0288746345446721,0.0005600126329521084,True
S07,source,regular-sensitivity,20,0.01,extended-local,0.060497039100217226,0.06664188435156812,0.06010694282424421,-65.34941527323912,[],-0.006144845251350894,0.00039009627597301477,0.09220695529757035,0.006490036884984757,0.060497039100217226,0.06664188435156812,0.06010694282424421,0.09220695529757035,0.006490036884984757,True
S07,source,regular-sensitivity,20,0.03,stress,0.15077471111999377,0.19992565305470433,0.14111117930878914,-65.34941527323912,[],-0.04915094193471056,0.009663531811204634,0.24584609920599693,0.06848168840016731,0.15077471111999377,0.19992565305470433,0.14111117930878914,0.24584609920599693,0.06848168840016731,True
S07,source,regular-sensitivity,20,0.1,stress,0.28642671588283997,0.6664188435156811,0.03586074431315399,-65.34941527323912,[],-0.3799921276328412,0.25056597156968596,0.5702001546477876,6.987193834618109,0.28642671588283997,0.6664188435156811,0.1812946950087566,0.5702001546477876,0.5798957375393993,True
S07,source,regular-sensitivity,50,0.0001,confirmatory,0.0015815389742458719,0.0015857501875048406,0.0015815315860159647,-421.86014888760144,[],-4.2112132589687025e-06,7.388229907208388e-09,0.0026556599470405847,4.671566456551193e-06,0.0015815389742458719,0.0015857501875048406,0.0015815315860159647,0.0026556599470405847,4.671566456551193e-06,True
S07,source,regular-sensitivity,50,0.0003,confirmatory,0.004719482094562105,0.004757250562514521,0.004719283149114637,-421.86014888760144,[],-3.7768467952416056e-05,1.9894544746844323e-07,0.007939137839410528,4.21558616388098e-05,0.004719482094562105,0.004757250562514521,0.004719283149114637,0.007939137839410528,4.21558616388098e-05,True
S07,source,regular-sensitivity,50,0.001,confirmatory,0.015442941210646655,0.015857501875048405,0.015435641726160803,-421.86014888760144,[],-0.0004145606644017502,7.299484485851285e-06,0.026142873427879368,0.0004728980249314735,0.015442941210646655,0.015857501875048405,0.015435641726160803,0.026142873427879368,0.0004728980249314735,True
S07,source,regular-sensitivity,50,0.003,extended-local,0.043967698474277034,0.047572505625145214,0.04377576428515681,-421.86014888760144,[],-0.0036048071508681806,0.0001919341891202242,0.07577501129061408,0.004384485165580626,0.043967698474277034,0.047572505625145214,0.04377576428515681,0.07577501129061408,0.004384485165580626,True
S07,source,regular-sensitivity,50,0.01,extended-local,0.12289268128093606,0.15857501875048408,0.1163890038617239,-421.86014888760144,[],-0.03568233746954802,0.0065036774192121505,0.22501865521260797,0.05587879613557697,0.12289268128093606,0.15857501875048408,0.1163890038617239,0.22501865521260797,0.05587879613557697,True
S07,source,regular-sensitivity,50,0.03,stress,0.23607294839625353,0.4757250562514521,0.09605092225261086,-421.86014888760144,[],-0.23965210785519858,0.14002202614364267,0.503761794141292,1.4577895022745249,0.23607294839625353,0.4757250562514521,0.1616312339124023,0.503761794141292,0.4605651561392873,True
S07,source,regular-sensitivity,50,0.1,stress,0.2838316309045498,1.5857501875048405,2.6328513013711747,-421.86014888760144,[],-1.3019185566002907,-2.349019670466625,0.8210111320553235,0.8921961028498907,0.302760731197372,1.5857501875048405,2.6328513013711747,0.8090741318632523,0.8850065208621178,True
S08,source,regular-sensitivity,1,0.0001,confirmatory,0.000106264884874821,0.00010626488487478591,0.00010626488487478591,0.0,[],3.508749280706214e-17,3.508749280706214e-17,3.3018896927622373e-13,3.3018896927622373e-13,0.000106264884874821,0.00010626488487478591,0.00010626488487478591,3.3018896927622373e-13,3.3018896927622373e-13,True
S08,source,regular-sensitivity,1,0.0003,confirmatory,0.0003187946546243797,0.0003187946546243577,0.0003187946546243577,0.0,[],2.200930410145574e-17,2.200930410145574e-17,6.903912528705901e-14,6.903912528705901e-14,0.0003187946546243797,0.0003187946546243577,0.0003187946546243577,6.903912528705901e-14,6.903912528705901e-14,True
S08,source,regular-sensitivity,1,0.001,confirmatory,0.0010626488487478908,0.0010626488487478591,0.0010626488487478591,0.0,[],3.165870343657673e-17,3.165870343657673e-17,2.9792253079538766e-14,2.9792253079538766e-14,0.0010626488487478908,0.0010626488487478591,0.0010626488487478591,2.9792253079538766e-14,2.9792253079538766e-14,True
S08,source,regular-sensitivity,1,0.003,extended-local,0.003187946546243603,0.003187946546243577,0.003187946546243577,0.0,[],2.6020852139652106e-17,2.6020852139652106e-17,8.162261117681855e-15,8.162261117681855e-15,0.003187946546243603,0.003187946546243577,0.003187946546243577,8.162261117681855e-15,8.162261117681855e-15,True
S08,source,regular-sensitivity,1,0.01,extended-local,0.010626488487478547,0.010626488487478592,0.010626488487478592,0.0,[],-4.5102810375396984e-17,-4.5102810375396984e-17,4.244375781194563e-15,4.244375781194563e-15,0.010626488487478547,0.010626488487478592,0.010626488487478592,4.244375781194563e-15,4.244375781194563e-15,True
S08,source,regular-sensitivity,1,0.03,stress,0.03187946546243582,0.031879465462435766,0.031879465462435766,0.0,[],5.551115123125783e-17,5.551115123125783e-17,1.7412823717721292e-15,1.7412823717721292e-15,0.03187946546243582,0.031879465462435766,0.031879465462435766,1.7412823717721292e-15,1.7412823717721292e-15,True
S08,source,regular-sensitivity,1,0.1,stress,0.10626488487478596,0.10626488487478591,0.10626488487478591,0.0,[],4.163336342344337e-17,4.163336342344337e-17,3.9178853364872897e-16,3.9178853364872897e-16,0.10626488487478596,0.10626488487478591,0.10626488487478591,3.9178853364872897e-16,3.9178853364872897e-16,True
S08,source,regular-sensitivity,5,0.0001,confirmatory,0.0004980558604112117,0.0004982192459666486,0.0004980558321119866,-16.341385466197103,[],-1.6338555543682527e-07,2.829922515941441e-11,0.0003279390685115414,5.6819383159138274e-08,0.0004980558604112117,0.0004982192459666486,0.0004980558321119866,0.0003279390685115414,5.6819383159138274e-08,True
S08,source,regular-sensitivity,5,0.0003,confirmatory,0.0014931877771254265,0.0014946577378999455,0.0014931870132079879,-16.341385466197103,[],-1.4699607745190073e-06,7.639174386380593e-10,0.000983476509200268,5.116019841324807e-07,0.0014931877771254265,0.0014946577378999455,0.0014931870132079879,0.000983476509200268,5.116019841324807e-07,True
S08,source,regular-sensitivity,5,0.001,confirmatory,0.00496587934631626,0.004982192459666486,0.004965851074200289,-16.341385466197103,[],-1.6313113350226345e-05,2.827211597125623e-08,0.003274284059134553,5.69330725968443e-06,0.00496587934631626,0.004982192459666486,0.004965851074200289,0.003274284059134553,5.69330725968443e-06,True
S08,source,regular-sensitivity,5,0.003,extended-local,0.014800266630634565,0.014946577378999456,0.014799504909803682,-16.341385466197103,[],-0.00014631074836489108,7.617208308829948e-07,0.009788913184262745,5.1469345462928675e-05,0.014800266630634565,0.014946577378999456,0.014799504909803682,0.009788913184262745,5.1469345462928675e-05,True
S08,source,regular-sensitivity,5,0.01,extended-local,0.0482157887116189,0.04982192459666486,0.048187786050045145,-16.341385466197103,[],-0.0016061358850459617,2.8002661573753307e-05,0.03223753193094187,0.000581115337913041,0.0482157887116189,0.04982192459666486,0.048187786050045145,0.03223753193094187,0.000581115337913041,True
S08,source,regular-sensitivity,5,0.03,stress,0.13549881842586914,0.14946577378999454,0.13475852687041717,-16.341385466197103,[],-0.0139669553641254,0.0007402915554519662,0.09344584388764171,0.0054934672606196215,0.13549881842586914,0.14946577378999454,0.13475852687041717,0.09344584388764171,0.0054934672606196215,True
S08,source,regular-sensitivity,5,0.1,stress,0.36032060113519815,0.49821924596664857,0.3348053913046775,-16.341385466197103,[],-0.13789864483145042,0.025515209830520635,0.2767830547451022,0.07620907695390557,0.36032060113519815,0.49821924596664857,0.3348053913046775,0.2767830547451022,0.07620907695390557,True
S08,source,regular-sensitivity,20,0.0001,confirmatory,0.0012582893463422423,0.0012601610872340792,0.0012582872811249556,-187.3806109123692,[],-1.871740891836891e-06,2.065217286680715e-09,0.0014853187507520686,1.6412923484646002e-06,0.0012582893463422423,0.0012601610872340792,0.0012582872811249556,0.0014853187507520686,1.6412923484646002e-06,True
S08,source,regular-sensitivity,20,0.0003,confirmatory,0.003763674661432917,0.0037804832617022374,0.0037636190067201238,-187.3806109123692,[],-1.6808600269320462e-05,5.5654712793201666e-08,0.004446151220823567,1.478755227184991e-05,0.003763674661432917,0.0037804832617022374,0.0037636190067201238,0.004446151220823567,1.478755227184991e-05,True
S08,source,regular-sensitivity,20,0.001,confirmatory,0.012416277897946457,0.012601610872340793,0.012414230261428422,-187.3806109123692,[],-0.0001853329743943359,2.0476365180342737e-06,0.014707085964789014,0.00016494268874618618,0.012416277897946457,0.012601610872340793,0.012414230261428422,0.014707085964789014,0.00016494268874618618,True
S08,source,regular-sensitivity,20,0.003,extended-local,0.03617266562287845,0.037804832617022374,0.03611840711881105,-187.3806109123692,[],-0.0016321669941439243,5.4258504067400404e-05,0.043173501405981855,0.0015022396721128296,0.03617266562287845,0.037804832617022374,0.03611840711881105,0.043173501405981855,0.0015022396721128296,True
S08,source,regular-sensitivity,20,0.01,extended-local,0.10916443136498785,0.12601610872340793,0.107278047632171,-187.3806109123692,[],-0.01685167735842008,0.0018863837328168542,0.1337263745812667,0.017584060993398966,0.10916443136498785,0.12601610872340793,0.107278047632171,0.1337263745812667,0.017584060993398966,True
S08,source,regular-sensitivity,20,0.03,stress,0.2526744813994701,0.37804832617022377,0.20940577634909147,-187.3806109123692,[],-0.1253738447707537,0.04326870505037861,0.3316344395459686,0.20662612944471595,0.2526744813994701,0.37804832617022377,0.20940577634909147,0.3316344395459686,0.20662612944471595,True
S08,source,regular-sensitivity,20,0.1,stress,0.4238248476790464,1.2601610872340792,1.035695794501347,-187.3806109123692,[],-0.8363362395550328,-0.6118709468223006,0.6636740715353326,0.5907824962414722,0.42720959916521123,1.2601610872340792,1.035695794501347,0.6609881042249199,0.5875144019765974,True
S08,source,regular-sensitivity,50,0.0001,confirmatory,0.0027777738105673813,0.0027815712561163916,0.002777770529788735,-380.0726327656589,[],-3.7974455490102747e-06,3.2807786461488964e-09,0.0013652159874244024,1.181083394386223e-06,0.0027777738105673813,0.0027815712561163916,0.002777770529788735,0.0013652159874244024,1.181083394386223e-06,True
S08,source,regular-sensitivity,50,0.0003,confirmatory,0.008310595669457216,0.008344713768349173,0.008310507231400265,-380.0726327656589,[],-3.411809889195677e-05,8.843805695060714e-08,0.004088588277451046,1.064171590110101e-05,0.008310595669457216,0.008344713768349173,0.008310507231400265,0.004088588277451046,1.064171590110101e-05,True
S08,source,regular-sensitivity,50,0.001,confirmatory,0.02743889714872346,0.027815712561163917,0.027435639928398255,-380.0726327656589,[],-0.0003768154124404559,3.257220325205562e-06,0.013546854556103037,0.00011872222895862027,0.02743889714872346,0.027815712561163917,0.027435639928398255,0.013546854556103037,0.00011872222895862027,True
S08,source,regular-sensitivity,50,0.003,extended-local,0.08011307913689095,0.08344713768349175,0.08002648398860082,-380.0726327656589,[],-0.003334058546600807,8.659514829012505e-05,0.03995413910117111,0.0010820811308223897,0.08011307913689095,0.08344713768349175,0.08002648398860082,0.03995413910117111,0.0010820811308223897,True
S08,source,regular-sensitivity,50,0.01,extended-local,0.24320333422064727,0.2781571256116392,0.2401498623350733,-380.0726327656589,[],-0.03495379139099192,0.0030534718855739773,0.12566203836817802,0.012714860028999589,0.24320333422064727,0.2781571256116392,0.2401498623350733,0.12566203836817802,0.012714860028999589,True
S08,source,regular-sensitivity,50,0.03,stress,0.5659324506691861,0.8344713768349175,0.4924060073458244,-380.0726327656589,[],-0.2685389261657314,0.07352644332336167,0.3218072346403035,0.14932076828161622,0.5659324506691861,0.8344713768349175,0.4924060073458244,0.3218072346403035,0.14932076828161622,True
S08,source,regular-sensitivity,50,0.1,stress,0.9429395732755856,2.7815712561163917,2.158567017178888,-380.0726327656589,[],-1.838631682840806,-1.2156274439033026,0.6610047032941696,0.5631640964717656,0.9429395732755856,2.7815712561163917,2.2656198450534997,0.6610047032941696,0.5838050344878933,True
S09,source,regular-sensitivity,1,0.0001,confirmatory,3.8314450407021805e-05,3.831445040706417e-05,3.831445040706417e-05,0.0,[],-4.2365199889871086e-17,-4.2365199889871086e-17,1.1057238049814247e-12,1.1057238049814247e-12,3.8314450407021805e-05,3.831445040706417e-05,3.831445040706417e-05,1.1057238049814247e-12,1.1057238049814247e-12,True
S09,source,regular-sensitivity,1,0.0003,confirmatory,0.00011494335122114174,0.00011494335122119251,0.00011494335122119251,0.0,[],-5.0767766726633745e-17,-5.0767766726633745e-17,4.41676410051228e-13,4.41676410051228e-13,0.00011494335122114174,0.00011494335122119251,0.00011494335122119251,4.41676410051228e-13,4.41676410051228e-13,True
S09,source,regular-sensitivity,1,0.001,confirmatory,0.00038314450407062745,0.00038314450407064176,0.00038314450407064176,0.0,[],-1.431146867680866e-17,-1.431146867680866e-17,3.735266596482355e-14,3.735266596482355e-14,0.00038314450407062745,0.00038314450407064176,0.00038314450407064176,3.735266596482355e-14,3.735266596482355e-14,True
S09,source,regular-sensitivity,1,0.003,extended-local,0.0011494335122118615,0.0011494335122119253,0.0011494335122119253,0.0,[],-6.375108774214766e-17,-6.375108774214766e-17,5.5463049462919815e-14,5.5463049462919815e-14,0.0011494335122118615,0.0011494335122119253,0.0011494335122119253,5.5463049462919815e-14,5.5463049462919815e-14,True
S09,source,regular-sensitivity,1,0.01,extended-local,0.0038314450407065104,0.0038314450407064176,0.0038314450407064176,0.0,[],9.280770596475918e-17,9.280770596475918e-17,2.4222637928703756e-14,2.4222637928703756e-14,0.0038314450407065104,0.0038314450407064176,0.0038314450407064176,2.4222637928703756e-14,2.4222637928703756e-14,True
S09,source,regular-sensitivity,1,0.03,stress,0.011494335122119323,0.01149433512211925,0.01149433512211925,0.0,[],7.28583859910259e-17,7.28583859910259e-17,6.338634224333695e-15,6.338634224333695e-15,0.011494335122119323,0.01149433512211925,0.01149433512211925,6.338634224333695e-15,6.338634224333695e-15,True
S09,source,regular-sensitivity,1,0.1,stress,0.0383144504070642,0.038314450407064174,0.038314450407064174,0.0,[],2.7755575615628914e-17,2.7755575615628914e-17,7.244153399238507e-16,7.244153399238507e-16,0.0383144504070642,0.038314450407064174,0.038314450407064174,7.244153399238507e-16,7.244153399238507e-16,True
S09,source,regular-sensitivity,5,0.0001,confirmatory,0.0001819243533348544,0.00018193962822118636,0.00018192435289853234,-1.5275322654014256,[],-1.5274886331950776e-08,4.363220668015394e-13,8.395579611375758e-05,2.398370860469112e-09,0.0001819243533348544,0.00018193962822118636,0.00018192435289853234,8.395579611375758e-05,2.398370860469112e-09,True
S09,source,regular-sensitivity,5,0.0003,confirmatory,0.000545681418544143,0.000545818884663559,0.0005456814067596728,-1.5275322654014256,[],-1.3746611941594863e-07,1.1784470209559583e-11,0.00025185299240916206,2.1595880056711663e-08,0.000545681418544143,0.000545818884663559,0.0005456814067596728,0.00025185299240916206,2.1595880056711663e-08,True
S09,source,regular-sensitivity,5,0.001,confirmatory,0.0018178691863939417,0.0018193962822118635,0.0018178687499464622,-1.5275322654014256,[],-1.5270958179218214e-06,4.364474795025969e-10,0.0008393420569516122,2.4008745379194764e-07,0.0018178691863939417,0.0018193962822118635,0.0018178687499464622,0.0008393420569516122,2.4008745379194764e-07,True
S09,source,regular-sensitivity,5,0.003,extended-local,0.005444452839011703,0.005458188846635591,0.005444441056246979,-1.5275322654014256,[],-1.3736007623887936e-05,1.1782764723980432e-08,0.002516587096900241,2.164182622651563e-06,0.005444452839011703,0.005458188846635591,0.005444441056246979,0.002516587096900241,2.164182622651563e-06,True
S09,source,regular-sensitivity,5,0.01,extended-local,0.018041645823270926,0.018193962822118638,0.018041209595578492,-1.5275322654014256,[],-0.00015231699884771244,4.3622769243384374e-07,0.008371842920473525,2.4179514689566805e-05,0.018041645823270926,0.018193962822118638,0.018041209595578492,0.008371842920473525,2.4179514689566805e-05,True
S09,source,regular-sensitivity,5,0.03,stress,0.053218874447642804,0.05458188846635591,0.053207109427494625,-1.5275322654014256,[],-0.0013630140187131032,1.1765020148178651e-05,0.02497191022537193,0.00022111744604752216,0.053218874447642804,0.05458188846635591,0.053207109427494625,0.02497191022537193,0.00022111744604752216,True
S09,source,regular-sensitivity,5,0.1,stress,0.16709837092279545,0.18193962822118637,0.1666643055671721,-1.5275322654014256,[],-0.01484125729839092,0.0004340653556233476,0.0815724284120676,0.0026044290296364787,0.16709837092279545,0.18193962822118637,0.1666643055671721,0.0815724284120676,0.0026044290296364787,True
S09,source,regular-sensitivity,20,0.0001,confirmatory,0.000553073017496214,0.0005532251707330356,0.0005530730010027134,-15.216973032214014,[],-1.521532368216772e-07,1.6493500575726072e-11,0.0002750294904696234,2.9821561612705004e-08,0.000553073017496214,0.0005532251707330356,0.0005530730010027134,0.0002750294904696234,2.9821561612705004e-08,True
S09,source,regular-sensitivity,20,0.0003,confirmatory,0.0016583064299018208,0.0016596755121991063,0.001658305984626207,-15.216973032214014,[],-1.3690822972855024e-06,4.4527561368981616e-10,0.0008249096207194372,2.6851233597289597e-07,0.0016583064299018208,0.0016596755121991063,0.001658305984626207,0.0008249096207194372,2.6851233597289597e-07,True
S09,source,regular-sensitivity,20,0.001,confirmatory,0.005517051219648485,0.005532251707330356,0.005517034734298142,-15.216973032214014,[],-1.5200487681870517e-05,1.648535034350085e-08,0.0027476131756133827,2.9880816665907864e-06,0.005517051219648485,0.005532251707330356,0.005517034734298142,0.0027476131756133827,2.9880816665907864e-06,True
S09,source,regular-sensitivity,20,0.003,extended-local,0.016460246984838226,0.016596755121991068,0.01645980236470114,-15.216973032214014,[],-0.00013650813715284163,4.446201370862657e-07,0.008224989532560213,2.701248333575229e-05,0.016460246984838226,0.016596755121991068,0.01645980236470114,0.008224989532560213,2.701248333575229e-05,True
S09,source,regular-sensitivity,20,0.01,extended-local,0.05430325843556938,0.055322517073303545,0.05430869010036718,-15.216973032214014,[],-0.0010192586377341661,-5.4316647978003285e-06,0.018423938238088952,0.0001000146530465408,0.05430325843556938,0.055322517073303545,0.05430869010036718,0.018423938238088952,0.0001000146530465408,True
S09,source,regular-sensitivity,20,0.03,stress,0.15881590095522097,0.16596755121991064,0.1589557074291706,-15.216973032214014,[],-0.0071516502646896685,-0.00013980647394962187,0.04309065363755096,0.0008795310103093878,0.15881590095522097,0.16596755121991064,0.1589557074291706,0.04309065363755096,0.0008795310103093878,True
S09,source,regular-sensitivity,20,0.1,stress,0.4792831084700728,0.5532251707330356,0.48353145792470786,-15.216973032214014,[],-0.07394206226296274,-0.0042483494546350364,0.13365635942592394,0.008786086996012077,0.4792831084700728,0.5532251707330356,0.48353145792470786,0.13365635942592394,0.008786086996012077,True
S09,source,regular-sensitivity,50,0.0001,confirmatory,0.0007853805847265142,0.0007854930208506198,0.0007853806110143667,-11.240983625309575,[],-1.1243612410560822e-07,-2.6287852537137946e-11,0.00014314083145366434,3.34714814301127e-08,0.0007853805847265142,0.0007854930208506198,0.0007853806110143667,0.00014314083145366434,3.34714814301127e-08,True
S09,source,regular-sensitivity,50,0.0003,confirmatory,0.0023554666642147887,0.002356479062551859,0.0023554673740255813,-11.240983625309575,[],-1.0123983370702479e-06,-7.098107926081787e-10,0.0004296233109637349,3.01346051503607e-07,0.0023554666642147887,0.002356479062551859,0.0023554673740255813,0.0004296233109637349,3.01346051503607e-07,True
S09,source,regular-sensitivity,50,0.001,confirmatory,0.00784366293124095,0.007854930208506198,0.007843689224880889,-11.240983625309575,[],-1.1267277265247788e-05,-2.6293639938945734e-08,0.0014344210535500773,3.352203176987168e-06,0.00784366293124095,0.007854930208506198,0.007843689224880889,0.0014344210535500773,3.352203176987168e-06,True
S09,source,regular-sensitivity,50,0.003,extended-local,0.023462911549744378,0.023564790625518594,0.023463621772890807,-11.240983625309575,[],-0.00010187907577421593,-7.102231464294062e-07,0.004323360109293305,3.026911843805706e-05,0.023462911549744378,0.023564790625518594,0.023463621772890807,0.004323360109293305,3.026911843805706e-05,True
S09,source,regular-sensitivity,50,0.01,extended-local,0.07739887898393683,0.07854930208506197,0.077425203722531,-11.240983625309575,[],-0.0011504231011251476,-2.6324738594180053e-05,0.01464587298152364,0.0003400021869948204,0.07739887898393683,0.07854930208506197,0.077425203722531,0.01464587298152364,0.0003400021869948204,True
S09,source,regular-sensitivity,50,0.03,stress,0.224823067519845,0.23564790625518592,0.2255310209924073,-11.240983625309575,[],-0.01082483873534093,-0.000707953472562306,0.04593649443937169,0.0031390514238222684,0.224823067519845,0.23564790625518592,0.2255310209924073,0.04593649443937169,0.0031390514238222684,True
S09,source,regular-sensitivity,50,0.1,stress,0.6492732122090205,0.7854930208506198,0.673083184597524,-11.240983625309575,[],-0.13621980864159933,-0.023809972388503575,0.17341950217977145,0.03537448703720173,0.6492732122090205,0.7854930208506198,0.673083184597524,0.17341950217977145,0.03537448703720173,True
S10,source,regular-sensitivity,1,0.0001,confirmatory,8.801337112913845e-05,8.801337112910118e-05,8.801337112910118e-05,0.0,[],3.7269449679189215e-17,3.7269449679189215e-17,4.234521323415853e-13,4.234521323415853e-13,8.801337112913845e-05,8.801337112910118e-05,8.801337112910118e-05,4.234521323415853e-13,4.234521323415853e-13,True
S10,source,regular-sensitivity,1,0.0003,confirmatory,0.000264040113387318,0.00026404011338730356,0.00026404011338730356,0.0,[],1.441988889405721e-17,1.441988889405721e-17,5.4612493189266266e-14,5.4612493189266266e-14,0.000264040113387318,0.00026404011338730356,0.00026404011338730356,5.4612493189266266e-14,5.4612493189266266e-14,True
S10,source,regular-sensitivity,1,0.001,confirmatory,0.0008801337112909533,0.0008801337112910117,0.0008801337112910117,0.0,[],-5.843849709696869e-17,-5.843849709696869e-17,6.639729435116058e-14,6.639729435116058e-14,0.0008801337112909533,0.0008801337112910117,0.0008801337112910117,6.639729435116058e-14,6.639729435116058e-14,True
S10,source,regular-sensitivity,1,0.003,extended-local,0.0026404011338731098,0.0026404011338730356,0.0026404011338730356,0.0,[],7.41594285980085e-17,7.41594285980085e-17,2.808642506876551e-14,2.808642506876551e-14,0.0026404011338731098,0.0026404011338730356,0.0026404011338730356,2.808642506876551e-14,2.808642506876551e-14,True
S10,source,regular-sensitivity,1,0.01,extended-local,0.008801337112910102,0.008801337112910118,0.008801337112910118,0.0,[],-1.5612511283791264e-17,-1.5612511283791264e-17,1.7738794780272954e-15,1.7738794780272954e-15,0.008801337112910102,0.008801337112910118,0.008801337112910118,1.7738794780272954e-15,1.7738794780272954e-15,True
S10,source,regular-sensitivity,1,0.03,stress,0.026404011338730306,0.026404011338730354,0.026404011338730354,0.0,[],-4.85722573273506e-17,-4.85722573273506e-17,1.8395787179542325e-15,1.8395787179542325e-15,0.026404011338730306,0.026404011338730354,0.026404011338730354,1.8395787179542325e-15,1.8395787179542325e-15,True
S10,source,regular-sensitivity,1,0.1,stress,0.08801337112910115,0.08801337112910118,0.08801337112910118,0.0,[],-2.7755575615628914e-17,-2.7755575615628914e-17,3.1535635164929696e-16,3.1535635164929696e-16,0.08801337112910115,0.08801337112910118,0.08801337112910118,3.1535635164929696e-16,3.1535635164929696e-16,True
S10,source,regular-sensitivity,5,0.0001,confirmatory,0.00043291868109792157,0.00043296874352155167,0.00043291867808030286,-5.006544124882553,[],-5.0062423630095436e-08,3.01761870699635e-12,0.00011562595309516494,6.970405435906387e-09,0.00043291868109792157,0.00043296874352155167,0.00043291867808030286,0.00011562595309516494,6.970405435906387e-09,True
S10,source,regular-sensitivity,5,0.0003,confirmatory,0.0012984557230659348,0.0012989062305646549,0.0012984556415934156,-5.006544124882553,[],-4.5050749872006107e-07,8.147251926923782e-11,0.00034683604414170716,6.27457085628723e-08,0.0012984557230659348,0.0012989062305646549,0.0012984556415934156,0.00034683604414170716,6.27457085628723e-08,True
S10,source,regular-sensitivity,5,0.001,confirmatory,0.00432468390790578,0.004329687435215517,0.0043246808910906345,-5.006544124882553,[],-5.003527309736626e-06,3.016815145785723e-09,0.0011556324525970238,6.975809826803006e-07,0.00432468390790578,0.004329687435215517,0.0043246808910906345,0.0011556324525970238,6.975809826803006e-07,True
S10,source,regular-sensitivity,5,0.003,extended-local,0.012944084809712899,0.012989062305646549,0.012944003408522605,-5.006544124882553,[],-4.4977495933649914e-05,8.140119029352577e-08,0.0034627207780886147,6.288718236888713e-06,0.012944084809712899,0.012989062305646549,0.012944003408522605,0.0034627207780886147,6.288718236888713e-06,True
S10,source,regular-sensitivity,5,0.01,extended-local,0.042799227963868744,0.043296874352155165,0.04279621993966691,-5.006544124882553,[],-0.0004976463882864213,3.00802420183377e-06,0.011493817873290665,7.028714699743133e-05,0.042799227963868744,0.043296874352155165,0.04279621993966691,0.011493817873290665,7.028714699743133e-05,True
S10,source,regular-sensitivity,5,0.03,stress,0.12546542552262818,0.12989062305646548,0.1253847333440712,-5.006544124882553,[],-0.0044251975338372995,8.069217855699584e-05,0.03406864506234293,0.0006435566468492343,0.12546542552262818,0.12989062305646548,0.1253847333440712,0.03406864506234293,0.0006435566468492343,True
S10,source,regular-sensitivity,5,0.1,stress,0.38582508282013517,0.4329687435215517,0.3829033022727261,-5.006544124882553,[],-0.04714366070141651,0.0029217805474090475,0.10888467448706228,0.007630596367455679,0.38582508282013517,0.4329687435215517,0.3829033022727261,0.10888467448706228,0.007630596367455679,True
S10,source,regular-sensitivity,20,0.0001,confirmatory,0.0016446452495817623,0.0016455415247612244,0.0016446449079248072,-89.66168364172151,[],-8.962751794621294e-07,3.416569551144971e-10,0.0005446688314913129,2.0773904048722327e-07,0.0016446452495817623,0.0016455415247612244,0.0016446449079248072,0.0005446688314913129,2.0773904048722327e-07,True
S10,source,regular-sensitivity,20,0.0003,confirmatory,0.004928564241691498,0.004936624574283673,0.004928555022755918,-89.66168364172151,[],-8.060332592174993e-06,9.218935580201926e-09,0.001632761914722791,1.8705148948599828e-06,0.004928564241691498,0.004936624574283673,0.004928555022755918,0.001632761914722791,1.8705148948599828e-06,True
S10,source,regular-sensitivity,20,0.001,confirmatory,0.016366094255922923,0.016455415247612244,0.016365753563970523,-89.66168364172151,[],-8.932099168932131e-05,3.406919523996077e-07,0.005428060632033105,2.08173703134359e-05,0.016366094255922923,0.016455415247612244,0.016365753563970523,0.005428060632033105,2.08173703134359e-05,True
S10,source,regular-sensitivity,20,0.003,extended-local,0.04856843186636747,0.04936624574283674,0.04855929059006124,-89.66168364172151,[],-0.0007978138764692666,9.141276306232071e-06,0.016161121115535363,0.00018824979103181216,0.04856843186636747,0.04936624574283674,0.04855929059006124,0.016161121115535363,0.00018824979103181216,True
S10,source,regular-sensitivity,20,0.01,extended-local,0.1559193010382744,0.16455415247612246,0.1555879841119503,-89.66168364172151,[],-0.008634851437848062,0.0003313169263240989,0.05247422388262744,0.0021294506013119,0.1559193010382744,0.16455415247612246,0.1555879841119503,0.05247422388262744,0.0021294506013119,True
S10,source,regular-sensitivity,20,0.03,stress,0.42139435207534626,0.49366245742836734,0.412966942150818,-89.66168364172151,[],-0.07226810535302108,0.008427409924528284,0.14639173845523287,0.020406984347552313,0.42139435207534626,0.49366245742836734,0.412966942150818,0.14639173845523287,0.020406984347552313,True
S10,source,regular-sensitivity,20,0.1,stress,1.0076762345743484,1.6455415247612244,0.7489246883440093,-89.66168364172151,[],-0.637865290186876,0.25875154623033914,0.3876324483998866,0.3454974181749565,1.0076762345743484,1.6455415247612244,0.7634649444428097,0.3876324483998866,0.3198723031216168,True
S10,source,regular-sensitivity,50,0.0001,confirmatory,0.003838578480830969,0.0038440201902071374,0.003838572515097332,-544.7675109805227,[],-5.44170937616861e-06,5.965733636693199e-09,0.001415629759185885,1.5541542105117506e-06,0.003838578480830969,0.0038440201902071374,0.003838572515097332,0.001415629759185885,1.5541542105117506e-06,True
S10,source,regular-sensitivity,50,0.0003,confirmatory,0.011483192250095533,0.011532060570621411,0.011483031494633164,-544.7675109805227,[],-4.886832052587893e-05,1.6075546236879457e-07,0.004237605259408175,1.3999392272321731e-05,0.011483192250095533,0.011532060570621411,0.011483031494633164,0.004237605259408175,1.3999392272321731e-05,True
S10,source,regular-sensitivity,50,0.001,confirmatory,0.03790134726201863,0.038440201902071376,0.03789543439109086,-544.7675109805227,[],-0.0005388546400527452,5.912870927771152e-06,0.014017997132936721,0.00015603122177592076,0.03790134726201863,0.038440201902071376,0.03789543439109086,0.014017997132936721,0.00015603122177592076,True
S10,source,regular-sensitivity,50,0.003,extended-local,0.11057426136954679,0.11532060570621412,0.11041769810738941,-544.7675109805227,[],-0.0047463443366673325,0.0001565632621573776,0.04115781657233849,0.0014179181855893082,0.11057426136954679,0.11532060570621412,0.11041769810738941,0.04115781657233849,0.0014179181855893082,True
S10,source,regular-sensitivity,50,0.01,extended-local,0.33535617795405703,0.3844020190207138,0.3299252679226615,-544.7675109805227,[],-0.04904584106665677,0.005430910031395508,0.12758996737739273,0.016461030904333703,0.33535617795405703,0.3844020190207138,0.3299252679226615,0.12758996737739273,0.016461030904333703,True
S10,source,regular-sensitivity,50,0.03,stress,0.7869716320794072,1.1532060570621412,0.6629152971796708,-544.7675109805227,[],-0.36623442498273395,0.12405633489973644,0.3175793456338039,0.18713753540991723,0.7869716320794072,1.1532060570621412,0.6629152971796708,0.3175793456338039,0.18713753540991723,True
S10,source,regular-sensitivity,50,0.1,stress,1.364356180813044,3.8440201902071376,3.0452135453682168,-544.7675109805227,[],-2.4796640093940936,-1.6808573645551728,0.645070495652229,0.5519669932874705,1.364356180813044,3.8440201902071376,3.0452135453682168,0.645070495652229,0.5519669932874705,True
S11,source,regular-sensitivity,1,0.0001,confirmatory,1.6659725982082207e-06,1.665972598167903e-06,1.665972598167903e-06,0.0,[],4.031770949812063e-17,4.031770949812063e-17,2.4200703866593403e-11,2.4200703866593403e-11,1.6659725982082207e-06,1.665972598167903e-06,1.665972598167903e-06,2.4200703866593403e-11,2.4200703866593403e-11,True
S11,source,regular-sensitivity,1,0.0003,confirmatory,4.997917794458129e-06,4.9979177945037085e-06,4.9979177945037085e-06,0.0,[],-4.5579689924701156e-17,-4.5579689924701156e-17,9.11973581774912e-12,9.11973581774912e-12,4.997917794458129e-06,4.9979177945037085e-06,4.9979177945037085e-06,9.11973581774912e-12,9.11973581774912e-12,True
S11,source,regular-sensitivity,1,0.001,confirmatory,1.6659725981638118e-05,1.665972598167903e-05,1.665972598167903e-05,0.0,[],-4.0911691352382706e-17,-4.0911691352382706e-17,2.4557241456056332e-12,2.4557241456056332e-12,1.6659725981638118e-05,1.665972598167903e-05,1.665972598167903e-05,2.4557241456056332e-12,2.4557241456056332e-12,True
S11,source,regular-sensitivity,1,0.003,extended-local,4.997917794508089e-05,4.9979177945037086e-05,4.9979177945037086e-05,0.0,[],4.380176776841438e-17,4.380176776841438e-17,8.764003244828055e-13,8.764003244828055e-13,4.997917794508089e-05,4.9979177945037086e-05,4.9979177945037086e-05,8.764003244828055e-13,8.764003244828055e-13,True
S11,source,regular-sensitivity,1,0.01,extended-local,0.00016659725981682527,0.0001665972598167903,0.0001665972598167903,0.0,[],3.496552006265752e-17,3.496552006265752e-17,2.0988052325176096e-13,2.0988052325176096e-13,0.00016659725981682527,0.0001665972598167903,0.0001665972598167903,2.0988052325176096e-13,2.0988052325176096e-13,True
S11,source,regular-sensitivity,1,0.03,stress,0.0004997917794503648,0.0004997917794503709,0.0004997917794503709,0.0,[],-6.071532165918825e-18,-6.071532165918825e-18,1.2148123309662651e-14,1.2148123309662651e-14,0.0004997917794503648,0.0004997917794503709,0.0004997917794503709,1.2148123309662651e-14,1.2148123309662651e-14,True
S11,source,regular-sensitivity,1,0.1,stress,0.0016659725981678641,0.0016659725981679032,0.0016659725981679032,0.0,[],-3.903127820947816e-17,-3.903127820947816e-17,2.3428523525777966e-14,2.3428523525777966e-14,0.0016659725981678641,0.0016659725981679032,0.0016659725981679032,2.3428523525777966e-14,2.3428523525777966e-14,True
S11,source,regular-sensitivity,5,0.0001,confirmatory,2.5350300601190145e-05,2.5351544766357514e-05,2.5350300578655132e-05,-0.1244187702382394,[],-1.2441651673687315e-09,2.2535013406103227e-14,4.90765031809733e-05,8.889446236025158e-10,2.5350300601190145e-05,2.5351544766357514e-05,2.5350300578655132e-05,4.90765031809733e-05,8.889446236025158e-10,True
S11,source,regular-sensitivity,5,0.0003,confirmatory,7.604343720990503e-05,7.605463429907254e-05,7.604343660975108e-05,-0.1244187702382394,[],-1.1197089167506611e-08,6.00153946179495e-13,0.00014722428515632422,7.892251756840471e-09,7.604343720990503e-05,7.605463429907254e-05,7.604343660975108e-05,0.00014722428515632422,7.892251756840471e-09,True
S11,source,regular-sensitivity,5,0.001,confirmatory,0.00025339105112359706,0.0002535154476635751,0.0002533910288933369,-0.1244187702382394,[],-1.2439653997804636e-07,2.2230260167399596e-11,0.000490686232829194,8.773104661395594e-08,0.00025339105112359706,0.0002535154476635751,0.0002533910288933369,0.000490686232829194,8.773104661395594e-08,True
S11,source,regular-sensitivity,5,0.003,extended-local,0.0007594271742971115,0.0007605463429907254,0.0007594265740585812,-0.1244187702382394,[],-1.1191686936139287e-06,6.002385303204016e-10,0.0014715325422682054,7.903838907197631e-07,0.0007594271742971115,0.0007605463429907254,0.0007594265740585812,0.0014715325422682054,7.903838907197631e-07,True
S11,source,regular-sensitivity,5,0.01,extended-local,0.0025227348333153876,0.0025351544766357512,0.0025227125996119273,-0.1244187702382394,[],-1.2419643320363619e-05,2.2233703460359383e-08,0.004898969050929381,8.813411192293417e-06,0.0025227348333153876,0.0025351544766357512,0.0025227125996119273,0.004898969050929381,8.813411192293417e-06,True
S11,source,regular-sensitivity,5,0.03,stress,0.00749408704673632,0.007605463429907254,0.007493486536692838,-0.1244187702382394,[],-0.00011137638317093405,6.005100434813143e-07,0.014644259905709948,8.013760224173864e-05,0.00749408704673632,0.007605463429907254,0.007493486536692838,0.014644259905709948,8.013760224173864e-05,True
S11,source,regular-sensitivity,5,0.1,stress,0.024129622096833003,0.025351544766357512,0.02410735706397512,-0.1244187702382394,[],-0.001221922669524509,2.226503285788356e-05,0.04819914055675408,0.0009235783416156954,0.024129622096833003,0.025351544766357512,0.02410735706397512,0.04819914055675408,0.0009235783416156954,True
S11,source,regular-sensitivity,20,0.0001,confirmatory,0.00030069829015888505,0.0003007548228010177,0.00030069828666764916,-5.653613336854747,[],-5.653264213267145e-08,3.4912358919635123e-12,0.0001879691956596619,1.1610428282294299e-08,0.00030069829015888505,0.0003007548228010177,0.00030069828666764916,0.0001879691956596619,1.1610428282294299e-08,True
S11,source,regular-sensitivity,20,0.0003,confirmatory,0.0009017557374706303,0.000902264468403053,0.0009017556432027362,-5.653613336854747,[],-5.087309324226363e-07,9.426789416341202e-11,0.0005638379324889693,1.045381804638381e-07,0.0009017557374706303,0.000902264468403053,0.0009017556432027362,0.0005638379324889693,1.045381804638381e-07,True
S11,source,regular-sensitivity,20,0.001,confirmatory,0.0030018981089503932,0.0030075482280101772,0.0030018946146733224,-5.653613336854747,[],-5.650119059784006e-06,3.4942770708173976e-09,0.001878646203297022,1.164023898020037e-06,0.0030018981089503932,0.0030075482280101772,0.0030018946146733224,0.001878646203297022,1.164023898020037e-06,True
S11,source,regular-sensitivity,20,0.003,extended-local,0.008971856731157163,0.009022644684030532,0.008971762163998838,-5.653613336854747,[],-5.0787952873368805e-05,9.456715832460716e-08,0.005628943026345704,1.0540533352977034e-05,0.008971856731157163,0.009022644684030532,0.008971762163998838,0.005628943026345704,1.0540533352977034e-05,True
S11,source,regular-sensitivity,20,0.01,extended-local,0.02951365172954573,0.03007548228010177,0.029510120946416293,-5.653613336854747,[],-0.0005618305505560375,3.5307831294378866e-06,0.018680683000310526,0.00011964651503289296,0.02951365172954573,0.03007548228010177,0.029510120946416293,0.018680683000310526,0.00011964651503289296,True
S11,source,regular-sensitivity,20,0.03,stress,0.0852356064326362,0.09022644684030531,0.08513819483713603,-5.653613336854747,[],-0.004990840407669117,9.741159550016865e-05,0.055314606553248914,0.0011441585728533576,0.0852356064326362,0.09022644684030531,0.08513819483713603,0.055314606553248914,0.0011441585728533576,True
S11,source,regular-sensitivity,20,0.1,stress,0.24805185815127603,0.30075482280101773,0.24421868943247027,-5.653613336854747,[],-0.052702964649741696,0.003833168718805763,0.17523564263709407,0.015695640361159523,0.24805185815127603,0.30075482280101773,0.24421868943247027,0.17523564263709407,0.015695640361159523,True
S11,source,regular-sensitivity,50,0.0001,confirmatory,0.0008233539602693135,0.0008235579860443864,0.0008233539653082933,-20.402073609308772,[],-2.0402577507289913e-07,-5.038979867047488e-12,0.00024773698820267765,6.120065098806821e-09,0.0008233539602693135,0.0008235579860443864,0.0008233539653082933,0.00024773698820267765,6.120065098806821e-09,True
S11,source,regular-sensitivity,50,0.0003,confirmatory,0.0024688376356753732,0.002470673958133159,0.002468837771508321,-20.402073609308772,[],-1.836322457785585e-06,-1.358329477542386e-10,0.0007432475870564121,5.501898477162892e-08,0.0024688376356753732,0.002470673958133159,0.002468837771508321,0.0007432475870564121,5.501898477162892e-08,True
S11,source,regular-sensitivity,50,0.001,confirmatory,0.008215172785075841,0.008235579860443864,0.008215177786834555,-20.402073609308772,[],-2.040707536802265e-05,-5.001758713804594e-09,0.0024779160318800907,6.088436359612681e-07,0.008215172785075841,0.008235579860443864,0.008215177786834555,0.0024779160318800907,6.088436359612681e-07,True
S11,source,regular-sensitivity,50,0.003,extended-local,0.024522988170526,0.02470673958133159,0.024523120918847813,-20.402073609308772,[],-0.0001837514108055903,-1.3274832181414675e-07,0.00743729904954488,5.413190362411007e-06,0.024522988170526,0.02470673958133159,0.024523120918847813,0.00743729904954488,5.413190362411007e-06,True
S11,source,regular-sensitivity,50,0.01,extended-local,0.08031099559888227,0.08235579860443863,0.08031559124350776,-20.402073609308772,[],-0.0020448030055563587,-4.5956446254880046e-06,0.024828889285352065,5.721983184503407e-05,0.08031099559888227,0.08235579860443863,0.08031559124350776,0.024828889285352065,5.721983184503407e-05,True
S11,source,regular-sensitivity,50,0.03,stress,0.2286110889453285,0.24706739581331588,0.228705529564938,-20.402073609308772,[],-0.018456306867987382,-9.444061960950378e-05,0.07470150728400023,0.00041293544493286325,0.2286110889453285,0.24706739581331588,0.228705529564938,0.07470150728400023,0.00041293544493286325,True
S11,source,regular-sensitivity,50,0.1,stress,0.6213043709526799,0.8235579860443865,0.6195372499512987,-20.402073609308772,[],-0.20225361509170658,0.001767121001381211,0.24558515431699782,0.0028523240556078315,0.6213043709526799,0.8235579860443865,0.6195372499512987,0.24558515431699782,0.0028523240556078315,True
S12,source,regular-sensitivity,1,0.0001,confirmatory,1.6513946324542284e-05,1.6513946324558953e-05,1.6513946324558953e-05,0.0,[],-1.666960840196463e-17,-1.666960840196463e-17,1.0094260980595646e-12,1.0094260980595646e-12,1.6513946324542284e-05,1.6513946324558953e-05,1.6513946324558953e-05,1.0094260980595646e-12,1.0094260980595646e-12,True
S12,source,regular-sensitivity,1,0.0003,confirmatory,4.954183897373787e-05,4.954183897367686e-05,4.954183897367686e-05,0.0,[],6.101347725662176e-17,6.101347725662176e-17,1.231554551074298e-12,1.231554551074298e-12,4.954183897373787e-05,4.954183897367686e-05,4.954183897367686e-05,1.231554551074298e-12,1.231554551074298e-12,True
S12,source,regular-sensitivity,1,0.001,confirmatory,0.00016513946324561712,0.00016513946324558953,0.00016513946324558953,0.0,[],2.7592945289756088e-17,2.7592945289756088e-17,1.6708874273571327e-13,1.6708874273571327e-13,0.00016513946324561712,0.00016513946324558953,0.00016513946324558953,1.6708874273571327e-13,1.6708874273571327e-13,True
S12,source,regular-sensitivity,1,0.003,extended-local,0.0004954183897367681,0.0004954183897367686,0.0004954183897367686,0.0,[],-5.421010862427522e-19,-5.421010862427522e-19,1.0942288325848937e-15,1.0942288325848937e-15,0.0004954183897367681,0.0004954183897367686,0.0004954183897367686,1.0942288325848937e-15,1.0942288325848937e-15,True
S12,source,regular-sensitivity,1,0.01,extended-local,0.0016513946324558937,0.0016513946324558954,0.0016513946324558954,0.0,[],-1.734723475976807e-18,-1.734723475976807e-18,1.050459679281498e-15,1.050459679281498e-15,0.0016513946324558937,0.0016513946324558954,0.0016513946324558954,1.050459679281498e-15,1.050459679281498e-15,True
S12,source,regular-sensitivity,1,0.03,stress,0.004954183897367653,0.004954183897367686,0.004954183897367686,0.0,[],-3.2959746043559335e-17,-3.2959746043559335e-17,6.652911302116153e-15,6.652911302116153e-15,0.004954183897367653,0.004954183897367686,0.004954183897367686,6.652911302116153e-15,6.652911302116153e-15,True
S12,source,regular-sensitivity,1,0.1,stress,0.016513946324558992,0.016513946324558954,0.016513946324558954,0.0,[],3.8163916471489756e-17,3.8163916471489756e-17,2.3110112944192956e-15,2.3110112944192956e-15,0.016513946324558992,0.016513946324558954,0.016513946324558954,2.3110112944192956e-15,2.3110112944192956e-15,True
S12,source,regular-sensitivity,5,0.0001,confirmatory,6.86072451121511e-05,6.861551110756859e-05,6.860724462804809e-05,-0.8266479520493234,[],-8.265995417482195e-09,4.841030191733015e-13,0.00012046832099703504,7.056150145627477e-09,6.86072451121511e-05,6.861551110756859e-05,6.860724462804809e-05,0.00012046832099703504,7.056150145627477e-09,True
S12,source,regular-sensitivity,5,0.0003,confirmatory,0.0002057721480775987,0.00020584653332270575,0.0002057721350070213,-0.8266479520493234,[],-7.438524510705504e-08,1.3070577389515114e-11,0.0003613626321821084,6.351966649453835e-08,0.0002057721480775987,0.00020584653332270575,0.0002057721350070213,0.0003613626321821084,6.351966649453835e-08,True
S12,source,regular-sensitivity,5,0.001,confirmatory,0.0006853289470939994,0.0006861551110756859,0.0006853284631236365,-0.8266479520493234,[],-8.261639816865146e-07,4.839703629175296e-10,0.0012040484262972795,7.061874545698229e-07,0.0006853289470939994,0.0006861551110756859,0.0006853284631236365,0.0012040484262972795,7.061874545698229e-07,True
S12,source,regular-sensitivity,5,0.003,extended-local,0.002051038559726104,0.0020584653332270577,0.0020510255016586137,-0.8266479520493234,[],-7.426773500953873e-06,1.3058067490148706e-08,0.003607917695320579,6.366604159523599e-06,0.002051038559726104,0.0020584653332270577,0.0020510255016586137,0.003607917695320579,6.366604159523599e-06,True
S12,source,regular-sensitivity,5,0.01,extended-local,0.0067793687665180236,0.006861551110756858,0.006778886315551926,-0.8266479520493234,[],-8.218234423883457e-05,4.824509660973642e-07,0.011977225398787348,7.1169649945381e-05,0.0067793687665180236,0.006861551110756858,0.006778886315551926,0.011977225398787348,7.1169649945381e-05,True
S12,source,regular-sensitivity,5,0.03,stress,0.019853605940808428,0.020584653332270574,0.019840670175426185,-0.8266479520493234,[],-0.000731047391462146,1.2935765382242337e-05,0.03551419495202684,0.0006519822802288215,0.019853605940808428,0.020584653332270574,0.019840670175426185,0.03551419495202684,0.0006519822802288215,True
S12,source,regular-sensitivity,5,0.1,stress,0.06081671020276075,0.06861551110756858,0.060349031587075344,-0.8266479520493234,[],-0.007798800904807834,0.0004676786156854046,0.11365944491153974,0.007749562890841235,0.06081671020276075,0.06861551110756858,0.060349031587075344,0.11365944491153974,0.007749562890841235,True
S12,source,regular-sensitivity,20,0.0001,confirmatory,7.516105923008332e-05,7.516119506864213e-05,7.516106811332772e-05,-0.012695531441663466,[],-1.3583855881218933e-10,-8.883244400487156e-12,1.8072964205549508e-06,1.1818943800922329e-07,9.745093117474735e-05,9.74871223818447e-05,9.745092417311768e-05,0.0003712409004709062,7.184775026845083e-08,True
S12,source,regular-sensitivity,20,0.0003,confirmatory,0.00022548220297960442,0.00022548358520592637,0.00022548244260809662,-0.012695531441663466,[],-1.3822263219523574e-09,-2.3962849220638023e-10,6.130052973434931e-06,1.0627368119426948e-06,0.0002921357722611706,0.00029246136714553407,0.0002921355832669908,0.001113291945330505,6.469399505396966e-07,True
S12,source,regular-sensitivity,20,0.001,confirmatory,0.0007515904085265424,0.0007516119506864214,0.0007515992551549798,-0.012695531441663466,[],-2.154215987906251e-08,-8.8466284374044e-09,2.866127908076607e-05,1.1770406073087745e-05,0.0009712583957721677,0.000974871223818447,0.0009712514029457436,0.003705954138361373,7.199810886062707e-06,True
S12,source,regular-sensitivity,20,0.003,extended-local,0.0022544849138137757,0.002254835852059264,0.002254721592276289,-0.012695531441663466,[],-3.5093824548833655e-07,-2.3667846251341357e-07,0.0001556380457441444,0.00010497014945178715,0.0028922235559002973,0.0029246136714553414,0.00289203528360101,0.011075006545711082,6.510027742565525e-05,True
S12,source,regular-sensitivity,20,0.01,extended-local,0.007506358864548646,0.007516119506864214,0.007514849953720047,-0.012695531441663466,[],-9.760642315568072e-06,-8.491089171401393e-06,0.0012986278766129267,0.0011299080119621127,0.009395992682480703,0.009748712238184472,0.009390788427374095,0.03618114342550919,0.0005541872385749115,True
S12,source,regular-sensitivity,20,0.03,stress,0.022327190494983412,0.02254835852059264,0.022536932542295142,-0.012695531441663466,[],-0.0002211680256092273,-0.0002097420473117298,0.009808608702369272,0.009306592497364322,0.026444262916570427,0.02924613671455341,0.026307101584723665,0.09580321070538929,0.005213851910102124,True
S12,source,regular-sensitivity,20,0.1,stress,0.0778401483626823,0.07516119506864213,0.10534164211780041,-0.012695531441663466,[],0.002678953294040165,-0.02750149375511811,0.0356427714007683,0.2610695371955946,0.0778401483626823,0.0974871223818447,0.10534164211780041,0.2015340440782291,0.2610695371955946,True
S12,source,regular-sensitivity,50,0.0001,confirmatory,0.0007155651794139503,0.0007157227687307667,0.0007155651990523425,-15.756967842414934,[],-1.5758931681635318e-07,-1.9638392149447237e-11,0.00022018206448261467,2.744458810385875e-08,0.0007155651794139503,0.0007157227687307667,0.0007155651990523425,0.00022018206448261467,2.744458810385875e-08,True
S12,source,regular-sensitivity,50,0.0003,confirmatory,0.0021457496496866853,0.0021471683061922995,0.0021457501790864823,-15.756967842414934,[],-1.4186565056141867e-06,-5.293997970036435e-10,0.0006607104350054301,2.4672014578557634e-07,0.0021457496496866853,0.0021471683061922995,0.0021457501790864823,0.0006607104350054301,2.4672014578557634e-07,True
S12,source,regular-sensitivity,50,0.001,confirmatory,0.007141451220875027,0.007157227687307667,0.007141470719465251,-15.756967842414934,[],-1.577646643264024e-05,-1.9498590224202583e-08,0.0022042705809985023,2.7303325869636315e-06,0.007141451220875027,0.007157227687307667,0.007141470719465251,0.0022042705809985023,2.7303325869636315e-06,True
S12,source,regular-sensitivity,50,0.003,extended-local,0.02132935225608487,0.021471683061923,0.021329870351341266,-15.756967842414934,[],-0.0001423308058381284,-5.180952563944852e-07,0.006628768011694994,2.4289658017630954e-05,0.02132935225608487,0.021471683061923,0.021329870351341266,0.006628768011694994,2.4289658017630954e-05,True
S12,source,regular-sensitivity,50,0.01,extended-local,0.06997846457026004,0.07157227687307666,0.06999658008883516,-15.756967842414934,[],-0.001593812302816619,-1.8115518575126388e-05,0.02226857063165701,0.0002588057666836771,0.06997846457026004,0.07157227687307666,0.06999658008883516,0.02226857063165701,0.0002588057666836771,True
S12,source,regular-sensitivity,50,0.03,stress,0.20012675155913623,0.21471683061922997,0.20053555956105654,-15.756967842414934,[],-0.014590079060093741,-0.00040880800192030775,0.06795032796458882,0.002038581101601779,0.20012675155913623,0.21471683061922997,0.20053555956105654,0.06795032796458882,0.002038581101601779,True
S12,source,regular-sensitivity,50,0.1,stress,0.5522958042503991,0.7157227687307667,0.5581530903066172,-15.756967842414934,[],-0.16342696448036753,-0.005857286056218047,0.22833836175169078,0.010494049317187138,0.5522958042503991,0.7157227687307667,0.5581530903066172,0.22833836175169078,0.010494049317187138,True
S13,source,analytic-zero,1,0.0001,confirmatory,0.0,0.0,0.0,0.0,"[0,1,2]",0.0,0.0,,,0.0,0.0,0.0,,,True
S13,source,analytic-zero,1,0.0003,confirmatory,0.0,0.0,0.0,0.0,"[0,1,2]",0.0,0.0,,,0.0,0.0,0.0,,,True
S13,source,analytic-zero,1,0.001,confirmatory,0.0,0.0,0.0,0.0,"[0,1,2]",0.0,0.0,,,0.0,0.0,0.0,,,True
S13,source,analytic-zero,1,0.003,extended-local,0.0,0.0,0.0,0.0,"[0,1,2]",0.0,0.0,,,0.0,0.0,0.0,,,True
S13,source,analytic-zero,1,0.01,extended-local,0.0,0.0,0.0,0.0,"[0,1,2]",0.0,0.0,,,0.0,0.0,0.0,,,True
S13,source,analytic-zero,1,0.03,stress,0.0,0.0,0.0,0.0,"[0,1,2]",0.0,0.0,,,0.0,0.0,0.0,,,True
S13,source,analytic-zero,1,0.1,stress,0.0,0.0,0.0,0.0,"[0,1,2]",0.0,0.0,,,0.0,0.0,0.0,,,True
S13,source,analytic-zero,5,0.0001,confirmatory,0.0,0.0,0.0,0.0,"[0,1,2]",0.0,0.0,,,0.0,0.0,0.0,,,True
S13,source,analytic-zero,5,0.0003,confirmatory,0.0,0.0,0.0,0.0,"[0,1,2]",0.0,0.0,,,0.0,0.0,0.0,,,True
S13,source,analytic-zero,5,0.001,confirmatory,0.0,0.0,0.0,0.0,"[0,1,2]",0.0,0.0,,,0.0,0.0,0.0,,,True
S13,source,analytic-zero,5,0.003,extended-local,0.0,0.0,0.0,0.0,"[0,1,2]",0.0,0.0,,,0.0,0.0,0.0,,,True
S13,source,analytic-zero,5,0.01,extended-local,0.0,0.0,0.0,0.0,"[0,1,2]",0.0,0.0,,,0.0,0.0,0.0,,,True
S13,source,analytic-zero,5,0.03,stress,0.0,0.0,0.0,0.0,"[0,1,2]",0.0,0.0,,,0.0,0.0,0.0,,,True
S13,source,analytic-zero,5,0.1,stress,0.0,0.0,0.0,0.0,"[0,1,2]",0.0,0.0,,,0.0,0.0,0.0,,,True
S13,source,analytic-zero,20,0.0001,confirmatory,0.0,0.0,0.0,0.0,"[0,1,2]",0.0,0.0,,,0.0,0.0,0.0,,,True
S13,source,analytic-zero,20,0.0003,confirmatory,0.0,0.0,0.0,0.0,"[0,1,2]",0.0,0.0,,,0.0,0.0,0.0,,,True
S13,source,analytic-zero,20,0.001,confirmatory,0.0,0.0,0.0,0.0,"[0,1,2]",0.0,0.0,,,0.0,0.0,0.0,,,True
S13,source,analytic-zero,20,0.003,extended-local,0.0,0.0,0.0,0.0,"[0,1,2]",0.0,0.0,,,0.0,0.0,0.0,,,True
S13,source,analytic-zero,20,0.01,extended-local,0.0,0.0,0.0,0.0,"[0,1,2]",0.0,0.0,,,0.0,0.0,0.0,,,True
S13,source,analytic-zero,20,0.03,stress,0.0,0.0,0.0,0.0,"[0,1,2]",0.0,0.0,,,0.0,0.0,0.0,,,True
S13,source,analytic-zero,20,0.1,stress,0.0,0.0,0.0,0.0,"[0,1,2]",0.0,0.0,,,0.0,0.0,0.0,,,True
S13,source,analytic-zero,50,0.0001,confirmatory,0.0,0.0,0.0,0.0,"[0,1,2]",0.0,0.0,,,0.0,0.0,0.0,,,True
S13,source,analytic-zero,50,0.0003,confirmatory,0.0,0.0,0.0,0.0,"[0,1,2]",0.0,0.0,,,0.0,0.0,0.0,,,True
S13,source,analytic-zero,50,0.001,confirmatory,0.0,0.0,0.0,0.0,"[0,1,2]",0.0,0.0,,,0.0,0.0,0.0,,,True
S13,source,analytic-zero,50,0.003,extended-local,0.0,0.0,0.0,0.0,"[0,1,2]",0.0,0.0,,,0.0,0.0,0.0,,,True
S13,source,analytic-zero,50,0.01,extended-local,0.0,0.0,0.0,0.0,"[0,1,2]",0.0,0.0,,,0.0,0.0,0.0,,,True
S13,source,analytic-zero,50,0.03,stress,0.0,0.0,0.0,0.0,"[0,1,2]",0.0,0.0,,,0.0,0.0,0.0,,,True
S13,source,analytic-zero,50,0.1,stress,0.0,0.0,0.0,0.0,"[0,1,2]",0.0,0.0,,,0.0,0.0,0.0,,,True
S14,source,low-sensitivity,1,0.0001,confirmatory,5.551115123125783e-17,9.894972513241148e-18,9.894972513241148e-18,0.0,[1],4.561617871801668e-17,4.561617871801668e-17,,,5.551115123125783e-17,9.894972513241148e-18,9.894972513241148e-18,,,True
S14,source,low-sensitivity,1,0.0003,confirmatory,8.326672684688674e-17,2.9684917539723434e-17,2.9684917539723434e-17,0.0,[1],5.3581809307163306e-17,5.3581809307163306e-17,,,8.326672684688674e-17,2.9684917539723434e-17,2.9684917539723434e-17,,,True
S14,source,low-sensitivity,1,0.001,confirmatory,1.3877787807814457e-16,9.894972513241147e-17,9.894972513241147e-17,0.0,[1],3.9828152945733095e-17,3.9828152945733095e-17,,,1.3877787807814457e-16,9.894972513241147e-17,9.894972513241147e-17,,,True
S14,source,low-sensitivity,1,0.003,extended-local,3.3306690738754696e-16,2.968491753972344e-16,2.968491753972344e-16,0.0,[1],3.621773199031257e-17,3.621773199031257e-17,,,3.3306690738754696e-16,2.968491753972344e-16,2.968491753972344e-16,,,True
S14,source,low-sensitivity,1,0.01,extended-local,9.43689570931383e-16,9.894972513241148e-16,9.894972513241148e-16,0.0,[1],-4.580768039273171e-17,-4.580768039273171e-17,,,9.43689570931383e-16,9.894972513241148e-16,9.894972513241148e-16,,,True
S14,source,low-sensitivity,1,0.03,stress,2.942091015256665e-15,2.968491753972344e-15,2.968491753972344e-15,0.0,[1],-2.6400738715679285e-17,-2.6400738715679285e-17,,,2.942091015256665e-15,2.968491753972344e-15,2.968491753972344e-15,,,True
S14,source,low-sensitivity,1,0.1,stress,9.908740494779522e-15,9.894972513241147e-15,9.894972513241147e-15,0.0,[1],1.3767981538374803e-17,1.3767981538374803e-17,,,9.908740494779522e-15,9.894972513241147e-15,9.894972513241147e-15,,,True
S14,source,low-sensitivity,5,0.0001,confirmatory,1.3877787807814457e-16,4.8511317662233345e-17,4.8511317662233345e-17,-2.9579762359904793e-25,[],9.026656041591122e-17,9.026656041591122e-17,,,1.3877787807814457e-16,4.8511317662233345e-17,4.8511317662233345e-17,,,True
S14,source,low-sensitivity,5,0.0003,confirmatory,1.3877787807814457e-16,1.455339529867e-16,1.455339529867e-16,-2.9579762359904793e-25,[],-6.756074908555443e-18,-6.756074908555443e-18,,,1.942890293094024e-16,1.455339529867e-16,1.455339529867e-16,,,True
S14,source,low-sensitivity,5,0.001,confirmatory,4.996003610813204e-16,4.851131766223334e-16,4.851131766223331e-16,-2.9579762359904793e-25,[],1.448718445898704e-17,1.4487184458987337e-17,,,4.996003610813204e-16,4.851131766223334e-16,4.851131766223331e-16,,,True
S14,source,low-sensitivity,5,0.003,extended-local,1.5543122344752192e-15,1.4553395298670002e-15,1.4553395298669978e-15,-2.9579762359904793e-25,[],9.897270460821895e-17,9.897270460822132e-17,,,1.5543122344752192e-15,1.4553395298670002e-15,1.4553395298669978e-15,,,True
S14,source,low-sensitivity,5,0.01,extended-local,4.9960036108132044e-15,4.851131766223334e-15,4.851131766223306e-15,-2.9579762359904793e-25,[],1.4487184458987042e-16,1.4487184458989881e-16,,,4.9960036108132044e-15,4.851131766223334e-15,4.851131766223306e-15,,,True
S14,source,low-sensitivity,5,0.03,stress,1.4460654895742664e-14,1.4553395298670002e-14,1.4553395298669737e-14,-2.9579762359904793e-25,[],-9.274040292733811e-17,-9.274040292707305e-17,,,1.4460654895742664e-14,1.4553395298670002e-14,1.4553395298669737e-14,,,True
S14,source,low-sensitivity,5,0.1,stress,4.8405723873656825e-14,4.851131766223334e-14,4.8511317662230387e-14,-2.9579762359904793e-25,[],-1.05593788576515e-16,-1.0559378857356151e-16,,,4.8405723873656825e-14,4.851131766223334e-14,4.8511317662230387e-14,,,True
S14,source,low-sensitivity,20,0.0001,confirmatory,4.163336342344337e-16,1.789548868776689e-16,1.7895488687766885e-16,-5.421846916893956e-24,[],2.373787473567648e-16,2.3737874735676485e-16,,,4.163336342344337e-16,1.789548868776689e-16,1.7895488687766885e-16,,,True
S14,source,low-sensitivity,20,0.0003,confirmatory,6.661338147750939e-16,5.368646606330066e-16,5.368646606330061e-16,-5.421846916893956e-24,[],1.2926915414208732e-16,1.2926915414208781e-16,,,6.661338147750939e-16,5.368646606330066e-16,5.368646606330061e-16,,,True
S14,source,low-sensitivity,20,0.001,confirmatory,1.6375789613221059e-15,1.7895488687766892e-15,1.7895488687766837e-15,-5.421846916893956e-24,[],-1.519699074545833e-16,-1.5196990745457778e-16,,,1.6375789613221059e-15,1.7895488687766892e-15,1.7895488687766837e-15,,,True
S14,source,low-sensitivity,20,0.003,extended-local,5.800915303666443e-15,5.368646606330067e-15,5.368646606330018e-15,-5.421846916893956e-24,[],4.322686973363761e-16,4.32268697336425e-16,,,5.800915303666443e-15,5.368646606330067e-15,5.368646606330018e-15,,,True
S14,source,low-sensitivity,20,0.01,extended-local,1.8346435481930712e-14,1.7895488687766887e-14,1.7895488687766345e-14,-5.421846916893956e-24,[],4.509467941638245e-16,4.509467941643673e-16,,,1.8346435481930712e-14,1.7895488687766887e-14,1.7895488687766345e-14,,,True
S14,source,low-sensitivity,20,0.03,stress,5.3762549967473205e-14,5.368646606330066e-14,5.3686466063295784e-14,-5.421846916893956e-24,[],7.608390417254361e-17,7.608390417742193e-17,,,5.3762549967473205e-14,5.368646606330066e-14,5.3686466063295784e-14,,,True
S14,source,low-sensitivity,20,0.1,stress,1.79134485023269e-13,1.789548868776689e-13,1.7895488687761467e-13,-5.421846916893956e-24,[],1.795981456001097e-16,1.7959814565433284e-16,,,1.79134485023269e-13,1.789548868776689e-13,1.7895488687761467e-13,,,True
S14,source,low-sensitivity,50,0.0001,confirmatory,4.996003610813204e-16,3.6571506750695485e-16,3.6571506750695455e-16,-3.1507462519492597e-23,[],1.338852935743656e-16,1.338852935743659e-16,,,4.996003610813204e-16,3.6571506750695485e-16,3.6571506750695455e-16,,,True
S14,source,low-sensitivity,50,0.0003,confirmatory,9.43689570931383e-16,1.0971452025208644e-15,1.0971452025208616e-15,-3.1507462519492597e-23,[],-1.534556315894813e-16,-1.5345563158947853e-16,,,9.43689570931383e-16,1.0971452025208644e-15,1.0971452025208616e-15,,,True
S14,source,low-sensitivity,50,0.001,confirmatory,3.608224830031759e-15,3.657150675069549e-15,3.657150675069517e-15,-3.1507462519492597e-23,[],-4.892584503779013e-17,-4.892584503775858e-17,,,3.608224830031759e-15,3.657150675069549e-15,3.657150675069517e-15,,,True
S14,source,low-sensitivity,50,0.003,extended-local,1.0935696792557792e-14,1.0971452025208644e-14,1.0971452025208361e-14,-3.1507462519492597e-23,[],-3.5755232650851587e-17,-3.5755232650569175e-17,,,1.0935696792557792e-14,1.0971452025208644e-14,1.0971452025208361e-14,,,True
S14,source,low-sensitivity,50,0.01,extended-local,3.6692870963861424e-14,3.657150675069548e-14,3.657150675069234e-14,-3.1507462519492597e-23,[],1.2136421316594109e-16,1.213642131690839e-16,,,3.6692870963861424e-14,3.657150675069548e-14,3.657150675069234e-14,,,True
S14,source,low-sensitivity,50,0.03,stress,1.0952350137927169e-13,1.0971452025208644e-13,1.0971452025205809e-13,-3.1507462519492597e-23,[],-1.910188728147424e-16,-1.9101887278639388e-16,,,1.0952350137927169e-13,1.0971452025208644e-13,1.0971452025205809e-13,,,True
S14,source,low-sensitivity,50,0.1,stress,3.659295089164516e-13,3.657150675069548e-13,3.6571506750663976e-13,-3.1507462519492597e-23,[],2.1444140949679523e-16,2.1444140981183472e-16,,,3.659295089164516e-13,3.657150675069548e-13,3.6571506750663976e-13,,,True
T01,target,regular-sensitivity,1,0.0001,confirmatory,7.472514836404098e-06,7.472514836433939e-06,7.472514836433939e-06,0.0,[],-2.9840970731769e-17,-2.9840970731769e-17,3.993430777316438e-12,3.993430777316438e-12,7.472514836404098e-06,7.472514836433939e-06,7.472514836433939e-06,3.993430777316438e-12,3.993430777316438e-12,True
T01,target,regular-sensitivity,1,0.0003,confirmatory,2.2417544509267806e-05,2.2417544509301816e-05,2.2417544509301816e-05,0.0,[],-3.401006689815467e-17,-3.401006689815467e-17,1.5171182947375308e-12,1.5171182947375308e-12,2.2417544509267806e-05,2.2417544509301816e-05,2.2417544509301816e-05,1.5171182947375308e-12,1.5171182947375308e-12,True
T01,target,regular-sensitivity,1,0.001,confirmatory,7.472514836437405e-05,7.472514836433938e-05,7.472514836433938e-05,0.0,[],3.4667364465224004e-17,3.4667364465224004e-17,4.639316913255952e-13,4.639316913255952e-13,7.472514836437405e-05,7.472514836433938e-05,7.472514836433938e-05,4.639316913255952e-13,4.639316913255952e-13,True
T01,target,regular-sensitivity,1,0.003,extended-local,0.00022417544509306664,0.00022417544509301817,0.00022417544509301817,0.0,[],4.846383711010205e-17,4.846383711010205e-17,2.161870899374939e-13,2.161870899374939e-13,0.00022417544509306664,0.00022417544509301817,0.00022417544509301817,2.161870899374939e-13,2.161870899374939e-13,True
T01,target,regular-sensitivity,1,0.01,extended-local,0.0007472514836434074,0.000747251483643394,0.000747251483643394,0.0,[],1.3444106938820255e-17,1.3444106938820255e-17,1.7991408827012913e-14,1.7991408827012913e-14,0.0007472514836434074,0.000747251483643394,0.000747251483643394,1.7991408827012913e-14,1.7991408827012913e-14,True
T01,target,regular-sensitivity,1,0.03,stress,0.002241754450930167,0.0022417544509301815,0.0022417544509301815,0.0,[],-1.474514954580286e-17,-1.474514954580286e-17,6.577504302348809e-15,6.577504302348809e-15,0.002241754450930167,0.0022417544509301815,0.0022417544509301815,6.577504302348809e-15,6.577504302348809e-15,True
T01,target,regular-sensitivity,1,0.1,stress,0.007472514836433908,0.00747251483643394,0.00747251483643394,0.0,[],-3.209238430557093e-17,-3.209238430557093e-17,4.294723397415986e-15,4.294723397415986e-15,0.007472514836433908,0.00747251483643394,0.00747251483643394,4.294723397415986e-15,4.294723397415986e-15,True
T01,target,regular-sensitivity,5,0.0001,confirmatory,4.7582701505316516e-05,4.758777048520966e-05,4.758270122656285e-05,-0.506925864681437,[],-5.068979893144978e-09,2.7875366403161406e-13,0.00010651854124412959,5.858298432960779e-09,4.7582701505316516e-05,4.758777048520966e-05,4.758270122656285e-05,0.00010651854124412959,5.858298432960779e-09,True
T01,target,regular-sensitivity,5,0.0003,confirmatory,0.00014271769565446513,0.000142763311455629,0.00014271768812780763,-0.506925864681437,[],-4.5615801163862834e-08,7.526657492791869e-12,0.0003195204755252562,5.27380844766175e-08,0.00014271769565446513,0.000142763311455629,0.00014271768812780763,0.0003195204755252562,5.27380844766175e-08,True
T01,target,regular-sensitivity,5,0.001,confirmatory,0.000475371057704288,0.0004758777048520966,0.0004753707789874152,-0.506925864681437,[],-5.066471478085924e-07,2.7871687282351315e-10,0.0010646582990603837,5.863146940104449e-07,0.000475371057704288,0.0004758777048520966,0.0004753707789874152,0.0010646582990603837,5.863146940104449e-07,True
T01,target,regular-sensitivity,5,0.003,extended-local,0.00142307830348129,0.00142763311455629,0.001423070781774157,-0.506925864681437,[],-4.554811075000061e-06,7.521707133008315e-09,0.0031904633120083525,5.285546741133231e-06,0.00142307830348129,0.00142763311455629,0.001423070781774157,0.0031904633120083525,5.285546741133231e-06,True
T01,target,regular-sensitivity,5,0.01,extended-local,0.004708362571005459,0.0047587770485209655,0.004708084462052823,-0.506925864681437,[],-5.0414477515506664e-05,2.781089526362329e-07,0.010593998626427677,5.9070510496953075e-05,0.004708362571005459,0.0047587770485209655,0.004708084462052823,0.010593998626427677,5.9070510496953075e-05,True
T01,target,regular-sensitivity,5,0.03,stress,0.0138275703363408,0.014276331145562897,0.013820097867349604,-0.506925864681437,[],-0.00044876080922209675,7.47246899119626e-06,0.03143390305579821,0.0005406958085912107,0.0138275703363408,0.014276331145562897,0.013820097867349604,0.03143390305579821,0.0005406958085912107,True
T01,target,regular-sensitivity,5,0.1,stress,0.042790543787008084,0.047587770485209666,0.04251851183839529,-0.506925864681437,[],-0.0047972266982015815,0.00027203194861279145,0.10080797333618656,0.006397964953400361,0.042790543787008084,0.047587770485209666,0.04251851183839529,0.10080797333618656,0.006397964953400361,True
T01,target,regular-sensitivity,20,0.0001,confirmatory,0.0002667454581570944,0.00026682023014356184,0.00026674544435877236,-7.478578478948617,[],-7.477198646745412e-08,1.3798322022733761e-11,0.0002802335730961002,5.172842616264153e-08,0.0002667454581570944,0.00026682023014356184,0.00026674544435877236,0.0002802335730961002,5.172842616264153e-08,True
T01,target,regular-sensitivity,20,0.0003,confirmatory,0.0007997879908600986,0.0008004606904306853,0.00079978761836758,-7.478578478948617,[],-6.726995705867451e-07,3.724925186007755e-10,0.0008403905133989794,4.6573929133969045e-07,0.0007997879908600986,0.0008004606904306853,0.00079978761836758,0.0008403905133989794,4.6573929133969045e-07,True
T01,target,regular-sensitivity,20,0.001,confirmatory,0.0026607375099977626,0.0026682023014356184,0.0026607237229566696,-7.478578478948617,[],-7.464791437855785e-06,1.3787041092984398e-08,0.002797685705405237,5.181688340668402e-06,0.0026607375099977626,0.0026682023014356184,0.0026607237229566696,0.002797685705405237,5.181688340668402e-06,True
T01,target,regular-sensitivity,20,0.003,extended-local,0.00793767125468356,0.008004606904306854,0.007937299697996317,-7.478578478948617,[],-6.6935649623295e-05,3.715566872421888e-07,0.00836214075512946,4.6811472588843306e-05,0.00793767125468356,0.008004606904306854,0.007937299697996317,0.00836214075512946,4.6811472588843306e-05,True
T01,target,regular-sensitivity,20,0.01,extended-local,0.025947835932371793,0.026682023014356182,0.02593416516646132,-7.478578478948617,[],-0.0007341870819843888,1.367076591047428e-05,0.027516170029137657,0.0005271334482034395,0.025947835932371793,0.026682023014356182,0.02593416516646132,0.027516170029137657,0.0005271334482034395,True
T01,target,regular-sensitivity,20,0.03,stress,0.07367733193952423,0.08004606904306855,0.07331534841201479,-7.478578478948617,[],-0.006368737103544311,0.00036198352750944907,0.07956339617524043,0.004937349891255893,0.07367733193952423,0.08004606904306855,0.07331534841201479,0.07956339617524043,0.004937349891255893,True
T01,target,regular-sensitivity,20,0.1,stress,0.20448842973730552,0.2668202301435618,0.19203444535407563,-7.478578478948617,[],-0.0623318004062563,0.012453984383229894,0.23360972431782576,0.06485286720445946,0.20448842973730552,0.2668202301435618,0.19203444535407563,0.23360972431782576,0.06485286720445946,True
T01,target,regular-sensitivity,50,0.0001,confirmatory,0.0007905473341746566,0.0007907868140669987,0.0007905473281986246,-23.948586837413018,[],-2.394798923420873e-07,5.976032060699132e-12,0.00030283748803352904,7.559360265395342e-09,0.0007905473341746566,0.0007907868140669987,0.0007905473281986246,0.00030283748803352904,7.559360265395342e-09,True
T01,target,regular-sensitivity,50,0.0003,confirmatory,0.0023702052315747405,0.002372360442200996,0.0023702050693856285,-23.948586837413018,[],-2.1552106262553647e-06,1.6218911196713703e-10,0.0009084667691794056,6.842830355146335e-08,0.0023702052315747405,0.002372360442200996,0.0023702050693856285,0.0009084667691794056,6.842830355146335e-08,True
T01,target,regular-sensitivity,50,0.001,confirmatory,0.00788392566867922,0.007907868140669988,0.007883919553832575,-23.948586837413018,[],-2.3942471990768405e-05,6.114846644658667e-09,0.003027677189966384,7.756099745698298e-07,0.00788392566867922,0.007907868140669988,0.007883919553832575,0.003027677189966384,7.756099745698298e-07,True
T01,target,regular-sensitivity,50,0.003,extended-local,0.023508240544769896,0.023723604422009964,0.023508067140473248,-23.948586837413018,[],-0.00021536387724006845,1.734042966473892e-07,0.009078041996024055,7.376374059645397e-06,0.023508240544769896,0.023723604422009964,0.023508067140473248,0.009078041996024055,7.376374059645397e-06,True
T01,target,regular-sensitivity,50,0.01,extended-local,0.07669131365607867,0.07907868140669988,0.07668382272295858,-23.948586837413018,[],-0.0023873677506212054,7.490933120093968e-06,0.030189776917789343,9.768596366350991e-05,0.07669131365607867,0.07907868140669988,0.07668382272295858,0.030189776917789343,9.768596366350991e-05,True
T01,target,regular-sensitivity,50,0.03,stress,0.2159644945212059,0.23723604422009958,0.21568231606642788,-23.948586837413018,[],-0.021271549698893694,0.00028217845477801484,0.08966407178480294,0.0013083059377529444,0.2159644945212059,0.23723604422009958,0.21568231606642788,0.08966407178480294,0.0013083059377529444,True
T01,target,regular-sensitivity,50,0.1,stress,0.5703029555016188,0.7907868140669987,0.5513009456928686,-23.948586837413018,[],-0.2204838585653799,0.01900200980875022,0.2788158004702132,0.03446758065119717,0.5703029555016188,0.7907868140669987,0.5513009456928686,0.2788158004702132,0.03446758065119717,True
T02,target,regular-sensitivity,1,0.0001,confirmatory,2.51124243170614e-05,2.5112424316991556e-05,2.5112424316991556e-05,0.0,[],6.984294869880059e-17,6.984294869880059e-17,2.781210918435441e-12,2.781210918435441e-12,2.51124243170614e-05,2.5112424316991556e-05,2.5112424316991556e-05,2.781210918435441e-12,2.781210918435441e-12,True
T02,target,regular-sensitivity,1,0.0003,confirmatory,7.533727295096215e-05,7.533727295097466e-05,7.533727295097466e-05,0.0,[],-1.2508982565051507e-17,-1.2508982565051507e-17,1.6603975794546828e-13,1.6603975794546828e-13,7.533727295096215e-05,7.533727295097466e-05,7.533727295097466e-05,1.6603975794546828e-13,1.6603975794546828e-13,True
T02,target,regular-sensitivity,1,0.001,confirmatory,0.00025112424316994786,0.00025112424316991555,0.00025112424316991555,0.0,[],3.230922474006803e-17,3.230922474006803e-17,1.2865832598331408e-13,1.2865832598331408e-13,0.00025112424316994786,0.00025112424316991555,0.00025112424316991555,1.2865832598331408e-13,1.2865832598331408e-13,True
T02,target,regular-sensitivity,1,0.003,extended-local,0.0007533727295097326,0.0007533727295097468,0.0007533727295097468,0.0,[],-1.4203048459560108e-17,-1.4203048459560108e-17,1.8852618236928572e-14,1.8852618236928572e-14,0.0007533727295097326,0.0007533727295097468,0.0007533727295097468,1.8852618236928572e-14,1.8852618236928572e-14,True
T02,target,regular-sensitivity,1,0.01,extended-local,0.0025112424316991733,0.002511242431699156,0.002511242431699156,0.0,[],1.734723475976807e-17,1.734723475976807e-17,6.907829582996729e-15,6.907829582996729e-15,0.0025112424316991733,0.002511242431699156,0.002511242431699156,6.907829582996729e-15,6.907829582996729e-15,True
T02,target,regular-sensitivity,1,0.03,stress,0.007533727295097478,0.007533727295097466,0.007533727295097466,0.0,[],1.214306433183765e-17,1.214306433183765e-17,1.611826902699237e-15,1.611826902699237e-15,0.007533727295097478,0.007533727295097466,0.007533727295097466,1.611826902699237e-15,1.611826902699237e-15,True
T02,target,regular-sensitivity,1,0.1,stress,0.025112424316991455,0.02511242431699156,0.02511242431699156,0.0,[],-1.0408340855860843e-16,-1.0408340855860843e-16,4.1446977497980375e-15,4.1446977497980375e-15,0.025112424316991455,0.02511242431699156,0.02511242431699156,4.1446977497980375e-15,4.1446977497980375e-15,True
T02,target,regular-sensitivity,5,0.0001,confirmatory,0.00012630636435972953,0.00012631649029989299,0.00012630636407142548,-1.0126228467472784,[],-1.0125940163457654e-08,2.883040486033328e-13,8.016324819837266e-05,2.2825773722715875e-09,0.00012630636435972953,0.00012631649029989299,0.00012630636407142548,8.016324819837266e-05,2.2825773722715875e-09,True
T02,target,regular-sensitivity,5,0.0003,confirmatory,0.0003788583426245079,0.0003789494708996789,0.00037885833484347167,-1.0126228467472784,[],-9.112827517099905e-08,7.781036232001881e-12,0.00024047605860129007,2.0538115481124834e-08,0.0003788583426245079,0.0003789494708996789,0.00037885833484347167,0.00024047605860129007,2.0538115481124834e-08,True
T02,target,regular-sensitivity,5,0.001,confirmatory,0.0012621525683269297,0.0012631649029989298,0.0012621522801521824,-1.0126228467472784,[],-1.0123346720000703e-06,2.881747473027635e-10,0.0008014271688491713,2.2832010989039865e-07,0.0012621525683269297,0.0012631649029989298,0.0012621522801521824,0.0008014271688491713,2.2832010989039865e-07,True
T02,target,regular-sensitivity,5,0.003,extended-local,0.003780388883266511,0.0037894947089967893,0.0037803811033760635,-1.0126228467472784,[],-9.105825730278128e-06,7.77989044757968e-09,0.002402912902519596,2.057964590033492e-06,0.003780388883266511,0.0037894947089967893,0.0037803811033760635,0.002402912902519596,2.057964590033492e-06,True
T02,target,regular-sensitivity,5,0.01,extended-local,0.01253067478198018,0.012631649029989298,0.01253038674531457,-1.0126228467472784,[],-0.00010097424800911692,2.880366656108496e-07,0.007993750283069928,2.2987053110595635e-05,0.01253067478198018,0.012631649029989298,0.01253038674531457,0.007993750283069928,2.2987053110595635e-05,True
T02,target,regular-sensitivity,5,0.03,stress,0.03699135520173881,0.03789494708996789,0.03698358652789534,-1.0126228467472784,[],-0.0009035918882290828,7.768673843472351e-06,0.02384465364429272,0.00021005734091291366,0.03699135520173881,0.03789494708996789,0.03698358652789534,0.02384465364429272,0.00021005734091291366,True
T02,target,regular-sensitivity,5,0.1,stress,0.11647689953497291,0.12631649029989298,0.11619026183242019,-1.0126228467472784,[],-0.009839590764920067,0.0002866377025527167,0.07789632803729352,0.0024669683847182546,0.11647689953497291,0.12631649029989298,0.11619026183242019,0.07789632803729352,0.0024669683847182546,True
T02,target,regular-sensitivity,20,0.0001,confirmatory,0.0005153245329343747,0.0005155208288707015,0.0005153244985052845,-19.633036541685712,[],-1.9629593632670972e-07,3.44290902211386e-11,0.000380772076186941,6.681050546015433e-08,0.0005153245329343747,0.0005155208288707015,0.0005153244985052845,0.000380772076186941,6.681050546015433e-08,True
T02,target,regular-sensitivity,20,0.0003,confirmatory,0.0015447964427949268,0.0015465624866121042,0.0015447955133233524,-19.633036541685712,[],-1.7660438171773676e-06,9.294715743596305e-10,0.0011419155918142427,6.016793590758416e-07,0.0015447964427949268,0.0015465624866121042,0.0015447955133233524,0.0011419155918142427,6.016793590758416e-07,True
T02,target,regular-sensitivity,20,0.001,confirmatory,0.005135609662151777,0.005155208288707014,0.005135575252165328,-19.633036541685712,[],-1.9598626555236524e-05,3.440998644875515e-08,0.0038017138120624975,6.700317833770766e-06,0.005135609662151777,0.005155208288707014,0.005135575252165328,0.0038017138120624975,6.700317833770766e-06,True
T02,target,regular-sensitivity,20,0.003,extended-local,0.015289855454989856,0.015465624866121042,0.01528892753724587,-19.633036541685712,[],-0.00017576941113118562,9.279177439862341e-07,0.011365167114341797,6.069214087945034e-05,0.015289855454989856,0.015465624866121042,0.01528892753724587,0.011365167114341797,6.069214087945034e-05,True
T02,target,regular-sensitivity,20,0.01,extended-local,0.049622995840069836,0.05155208288707014,0.049588779232901566,-19.633036541685712,[],-0.0019290870470003024,3.421660716827063e-05,0.03742015722674398,0.0006900070479163625,0.049622995840069836,0.05155208288707014,0.049588779232901566,0.03742015722674398,0.0006900070479163625,True
T02,target,regular-sensitivity,20,0.03,stress,0.1378984352029632,0.15465624866121042,0.13698651577369328,-19.633036541685712,[],-0.016757813458247228,0.0009119194292699084,0.10835523041139354,0.006657001414478142,0.1378984352029632,0.15465624866121042,0.13698651577369328,0.10835523041139354,0.006657001414478142,True
T02,target,regular-sensitivity,20,0.1,stress,0.3513169630451899,0.5155208288707014,0.3191904634538443,-19.633036541685712,[],-0.1642038658255115,0.032126499591345614,0.31852033250570316,0.10064993560182348,0.3513169630451899,0.5155208288707014,0.3191904634538443,0.31852033250570316,0.10064993560182348,True
T02,target,regular-sensitivity,50,0.0001,confirmatory,0.0013259030542379924,0.0013271909901796776,0.0013259024360765632,-128.85541031147267,[],-1.2879359416852545e-06,6.181614291625448e-10,0.000970422457065423,4.662193931792803e-07,0.0013259030542379924,0.0013271909901796776,0.0013259024360765632,0.000970422457065423,4.662193931792803e-07,True
T02,target,regular-sensitivity,50,0.0003,confirmatory,0.0039699926660126394,0.003981572970539032,0.003969975983611,-128.85541031147267,[],-1.1580304526392568e-05,1.6682401639787903e-08,0.0029084747691626024,4.202141702785308e-06,0.0039699926660126394,0.003981572970539032,0.003969975983611,0.0029084747691626024,4.202141702785308e-06,True
T02,target,regular-sensitivity,50,0.001,confirmatory,0.01314367132857315,0.013271909901796778,0.013143054491485303,-128.85541031147267,[],-0.00012823857322362756,6.168370878471136e-07,0.009662405348778502,4.693255196094104e-05,0.01314367132857315,0.013271909901796778,0.013143054491485303,0.009662405348778502,4.693255196094104e-05,True
T02,target,regular-sensitivity,50,0.003,extended-local,0.03867260640466283,0.03981572970539033,0.03865603101258708,-128.85541031147267,[],-0.0011431233007275013,1.657539207575165e-05,0.02871034410736275,0.0004287918764954015,0.03867260640466283,0.03981572970539033,0.03865603101258708,0.02871034410736275,0.0004287918764954015,True
T02,target,regular-sensitivity,50,0.01,extended-local,0.12043728443641534,0.13271909901796777,0.1198335579868205,-128.85541031147267,[],-0.012281814581552433,0.0006037264495948463,0.09253991831190549,0.0050380415948364414,0.12043728443641534,0.13271909901796777,0.1198335579868205,0.09253991831190549,0.0050380415948364414,True
T02,target,regular-sensitivity,50,0.03,stress,0.2977219874424366,0.39815729705390324,0.28218742777357786,-128.85541031147267,[],-0.10043530961146663,0.01553455966885875,0.2522503300947151,0.055050502396313,0.2977219874424366,0.39815729705390324,0.28218742777357786,0.2522503300947151,0.055050502396313,True
T02,target,regular-sensitivity,50,0.1,stress,0.6066070968615147,1.3271909901796777,0.6432858792761391,-128.85541031147267,[],-0.720583893318163,-0.03667878241462441,0.5429391087266264,0.05701785721753664,0.6066070968615147,1.3271909901796777,0.6432858792761391,0.5429391087266264,0.05701785721753664,True
T03,target,regular-sensitivity,1,0.0001,confirmatory,8.267271604690818e-05,8.26727160468873e-05,8.26727160468873e-05,0.0,[],2.088444434750203e-17,2.088444434750203e-17,2.526159215049564e-13,2.526159215049564e-13,8.267271604690818e-05,8.26727160468873e-05,8.26727160468873e-05,2.526159215049564e-13,2.526159215049564e-13,True
T03,target,regular-sensitivity,1,0.0003,confirmatory,0.0002480181481406274,0.00024801814814066187,0.00024801814814066187,0.0,[],-3.447762908503904e-17,-3.447762908503904e-17,1.3901252526684168e-13,1.3901252526684168e-13,0.0002480181481406274,0.00024801814814066187,0.00024801814814066187,1.3901252526684168e-13,1.3901252526684168e-13,True
T03,target,regular-sensitivity,1,0.001,confirmatory,0.0008267271604689153,0.0008267271604688729,0.0008267271604688729,0.0,[],4.2392304944183223e-17,4.2392304944183223e-17,5.127726167861802e-14,5.127726167861802e-14,0.0008267271604689153,0.0008267271604688729,0.0008267271604688729,5.127726167861802e-14,5.127726167861802e-14,True
T03,target,regular-sensitivity,1,0.003,extended-local,0.0024801814814066486,0.0024801814814066187,0.0024801814814066187,0.0,[],2.992397996059992e-17,2.992397996059992e-17,1.2065238042027768e-14,1.2065238042027768e-14,0.0024801814814066486,0.0024801814814066187,0.0024801814814066187,1.2065238042027768e-14,1.2065238042027768e-14,True
T03,target,regular-sensitivity,1,0.01,extended-local,0.008267271604688695,0.00826727160468873,0.00826727160468873,0.0,[],-3.469446951953614e-17,-3.469446951953614e-17,4.196604536357485e-15,4.196604536357485e-15,0.008267271604688695,0.00826727160468873,0.00826727160468873,4.196604536357485e-15,4.196604536357485e-15,True
T03,target,regular-sensitivity,1,0.03,stress,0.024801814814066223,0.024801814814066188,0.024801814814066188,0.0,[],3.469446951953614e-17,3.469446951953614e-17,1.3988681787858282e-15,1.3988681787858282e-15,0.024801814814066223,0.024801814814066188,0.024801814814066188,1.3988681787858282e-15,1.3988681787858282e-15,True
T03,target,regular-sensitivity,1,0.1,stress,0.08267271604688735,0.08267271604688729,0.08267271604688729,0.0,[],5.551115123125783e-17,5.551115123125783e-17,6.714567258171975e-16,6.714567258171975e-16,0.08267271604688735,0.08267271604688729,0.08267271604688729,6.714567258171975e-16,6.714567258171975e-16,True
T03,target,regular-sensitivity,5,0.0001,confirmatory,0.0004453112608064219,0.0004454411366732167,0.00044531124195455545,-12.989471866129497,[],-1.2987586679480715e-07,1.8851866465455225e-11,0.0002915668448693061,4.233413551993615e-08,0.0004453112608064219,0.0004454411366732167,0.00044531124195455545,0.0002915668448693061,4.233413551993615e-08,True
T03,target,regular-sensitivity,5,0.0003,confirmatory,0.0013351548664803925,0.00133632341001965,0.0013351543575516982,-12.989471866129497,[],-1.1685435392573985e-06,5.089286943260607e-10,0.0008744466575199904,3.8117592280438225e-07,0.0013351548664803925,0.00133632341001965,0.0013351543575516982,0.0008744466575199904,3.8117592280438225e-07,True
T03,target,regular-sensitivity,5,0.001,confirmatory,0.0044414407349424034,0.004454411366732167,0.004441421894866038,-12.989471866129497,[],-1.2970631789763903e-05,1.8840076365309044e-08,0.002911862134385532,4.241901987984255e-06,0.0044414407349424034,0.004454411366732167,0.004441421894866038,0.002911862134385532,4.241901987984255e-06,True
T03,target,regular-sensitivity,5,0.003,extended-local,0.013246836831302455,0.013363234100196502,0.013246328853401336,-12.989471866129497,[],-0.00011639726889404664,5.079779011197411e-07,0.008710261903765875,3.834857995310185e-05,0.013246836831302455,0.013363234100196502,0.013246328853401336,0.008710261903765875,3.834857995310185e-05,True
T03,target,regular-sensitivity,5,0.01,extended-local,0.043263889346606896,0.04454411366732167,0.04324516648070872,-12.989471866129497,[],-0.0012802243207147776,1.8722865898178342e-05,0.02874059477928219,0.00043294701863456686,0.043263889346606896,0.04454411366732167,0.04324516648070872,0.02874059477928219,0.00043294701863456686,True
T03,target,regular-sensitivity,5,0.03,stress,0.12244033907216956,0.133632341001965,0.12194181632244845,-12.989471866129497,[],-0.011192001929795442,0.0004985227497211059,0.0837521953583891,0.004088201773236439,0.12244033907216956,0.133632341001965,0.12194181632244845,0.0837521953583891,0.004088201773236439,True
T03,target,regular-sensitivity,5,0.1,stress,0.33311973249498816,0.4454411366732167,0.3155464180119218,-12.989471866129497,[],-0.11232140417822856,0.01757331448306637,0.25215768129792077,0.055691693772934626,0.33311973249498816,0.4454411366732167,0.3155464180119218,0.25215768129792077,0.055691693772934626,True
T03,target,regular-sensitivity,20,0.0001,confirmatory,0.0020781029032819337,0.0020807521909457813,0.002078100823000128,-265.1367945653212,[],-2.649287663847571e-06,2.080281805757339e-09,0.0012732355517277472,1.0010495076721363e-06,0.0020781029032819337,0.0020807521909457813,0.002078100823000128,0.0012732355517277472,1.0010495076721363e-06,True
T03,target,regular-sensitivity,20,0.0003,confirmatory,0.0062184503719699,0.0062422565728373425,0.006218394261326463,-265.1367945653212,[],-2.380620086744282e-05,5.611064343626765e-08,0.0038137171373303544,9.023333207614683e-06,0.0062184503719699,0.0062422565728373425,0.006218394261326463,0.0038137171373303544,9.023333207614683e-06,True
T03,target,regular-sensitivity,20,0.001,confirmatory,0.020544455921940555,0.02080752190945781,0.020542385114892488,-265.1367945653212,[],-0.0002630659875172553,2.0708070480671137e-06,0.01264283121565196,0.00010080655369302045,0.020544455921940555,0.02080752190945781,0.020542385114892488,0.01264283121565196,0.00010080655369302045,True
T03,target,regular-sensitivity,20,0.003,extended-local,0.06009168271273928,0.06242256572837343,0.060036334577285536,-265.1367945653212,[],-0.0023308830156341526,5.5348135453742175e-05,0.03734039106589747,0.0009219106370075245,0.06009168271273928,0.06242256572837343,0.060036334577285536,0.03734039106589747,0.0009219106370075245,True
T03,target,regular-sensitivity,20,0.01,extended-local,0.18354034292800755,0.20807521909457807,0.18156153963804597,-265.1367945653212,[],-0.02453487616657052,0.0019788032899615837,0.11791349432831061,0.010898802102617377,0.18354034292800755,0.20807521909457807,0.18156153963804597,0.11791349432831061,0.010898802102617377,True
T03,target,regular-sensitivity,20,0.03,stress,0.433983975626905,0.6242256572837342,0.38560254217494516,-265.1367945653212,[],-0.19024168165682925,0.04838143345195983,0.30476427784889526,0.12546969524389057,0.433983975626905,0.6242256572837342,0.38560254217494516,0.30476427784889526,0.12546969524389057,True
T03,target,regular-sensitivity,20,0.1,stress,0.7329718318865613,2.0807521909457813,0.6186840065265897,-265.1367945653212,[],-1.34778035905922,0.11428782535997162,0.6477370851387172,0.1847272988380697,0.7329718318865613,2.0807521909457813,0.6186840065265897,0.6477370851387172,0.1847272988380697,True
T03,target,regular-sensitivity,50,0.0001,confirmatory,0.005286176054646062,0.00530106413720018,0.005286150837337916,-1491.3299862264334,[],-1.4888082554118283e-05,2.5217308146155415e-08,0.0028085082860328492,4.770448086353652e-06,0.005286176054646062,0.00530106413720018,0.005286150837337916,0.0028085082860328492,4.770448086353652e-06,True
T03,target,regular-sensitivity,50,0.0003,confirmatory,0.01576965225924666,0.01590319241160054,0.015768972712840158,-1491.3299862264334,[],-0.00013354015235387748,6.795464065033341e-07,0.008397065752437668,4.309389196608868e-05,0.01576965225924666,0.01590319241160054,0.015768972712840158,0.008397065752437668,4.309389196608868e-05,True
T03,target,regular-sensitivity,50,0.001,confirmatory,0.05154430889238563,0.0530106413720018,0.05151931138577537,-1491.3299862264334,[],-0.001466332479616174,2.4997506610259512e-05,0.027661096747088873,0.00048520653591580025,0.05154430889238563,0.0530106413720018,0.05151931138577537,0.027661096747088873,0.00048520653591580025,True
T03,target,regular-sensitivity,50,0.003,extended-local,0.14627179459646905,0.1590319241160054,0.1456099542399675,-1491.3299862264334,[],-0.01276012951953634,0.0006618403565015474,0.0802362770271741,0.004545296095697029,0.14627179459646905,0.1590319241160054,0.1456099542399675,0.0802362770271741,0.004545296095697029,True
T03,target,regular-sensitivity,50,0.01,extended-local,0.4038382835401057,0.530106413720018,0.38097341509737465,-1491.3299862264334,[],-0.12626813017991229,0.022864868442731057,0.23819393033528227,0.06001696584756951,0.4038382835401057,0.530106413720018,0.38097341509737465,0.23819393033528227,0.06001696584756951,True
T03,target,regular-sensitivity,50,0.03,stress,0.7540193393953044,1.590319241160054,0.2481222535562638,-1491.3299862264334,[],-0.8362999017647496,0.5058970858390406,0.5258691966492922,2.038902511113636,0.7540193393953044,1.590319241160054,0.43402636786691373,0.5258691966492922,0.7372662013624727,True
T03,target,regular-sensitivity,50,0.1,stress,0.9329374223194936,5.301064137200179,9.612235725064156,-1491.3299862264334,[],-4.3681267148806855,-8.679298302744662,0.8240094067580483,0.9029427233159882,0.9329374223194936,5.301064137200179,9.612235725064156,0.8240094067580483,0.9029427233159882,True
T04,target,regular-sensitivity,1,0.0001,confirmatory,9.377144447059171e-05,9.377144447055982e-05,9.377144447055982e-05,0.0,[],3.18890963982299e-17,3.18890963982299e-17,3.400725730341255e-13,3.400725730341255e-13,9.377144447059171e-05,9.377144447055982e-05,9.377144447055982e-05,3.400725730341255e-13,3.400725730341255e-13,True
T04,target,regular-sensitivity,1,0.0003,confirmatory,0.0002813143334116919,0.0002813143334116794,0.0002813143334116794,0.0,[],1.2468324983583301e-17,1.2468324983583301e-17,4.432168397668162e-14,4.432168397668162e-14,0.0002813143334116919,0.0002813143334116794,0.0002813143334116794,4.432168397668162e-14,4.432168397668162e-14,True
T04,target,regular-sensitivity,1,0.001,confirmatory,0.000937714444705591,0.0009377144447055982,0.0009377144447055982,0.0,[],-7.15573433840433e-18,-7.15573433840433e-18,7.631037762941702e-15,7.631037762941702e-15,0.000937714444705591,0.0009377144447055982,0.0009377144447055982,7.631037762941702e-15,7.631037762941702e-15,True
T04,target,regular-sensitivity,1,0.003,extended-local,0.00281314333411678,0.0028131433341167947,0.0028131433341167947,0.0,[],-1.474514954580286e-17,-1.474514954580286e-17,5.241520887677129e-15,5.241520887677129e-15,0.00281314333411678,0.0028131433341167947,0.0028131433341167947,5.241520887677129e-15,5.241520887677129e-15,True
T04,target,regular-sensitivity,1,0.01,extended-local,0.009377144447056014,0.009377144447055981,0.009377144447055981,0.0,[],3.2959746043559335e-17,3.2959746043559335e-17,3.5149022423246634e-15,3.5149022423246634e-15,0.009377144447056014,0.009377144447055981,0.009377144447055981,3.5149022423246634e-15,3.5149022423246634e-15,True
T04,target,regular-sensitivity,1,0.03,stress,0.028131433341167945,0.028131433341167945,0.028131433341167945,0.0,[],0.0,0.0,0.0,0.0,0.028131433341167945,0.028131433341167945,0.028131433341167945,0.0,0.0,True
T04,target,regular-sensitivity,1,0.1,stress,0.09377144447055977,0.09377144447055982,0.09377144447055982,0.0,[],-5.551115123125783e-17,-5.551115123125783e-17,5.919835355494169e-16,5.919835355494169e-16,0.09377144447055977,0.09377144447055982,0.09377144447055982,5.919835355494169e-16,5.919835355494169e-16,True
T04,target,regular-sensitivity,5,0.0001,confirmatory,0.00046651533591308275,0.00046660602477396256,0.0004665153273508959,-9.069742306666514,[],-9.06888608798043e-08,8.562186875303579e-12,0.00019435852960479155,1.8353495315842887e-08,0.00046651533591308275,0.00046660602477396256,0.0004665153273508959,0.00019435852960479155,1.8353495315842887e-08,True
T04,target,regular-sensitivity,5,0.0003,confirmatory,0.0013990020286709162,0.0013998180743218873,0.0013990017975142877,-9.069742306666514,[],-8.160456509711221e-07,2.311566285606581e-10,0.0005829655052614165,1.652296866032421e-07,0.0013990020286709162,0.0013998180743218873,0.0013990017975142877,0.0005829655052614165,1.652296866032421e-07,True
T04,target,regular-sensitivity,5,0.001,confirmatory,0.004656999064307832,0.004666060247739625,0.004656990505432959,-9.069742306666514,[],-9.061183431793504e-06,8.558874872721667e-09,0.0019419345123507575,1.8378553408551454e-06,0.004656999064307832,0.004666060247739625,0.004656990505432959,0.0019419345123507575,1.8378553408551454e-06,True
T04,target,regular-sensitivity,5,0.003,extended-local,0.013916783960368079,0.013998180743218878,0.01391655306245888,-9.069742306666514,[],-8.139678285079902e-05,2.3089790919875175e-07,0.005814811534722465,1.6591601969428698e-05,0.013916783960368079,0.013998180743218878,0.01391655306245888,0.005814811534722465,1.6591601969428698e-05,True
T04,target,regular-sensitivity,5,0.01,extended-local,0.045762155168756986,0.04666060247739626,0.04575362824672961,-9.069742306666514,[],-0.0008984473086392705,8.526922027379813e-06,0.01925494444857424,0.00018636602940859238,0.045762155168756986,0.04666060247739626,0.04575362824672961,0.01925494444857424,0.00018636602940859238,True
T04,target,regular-sensitivity,5,0.03,stress,0.13204734905123344,0.13998180743218874,0.1318190393561889,-9.069742306666514,[],-0.0079344583809553,0.0002283096950445318,0.0566820683809143,0.001731993315681925,0.13204734905123344,0.13998180743218874,0.1318190393561889,0.0566820683809143,0.001731993315681925,True
T04,target,regular-sensitivity,5,0.1,stress,0.3841162702893172,0.4666060247739626,0.37590860170729745,-9.069742306666514,[],-0.0824897544846454,0.008207668582019767,0.17678673250009108,0.021834213276158806,0.3841162702893172,0.4666060247739626,0.37590860170729745,0.17678673250009108,0.021834213276158806,True
T04,target,regular-sensitivity,20,0.0001,confirmatory,0.0018197486812652208,0.0018212886220597927,0.0018197479179344117,-154.07041253808023,[],-1.539940794571858e-06,7.633308091517521e-10,0.0008455226568264927,4.194706319643469e-07,0.0018197486812652208,0.0018212886220597927,0.0018197479179344117,0.0008455226568264927,4.194706319643469e-07,True
T04,target,regular-sensitivity,20,0.0003,confirmatory,0.005450020127283149,0.005463865866179377,0.005449999529050949,-154.07041253808023,[],-1.3845738896228234e-05,2.0598232199769972e-08,0.002534055417050328,3.7794924733428193e-06,0.005450020127283149,0.005463865866179377,0.005449999529050949,0.002534055417050328,3.7794924733428193e-06,True
T04,target,regular-sensitivity,20,0.001,confirmatory,0.018059577189719844,0.018212886220597926,0.018058815808059847,-154.07041253808023,[],-0.00015330903087808212,7.613816599971734e-07,0.008417613168015993,4.216121744025765e-05,0.018059577189719844,0.018212886220597926,0.018058815808059847,0.008417613168015993,4.216121744025765e-05,True
T04,target,regular-sensitivity,20,0.003,extended-local,0.05327246553895016,0.05463865866179378,0.05325202494895105,-154.07041253808023,[],-0.0013661931228436189,2.0440589999108638e-05,0.025004148277141598,0.000383846248451652,0.05327246553895016,0.05463865866179378,0.05325202494895105,0.025004148277141598,0.000383846248451652,True
T04,target,regular-sensitivity,20,0.01,extended-local,0.1674638552081392,0.18212886220597924,0.16672182095217125,-154.07041253808023,[],-0.014665006997840041,0.0007420342559679438,0.08051995065589661,0.00445073267392405,0.1674638552081392,0.18212886220597924,0.16672182095217125,0.08051995065589661,0.00445073267392405,True
T04,target,regular-sensitivity,20,0.03,stress,0.4266291291245654,0.5463865866179378,0.40772321533366557,-154.07041253808023,[],-0.11975745749337241,0.018905913790899842,0.21918081524412147,0.046369480765101743,0.4266291291245654,0.5463865866179378,0.40772321533366557,0.21918081524412147,0.046369480765101743,True
T04,target,regular-sensitivity,20,0.1,stress,0.8520492837496593,1.8212886220597926,0.28058449667899005,-154.07041253808023,[],-0.9692393383101333,0.5714647870706693,0.5321722908552345,2.0366940933463917,0.8520492837496593,1.8212886220597926,0.5400039419934867,0.5321722908552345,0.577857525639945,True
T04,target,regular-sensitivity,50,0.0001,confirmatory,0.004223967180389927,0.0042316588787127815,0.004223959787242587,-769.9091470194938,[],-7.691698322854178e-06,7.393147339988804e-09,0.0018176555680201466,1.7502882869098219e-06,0.004223967180389927,0.0042316588787127815,0.004223959787242587,0.0018176555680201466,1.7502882869098219e-06,True
T04,target,regular-sensitivity,50,0.0003,confirmatory,0.012625884325569332,0.012694976636138345,0.012625684812906589,-769.9091470194938,[],-6.909231056901298e-05,1.9951266274319257e-07,0.0054424921407362275,1.5802126039075602e-05,0.012625884325569332,0.012694976636138345,0.012625684812906589,0.0054424921407362275,1.5802126039075602e-05,True
T04,target,regular-sensitivity,50,0.001,confirmatory,0.0415540554476735,0.04231658878712782,0.04154667964010833,-769.9091470194938,[],-0.0007625333394543216,7.375807565171422e-06,0.0180197261005659,0.00017753061445735762,0.0415540554476735,0.04231658878712782,0.04154667964010833,0.0180197261005659,0.00017753061445735762,True
T04,target,regular-sensitivity,50,0.003,extended-local,0.12021862184202844,0.12694976636138344,0.12002058403820802,-769.9091470194938,[],-0.006731144519354998,0.00019803780382042502,0.053022110337672346,0.0016500319958231546,0.12021862184202844,0.12694976636138344,0.12002058403820802,0.053022110337672346,0.0016500319958231546,True
T04,target,regular-sensitivity,50,0.01,extended-local,0.3533420344945619,0.4231658878712782,0.34617497316932877,-769.9091470194938,[],-0.06982385337671626,0.007167061325233148,0.16500350188424406,0.02070358021441208,0.3533420344945619,0.4231658878712782,0.34617497316932877,0.16500350188424406,0.02070358021441208,True
T04,target,regular-sensitivity,50,0.03,stress,0.7537716868267837,1.2694976636138344,0.5765794312962901,-769.9091470194938,[],-0.5157259767870507,0.17719225553049367,0.4062441322805996,0.3073162966152341,0.7537716868267837,1.2694976636138344,0.5765794312962901,0.4062441322805996,0.3073162966152341,True
T04,target,regular-sensitivity,50,0.1,stress,1.0519532546866301,4.231658878712782,3.467432591482159,-769.9091470194938,[],-3.179705624026152,-2.4154793367955287,0.7514087773051732,0.6966189747218788,1.0519532546866301,4.231658878712782,3.467432591482159,0.7514087773051732,0.6966189747218788,True
T05,target,regular-sensitivity,1,0.0001,confirmatory,1.6659725982082207e-06,1.665972598167903e-06,1.665972598167903e-06,0.0,[],4.031770949812063e-17,4.031770949812063e-17,2.4200703866593403e-11,2.4200703866593403e-11,1.6659725982082207e-06,1.665972598167903e-06,1.665972598167903e-06,2.4200703866593403e-11,2.4200703866593403e-11,True
T05,target,regular-sensitivity,1,0.0003,confirmatory,4.997917794458129e-06,4.9979177945037085e-06,4.9979177945037085e-06,0.0,[],-4.5579689924701156e-17,-4.5579689924701156e-17,9.11973581774912e-12,9.11973581774912e-12,4.997917794458129e-06,4.9979177945037085e-06,4.9979177945037085e-06,9.11973581774912e-12,9.11973581774912e-12,True
T05,target,regular-sensitivity,1,0.001,confirmatory,1.6659725981638118e-05,1.665972598167903e-05,1.665972598167903e-05,0.0,[],-4.0911691352382706e-17,-4.0911691352382706e-17,2.4557241456056332e-12,2.4557241456056332e-12,1.6659725981638118e-05,1.665972598167903e-05,1.665972598167903e-05,2.4557241456056332e-12,2.4557241456056332e-12,True
T05,target,regular-sensitivity,1,0.003,extended-local,4.997917794502538e-05,4.9979177945037086e-05,4.9979177945037086e-05,0.0,[],-1.1709383462843448e-17,-1.1709383462843448e-17,2.342852352577797e-13,2.342852352577797e-13,4.997917794502538e-05,4.9979177945037086e-05,4.9979177945037086e-05,2.342852352577797e-13,2.342852352577797e-13,True
T05,target,regular-sensitivity,1,0.01,extended-local,0.00016659725981682527,0.0001665972598167903,0.0001665972598167903,0.0,[],3.496552006265752e-17,3.496552006265752e-17,2.0988052325176096e-13,2.0988052325176096e-13,0.00016659725981682527,0.0001665972598167903,0.0001665972598167903,2.0988052325176096e-13,2.0988052325176096e-13,True
T05,target,regular-sensitivity,1,0.03,stress,0.0004997917794503648,0.0004997917794503709,0.0004997917794503709,0.0,[],-6.071532165918825e-18,-6.071532165918825e-18,1.2148123309662651e-14,1.2148123309662651e-14,0.0004997917794503648,0.0004997917794503709,0.0004997917794503709,1.2148123309662651e-14,1.2148123309662651e-14,True
T05,target,regular-sensitivity,1,0.1,stress,0.0016659725981678641,0.0016659725981679032,0.0016659725981679032,0.0,[],-3.903127820947816e-17,-3.903127820947816e-17,2.3428523525777966e-14,2.3428523525777966e-14,0.0016659725981678641,0.0016659725981679032,0.0016659725981679032,2.3428523525777966e-14,2.3428523525777966e-14,True
T05,target,regular-sensitivity,5,0.0001,confirmatory,2.3726585693439883e-05,2.3727750168955023e-05,2.372658567285676e-05,-0.116449609826507,[],-1.1644755151392588e-09,2.0583124234977573e-14,4.9076524611374174e-05,8.675131145618095e-10,2.3726585693439883e-05,2.3727750168955023e-05,2.372658567285676e-05,4.9076524611374174e-05,8.675131145618095e-10,True
T05,target,regular-sensitivity,5,0.0003,confirmatory,7.117277058998894e-05,7.118325050686506e-05,7.117277004198066e-05,-0.116449609826507,[],-1.0479916876118085e-08,5.480082804643766e-13,0.00014722447768955675,7.699690206537394e-09,7.117277058998894e-05,7.118325050686506e-05,7.117277004198066e-05,0.00014722447768955675,7.699690206537394e-09,True
T05,target,regular-sensitivity,5,0.001,confirmatory,0.0002371610723708728,0.00023727750168955024,0.00023716105207972373,-0.116449609826507,[],-1.1642931867743419e-07,2.0291149077818205e-11,0.0004906884042877706,8.55585219405974e-08,0.0002371610723708728,0.00023727750168955024,0.00023716105207972373,0.0004906884042877706,8.55585219405974e-08,True
T05,target,regular-sensitivity,5,0.003,extended-local,0.0007107850064700383,0.0007118325050686507,0.0007107844585802121,-0.116449609826507,[],-1.047498598612381e-06,5.478898261728621e-10,0.0014715520732104781,7.708241500767601e-07,0.0007107850064700383,0.0007118325050686507,0.0007107844585802121,0.0014715520732104781,7.708241500767601e-07,True
T05,target,regular-sensitivity,5,0.01,extended-local,0.0023611503523661703,0.002372775016895502,0.0023611300559128515,-0.116449609826507,[],-1.1624664529331745e-05,2.0296453318805613e-08,0.0048991853195341105,8.596075962854436e-06,0.0023611503523661703,0.002372775016895502,0.0023611300559128515,0.0048991853195341105,8.596075962854436e-06,True
T05,target,regular-sensitivity,5,0.03,stress,0.007014068728509348,0.007118325050686505,0.00701352040184265,-0.116449609826507,[],-0.00010425632217715697,5.483266666984205e-07,0.014646187331260222,7.818137472792687e-05,0.007014068728509348,0.007118325050686505,0.00701352040184265,0.014646187331260222,7.818137472792687e-05,True
T05,target,regular-sensitivity,5,0.1,stress,0.022583602201986464,0.023727750168955022,0.022563254070689952,-0.116449609826507,[],-0.001144147966968559,2.034813129651175e-05,0.04821982526036296,0.0009018260944437229,0.022583602201986464,0.023727750168955022,0.022563254070689952,0.04821982526036296,0.0009018260944437229,True
T05,target,regular-sensitivity,20,0.0001,confirmatory,0.00022447073680395557,0.00022451293873494336,0.0002244707346122328,-4.2204122710547995,[],-4.2201930987783784e-08,2.1917227689856322e-12,0.0001879710417830607,9.763957750536054e-09,0.00022447073680395557,0.00022451293873494336,0.0002244707346122328,0.0001879710417830607,9.763957750536054e-09,True
T05,target,regular-sensitivity,20,0.0003,confirmatory,0.0006731590382950681,0.0006735388162048301,0.0006731589791004351,-4.2204122710547995,[],-3.797779097620014e-07,5.919463291932658e-11,0.0005638545257152737,8.793559137906821e-08,0.0006731590382950681,0.0006735388162048301,0.0006731589791004351,0.0005638545257152737,8.793559137906821e-08,True
T05,target,regular-sensitivity,20,0.001,confirmatory,0.0022409111706554186,0.002245129387349434,0.002240908975078379,-4.2204122710547995,[],-4.218216694015439e-06,2.1955770396209218e-09,0.0018788301100968628,9.797707376954606e-07,0.0022409111706554186,0.002245129387349434,0.002240908975078379,0.0018788301100968628,9.797707376954606e-07,True
T05,target,regular-sensitivity,20,0.003,extended-local,0.006697463976988768,0.0067353881620483,0.006697404451608808,-4.2204122710547995,[],-3.792418505953188e-05,5.9525379960193026e-08,0.005630586411221584,8.887828171388726e-06,0.006697463976988768,0.0067353881620483,0.006697404451608808,0.005630586411221584,8.887828171388726e-06,True
T05,target,regular-sensitivity,20,0.01,extended-local,0.02203148855945028,0.022451293873494337,0.022029252646388855,-4.2204122710547995,[],-0.0004198053140440569,2.2359130614248157e-06,0.0186984908936439,0.00010149745419490378,0.02203148855945028,0.022451293873494337,0.022029252646388855,0.0186984908936439,0.00010149745419490378,True
T05,target,regular-sensitivity,20,0.03,stress,0.06361818523020296,0.067353881620483,0.06355551057653369,-4.2204122710547995,[],-0.003735696390280041,6.267465366927016e-05,0.05546371345499378,0.0009861403535386156,0.06361818523020296,0.067353881620483,0.06355551057653369,0.05546371345499378,0.0009861403535386156,True
T05,target,regular-sensitivity,20,0.1,stress,0.18488335131858435,0.22451293873494338,0.1823088160243954,-4.2204122710547995,[],-0.039629587416359024,0.0025745352941889676,0.17651360157529772,0.014121836509784913,0.18488335131858435,0.22451293873494338,0.1823088160243954,0.17651360157529772,0.014121836509784913,True
T05,target,regular-sensitivity,50,0.0001,confirmatory,0.00047071530978891503,0.0004708319617758285,0.00047071532216447703,-11.663961135151908,[],-1.1665198691349727e-07,-1.2375562000958157e-11,0.0002477571541097657,2.629096912344378e-08,0.00047071530978891503,0.0004708319617758285,0.00047071532216447703,0.0002477571541097657,2.629096912344378e-08,True
T05,target,regular-sensitivity,50,0.0003,confirmatory,0.0014114457951281524,0.0014124958853274853,0.0014114461288253217,-11.663961135151908,[],-1.0500901993328645e-06,-3.336971692892432e-10,0.0007434288554330213,2.3642217897962794e-07,0.0014114457951281524,0.0014124958853274853,0.0014114461288253217,0.0007434288554330213,2.3642217897962794e-07,True
T05,target,regular-sensitivity,50,0.001,confirmatory,0.004696643354532031,0.004708319617758285,0.004696655656623134,-11.663961135151908,[],-1.1676263226254556e-05,-1.2302091102756041e-08,0.0024799215376575968,2.6193300088772463e-06,0.004696643354532031,0.004708319617758285,0.004696655656623134,0.0024799215376575968,2.6193300088772463e-06,True
T05,target,regular-sensitivity,50,0.003,extended-local,0.014019655462779591,0.014124958853274857,0.014019983203058488,-11.663961135151908,[],-0.00010530339049526563,-3.277402788968292e-07,0.007455129008807778,2.337665274986435e-05,0.014019655462779591,0.014124958853274857,0.014019983203058488,0.007455129008807778,2.337665274986435e-05,True
T05,target,regular-sensitivity,50,0.01,extended-local,0.04590523994047112,0.04708319617758285,0.04591680006406766,-11.663961135151908,[],-0.0011779562371117339,-1.1560123596543459e-05,0.025018612429556764,0.0002517623959076772,0.04590523994047112,0.04708319617758285,0.04591680006406766,0.025018612429556764,0.0002517623959076772,True
T05,target,regular-sensitivity,50,0.03,stress,0.1335527410444769,0.14124958853274855,0.13522742724300674,-11.663961135151908,[],-0.007696847488271652,-0.00167468619852984,0.05449111440411132,0.012384219922489476,0.1335527410444769,0.14124958853274855,0.13522742724300674,0.05449111440411132,0.012384219922489476,True
T05,target,regular-sensitivity,50,0.1,stress,0.4321883198323472,0.47083196177582853,0.48725745522748276,-11.663961135151908,[],-0.038643641943481355,-0.05506913539513558,0.08207523082700209,0.11301855888367231,0.4321883198323472,0.47083196177582853,0.48725745522748276,0.08207523082700209,0.11301855888367231,True
T06,target,regular-sensitivity,1,0.0001,confirmatory,3.333333333335742e-05,3.3333333333333335e-05,3.3333333333333335e-05,0.0,[],2.4082840756334267e-17,2.4082840756334267e-17,7.22485222690028e-13,7.22485222690028e-13,3.333333333335742e-05,3.3333333333333335e-05,3.3333333333333335e-05,7.22485222690028e-13,7.22485222690028e-13,True
T06,target,regular-sensitivity,1,0.0003,confirmatory,9.999999999998899e-05,9.999999999999999e-05,9.999999999999999e-05,0.0,[],-1.100465205072787e-17,-1.100465205072787e-17,1.1004652050727871e-13,1.1004652050727871e-13,9.999999999998899e-05,9.999999999999999e-05,9.999999999999999e-05,1.1004652050727871e-13,1.1004652050727871e-13,True
T06,target,regular-sensitivity,1,0.001,confirmatory,0.0003333333333332966,0.0003333333333333333,0.0003333333333333333,0.0,[],-3.6700243538634325e-17,-3.6700243538634325e-17,1.1010073061590298e-13,1.1010073061590298e-13,0.0003333333333332966,0.0003333333333333333,0.0003333333333333333,1.1010073061590298e-13,1.1010073061590298e-13,True
T06,target,regular-sensitivity,1,0.003,extended-local,0.0010000000000000009,0.001,0.001,0.0,[],8.673617379884035e-19,8.673617379884035e-19,8.673617379884035e-16,8.673617379884035e-16,0.0010000000000000009,0.001,0.001,8.673617379884035e-16,8.673617379884035e-16,True
T06,target,regular-sensitivity,1,0.01,extended-local,0.003333333333333327,0.003333333333333333,0.003333333333333333,0.0,[],-6.071532165918825e-18,-6.071532165918825e-18,1.8214596497756474e-15,1.8214596497756474e-15,0.003333333333333327,0.003333333333333333,0.003333333333333333,1.8214596497756474e-15,1.8214596497756474e-15,True
T06,target,regular-sensitivity,1,0.03,stress,0.010000000000000009,0.009999999999999998,0.009999999999999998,0.0,[],1.0408340855860843e-17,1.0408340855860843e-17,1.0408340855860845e-15,1.0408340855860845e-15,0.010000000000000009,0.009999999999999998,0.009999999999999998,1.0408340855860845e-15,1.0408340855860845e-15,True
T06,target,regular-sensitivity,1,0.1,stress,0.033333333333333354,0.03333333333333333,0.03333333333333333,0.0,[],2.0816681711721685e-17,2.0816681711721685e-17,6.245004513516506e-16,6.245004513516506e-16,0.033333333333333354,0.03333333333333333,0.03333333333333333,6.245004513516506e-16,6.245004513516506e-16,True
T06,target,regular-sensitivity,5,0.0001,confirmatory,0.00016663333666641633,0.00016666666666666663,0.00016663333333333334,-3.3333333333333326,[],-3.33300002503022e-08,3.3330829958024e-12,0.00019998000150181323,2.0002498474509302e-08,0.00016663333666641633,0.00016666666666666663,0.00016663333333333334,0.00019998000150181323,2.0002498474509302e-08,True
T06,target,regular-sensitivity,5,0.0003,confirmatory,0.0004997000899864545,0.0004999999999999998,0.0004996999999999998,-3.3333333333333326,[],-2.9991001354525045e-07,8.998645470263689e-11,0.0005998200270905011,1.8008095798006187e-07,0.0004997000899864545,0.0004999999999999998,0.0004996999999999998,0.0005998200270905011,1.8008095798006187e-07,True
T06,target,regular-sensitivity,5,0.001,confirmatory,0.0016633366650003478,0.0016666666666666666,0.001663333333333333,-3.3333333333333326,[],-3.330001666318732e-06,3.331667014754708e-09,0.001998000999791239,2.003006221295416e-06,0.0016633366650003478,0.0016666666666666666,0.001663333333333333,0.001998000999791239,2.003006221295416e-06,True
T06,target,regular-sensitivity,5,0.003,extended-local,0.004970089865081018,0.004999999999999999,0.00497,-3.3333333333333326,[],-2.991013491898155e-05,8.986508101809648e-08,0.005982026983796311,1.8081505235029474e-05,0.004970089865081018,0.004999999999999999,0.00497,0.005982026983796311,1.8081505235029474e-05,True
T06,target,regular-sensitivity,5,0.01,extended-local,0.01633665003333329,0.016666666666666663,0.01633333333333333,-3.3333333333333326,[],-0.0003300166333333743,3.31669999995704e-06,0.01980099800000246,0.00020306326530349227,0.01633665003333329,0.016666666666666663,0.01633333333333333,0.01980099800000246,0.00020306326530349227,True
T06,target,regular-sensitivity,5,0.03,stress,0.04708865810000007,0.04999999999999999,0.04699999999999999,-3.3333333333333326,[],-0.0029113418999999197,8.865810000007607e-05,0.05822683799999841,0.0018863425531931081,0.04708865810000007,0.04999999999999999,0.04699999999999999,0.05822683799999841,0.0018863425531931081,True
T06,target,regular-sensitivity,5,0.1,stress,0.1365033333333333,0.16666666666666663,0.1333333333333333,-3.3333333333333326,[],-0.03016333333333332,0.003170000000000006,0.18097999999999995,0.023775000000000053,0.1365033333333333,0.16666666666666663,0.1333333333333333,0.18097999999999995,0.023775000000000053,True
T06,target,regular-sensitivity,20,0.0001,confirmatory,0.0006660337131718652,0.0006666666666666665,0.0006660333333333332,-63.33333333333333,[],-6.3295349480132e-07,3.7983853204675427e-10,0.0009494302422019803,5.702995826736715e-07,0.0006660337131718652,0.0006666666666666665,0.0006660333333333332,0.0009494302422019803,5.702995826736715e-07,True
T06,target,regular-sensitivity,20,0.0003,confirmatory,0.0019943102469306695,0.001999999999999999,0.001994299999999999,-63.33333333333333,[],-5.68975306932968e-06,1.024693067029625e-08,0.002844876534664841,5.13810894564321e-06,0.0019943102469306695,0.001999999999999999,0.001994299999999999,0.002844876534664841,5.13810894564321e-06,True
T06,target,regular-sensitivity,20,0.001,confirmatory,0.00660371172348842,0.0066666666666666645,0.006603333333333332,-63.33333333333333,[],-6.295494317824432e-05,3.7839015508845525e-07,0.009443241476736652,5.730290082106845e-05,0.00660371172348842,0.0066666666666666645,0.006603333333333332,0.009443241476736652,5.730290082106845e-05,True
T06,target,regular-sensitivity,20,0.003,extended-local,0.01944013043146159,0.019999999999999997,0.019429999999999996,-63.33333333333333,[],-0.0005598695685384084,1.0130431461592704e-05,0.02799347842692042,0.0005213809295724502,0.01944013043146159,0.019999999999999997,0.019429999999999996,0.02799347842692042,0.0005213809295724502,True
T06,target,regular-sensitivity,20,0.01,extended-local,0.06069768746758966,0.06666666666666665,0.060333333333333315,-63.33333333333333,[],-0.00596897919907699,0.0003643541342563464,0.08953468798615487,0.006039018799828947,0.06069768746758966,0.06666666666666665,0.060333333333333315,0.08953468798615487,0.006039018799828947,True
T06,target,regular-sensitivity,20,0.03,stress,0.1520685523577509,0.19999999999999996,0.14299999999999996,-63.33333333333333,[],-0.04793144764224905,0.009068552357750947,0.2396572382112453,0.06341645005420245,0.1520685523577509,0.19999999999999996,0.14299999999999996,0.2396572382112453,0.06341645005420245,True
T06,target,regular-sensitivity,20,0.1,stress,0.2928077818031436,0.6666666666666665,0.03333333333333313,-63.33333333333333,[],-0.3738588848635229,0.2594744484698105,0.5607883272952845,7.784233454094362,0.2928077818031436,0.6666666666666665,0.1833333333333333,0.5607883272952845,0.5971333552898745,True
T06,target,regular-sensitivity,50,0.0001,confirmatory,0.001662589858996949,0.0016666666666666661,0.0016625833333333328,-408.3333333333333,[],-4.076807669717124e-06,6.5256636162455695e-09,0.002446084601830275,3.9250144551624916e-06,0.001662589858996949,0.0016666666666666661,0.0016625833333333328,0.002446084601830275,3.9250144551624916e-06,True
T06,target,regular-sensitivity,50,0.0003,confirmatory,0.0049634257799016646,0.0049999999999999975,0.004963249999999997,-408.3333333333333,[],-3.6574220098332944e-05,1.7577990166738056e-07,0.007314844019666592,3.5416290065457244e-05,0.0049634257799016646,0.0049999999999999975,0.004963249999999997,0.007314844019666592,3.5416290065457244e-05,True
T06,target,regular-sensitivity,50,0.001,confirmatory,0.016264790600989426,0.01666666666666666,0.016258333333333326,-408.3333333333333,[],-0.0004018760656772334,6.457267656100052e-06,0.024112563940634015,0.0003971666420973893,0.016264790600989426,0.01666666666666666,0.016258333333333326,0.024112563940634015,0.0003971666420973893,True
T06,target,regular-sensitivity,50,0.003,extended-local,0.046495349729777785,0.04999999999999998,0.04632499999999998,-408.3333333333333,[],-0.003504650270222197,0.00017034972977780782,0.07009300540444396,0.003677274253163689,0.046495349729777785,0.04999999999999998,0.04632499999999998,0.07009300540444396,0.003677274253163689,True
T06,target,regular-sensitivity,50,0.01,extended-local,0.13166464428748764,0.1666666666666666,0.12583333333333327,-408.3333333333333,[],-0.03500202237917896,0.005831310954154373,0.21001213427507384,0.04634154400652484,0.13166464428748764,0.1666666666666666,0.12583333333333327,0.21001213427507384,0.04634154400652484,True
T06,target,regular-sensitivity,50,0.03,stress,0.2606448748841975,0.4999999999999998,0.1324999999999998,-408.3333333333333,[],-0.23935512511580226,0.1281448748841977,0.47871025023160474,0.9671311312014935,0.2606448748841975,0.4999999999999998,0.1716999999999999,0.47871025023160474,0.5180248974035974,True
T06,target,regular-sensitivity,50,0.1,stress,0.33161540826422664,1.666666666666666,2.416666666666668,-408.3333333333333,[],-1.3350512584024394,-2.085051258402441,0.8010307550414639,0.8627798310630787,0.33161540826422664,1.666666666666666,2.416666666666668,0.8010307550414639,0.8627798310630787,True
T07,target,regular-sensitivity,1,0.0001,confirmatory,5.269727267024488e-05,5.2697272670290535e-05,5.2697272670290535e-05,0.0,[],-4.5658463988795805e-17,-4.5658463988795805e-17,8.664293553570745e-13,8.664293553570745e-13,5.269727267024488e-05,5.2697272670290535e-05,5.2697272670290535e-05,8.664293553570745e-13,8.664293553570745e-13,True
T07,target,regular-sensitivity,1,0.0003,confirmatory,0.00015809181801088729,0.0001580918180108716,0.0001580918180108716,0.0,[],1.5693826446727677e-17,1.5693826446727677e-17,9.92703268530219e-14,9.92703268530219e-14,0.00015809181801088729,0.0001580918180108716,0.0001580918180108716,9.92703268530219e-14,9.92703268530219e-14,True
T07,target,regular-sensitivity,1,0.001,confirmatory,0.0005269727267028512,0.0005269727267029053,0.0005269727267029053,0.0,[],-5.410168840702667e-17,-5.410168840702667e-17,1.0266506341898015e-13,1.0266506341898015e-13,0.0005269727267028512,0.0005269727267029053,0.0005269727267029053,1.0266506341898015e-13,1.0266506341898015e-13,True
T07,target,regular-sensitivity,1,0.003,extended-local,0.0015809181801087133,0.001580918180108716,0.001580918180108716,0.0,[],-2.8189256484623115e-18,-2.8189256484623115e-18,1.7830939538366625e-15,1.7830939538366625e-15,0.0015809181801087133,0.001580918180108716,0.001580918180108716,1.7830939538366625e-15,1.7830939538366625e-15,True
T07,target,regular-sensitivity,1,0.01,extended-local,0.005269727267029026,0.005269727267029053,0.005269727267029053,0.0,[],-2.688821387764051e-17,-2.688821387764051e-17,5.102391929440297e-15,5.102391929440297e-15,0.005269727267029026,0.005269727267029053,0.005269727267029053,5.102391929440297e-15,5.102391929440297e-15,True
T07,target,regular-sensitivity,1,0.03,stress,0.015809181801087188,0.015809181801087157,0.015809181801087157,0.0,[],3.122502256758253e-17,3.122502256758253e-17,1.9751194565575342e-15,1.9751194565575342e-15,0.015809181801087188,0.015809181801087157,0.015809181801087157,1.9751194565575342e-15,1.9751194565575342e-15,True
T07,target,regular-sensitivity,1,0.1,stress,0.05269727267029055,0.052697272670290535,0.052697272670290535,0.0,[],1.3877787807814457e-17,1.3877787807814457e-17,2.6334926087433784e-16,2.6334926087433784e-16,0.05269727267029055,0.052697272670290535,0.052697272670290535,2.6334926087433784e-16,2.6334926087433784e-16,True
T07,target,regular-sensitivity,5,0.0001,confirmatory,0.00024905869106190553,0.00024907823459035085,0.00024905869039017203,-1.9544200178796018,[],-1.9543528445315622e-08,6.717335021555471e-13,7.846341322218737e-05,2.6970891925241327e-09,0.00024905869106190553,0.00024907823459035085,0.00024905869039017203,7.846341322218737e-05,2.6970891925241327e-09,True
T07,target,regular-sensitivity,5,0.0003,confirmatory,0.000747058824104925,0.0007472347037710524,0.0007470588059694433,-1.9544200178796018,[],-1.7587966612742003e-07,1.813548172312912e-11,0.00023537406017120472,2.4275842247244604e-08,0.000747058824104925,0.0007472347037710524,0.0007470588059694433,0.00023537406017120472,2.4275842247244604e-08,True
T07,target,regular-sensitivity,5,0.001,confirmatory,0.0024888285975647323,0.0024907823459035085,0.002488827925885629,-1.9544200178796018,[],-1.9537483387762136e-06,6.716791033957448e-10,0.0007843914350804141,2.698776787297311e-07,0.0024888285975647323,0.0024907823459035085,0.002488827925885629,0.0007843914350804141,2.698776787297311e-07,True
T07,target,regular-sensitivity,5,0.003,extended-local,0.007454775392840306,0.0074723470377105255,0.0074547572575496095,-1.9544200178796018,[],-1.7571644870219803e-05,1.8135290696247308e-08,0.0023515563157788816,2.432713778558151e-06,0.007454775392840306,0.0074723470377105255,0.0074547572575496095,0.0023515563157788816,2.432713778558151e-06,True
T07,target,regular-sensitivity,5,0.01,extended-local,0.024713053125294676,0.02490782345903508,0.02471238145724712,-1.9544200178796018,[],-0.00019477033374040373,6.716680475554737e-07,0.007819644862215073,2.7179414040588194e-05,0.024713053125294676,0.02490782345903508,0.02471238145724712,0.007819644862215073,2.7179414040588194e-05,True
T07,target,regular-sensitivity,5,0.03,stress,0.07298262576147035,0.07472347037710525,0.07296449236101361,-1.9544200178796018,[],-0.0017408446156348956,1.8133400456740723e-05,0.023297159605267452,0.00024852362937057536,0.07298262576147035,0.07472347037710525,0.07296449236101361,0.023297159605267452,0.00024852362937057536,True
T07,target,regular-sensitivity,5,0.1,stress,0.23020503964332048,0.24907823459035083,0.22953403441155482,-1.9544200178796018,[],-0.018873194947030353,0.0006710052317656645,0.07577215639925484,0.0029233365478278104,0.23020503964332048,0.24907823459035083,0.22953403441155482,0.07577215639925484,0.0029233365478278104,True
T07,target,regular-sensitivity,20,0.0001,confirmatory,0.0007699681189601154,0.0007701443790578784,0.0007699681050098802,-17.627404799819065,[],-1.762600977629411e-07,1.3950235172761893e-11,0.0002288663042357863,1.811793901850374e-08,0.0007699681189601154,0.0007701443790578784,0.0007699681050098802,0.0002288663042357863,1.811793901850374e-08,True
T07,target,regular-sensitivity,20,0.0003,confirmatory,0.0023088470475173765,0.002310433137173635,0.0023088466707416513,-17.627404799819065,[],-1.586089656258581e-06,3.7677572520267155e-10,0.0006864901782870258,1.6318785044380755e-07,0.0023088470475173765,0.002310433137173635,0.0023088466707416513,0.0006864901782870258,1.6318785044380755e-07,True
T07,target,regular-sensitivity,20,0.001,confirmatory,0.007683830356031828,0.007701443790578785,0.007683816385778966,-17.627404799819065,[],-1.7613434546957102e-05,1.3970252862524624e-08,0.0022870302018569173,1.8181398619025376e-06,0.007683830356031828,0.007701443790578785,0.007683816385778966,0.0022870302018569173,1.8181398619025376e-06,True
T07,target,regular-sensitivity,20,0.003,extended-local,0.022946063120967832,0.023104331371736352,0.02294568472853798,-17.627404799819065,[],-0.00015826825076852014,3.783924298512986e-07,0.006850154987048468,1.6490788325906215e-05,0.022946063120967832,0.023104331371736352,0.02294568472853798,0.006850154987048468,1.6490788325906215e-05,True
T07,target,regular-sensitivity,20,0.01,extended-local,0.07526586353060642,0.07701443790578784,0.07525169742580594,-17.627404799819065,[],-0.0017485743751814165,1.4166104800483748e-05,0.02270450090566728,0.0001882496380158169,0.07526586353060642,0.07701443790578784,0.07525169742580594,0.02270450090566728,0.0001882496380158169,True
T07,target,regular-sensitivity,20,0.03,stress,0.2155720307430602,0.2310433137173635,0.21517864939752634,-17.627404799819065,[],-0.015471282974303308,0.00039338134553384974,0.06696269511278483,0.0018281616072750198,0.2155720307430602,0.2310433137173635,0.21517864939752634,0.06696269511278483,0.0018281616072750198,True
T07,target,regular-sensitivity,20,0.1,stress,0.6095103309301677,0.7701443790578785,0.5938703310596878,-17.627404799819065,[],-0.16063404812771076,0.015639999870479926,0.20857653771909004,0.02633571514268492,0.6095103309301677,0.7701443790578785,0.5938703310596878,0.20857653771909004,0.02633571514268492,True
T07,target,regular-sensitivity,50,0.0001,confirmatory,0.001142780905383181,0.0011430959821312908,0.001142780911868444,-31.507026284689736,[],-3.1507674810990136e-07,-6.48526306441799e-12,0.0002756345512845247,5.674983714782741e-09,0.001142780905383181,0.0011430959821312908,0.001142780911868444,0.0002756345512845247,5.674983714782741e-09,True
T07,target,regular-sensitivity,50,0.0003,confirmatory,0.0034264521399180966,0.0034292879463938717,0.00342645231402825,-31.507026284689736,[],-2.8358064757751274e-06,-1.741101533780931e-10,0.0008269374051126764,5.0813534647853737e-08,0.0034264521399180966,0.0034292879463938717,0.00342645231402825,0.0008269374051126764,5.0813534647853737e-08,True
T07,target,regular-sensitivity,50,0.001,confirmatory,0.011399446475251302,0.011430959821312908,0.011399452795028218,-31.507026284689736,[],-3.1513346061605094e-05,-6.319776915328368e-09,0.002756841643590487,5.543930071875634e-07,0.011399446475251302,0.011430959821312908,0.011399452795028218,0.002756841643590487,5.543930071875634e-07,True
T07,target,regular-sensitivity,50,0.003,extended-local,0.03400915553840139,0.03429287946393872,0.03400931622737652,-31.507026284689736,[],-0.00028372392553732695,-1.606889751259999e-07,0.008273552118470594,4.724851686275595e-06,0.03400915553840139,0.03429287946393872,0.03400931622737652,0.008273552118470594,4.724851686275595e-06,True
T07,target,regular-sensitivity,50,0.01,extended-local,0.11115423793644927,0.11430959821312907,0.1111588955846601,-31.507026284689736,[],-0.0031553602766798,-4.657648210837362e-06,0.027603633693092537,4.190081402248221e-05,0.11115423793644927,0.11430959821312907,0.1111588955846601,0.027603633693092537,4.190081402248221e-05,True
T07,target,regular-sensitivity,50,0.03,stress,0.314546906557703,0.34292879463938725,0.31457247098316643,-31.507026284689736,[],-0.028381888081684237,-2.5564425463420193e-05,0.08276321068789136,8.126720492585064e-05,0.314546906557703,0.34292879463938725,0.31457247098316643,0.08276321068789136,8.126720492585064e-05,True
T07,target,regular-sensitivity,50,0.1,stress,0.8392755274665455,1.1430959821312907,0.8280257192843933,-31.507026284689736,[],-0.30382045466474517,0.011249808182152266,0.26578735243061136,0.01358630284077977,0.8392755274665455,1.1430959821312907,0.8280257192843933,0.26578735243061136,0.01358630284077977,True
T08,target,regular-sensitivity,1,0.0001,confirmatory,7.950445009247131e-05,7.950445009252176e-05,7.950445009252176e-05,0.0,[],-5.0442506074888094e-17,-5.0442506074888094e-17,6.344614171431488e-13,6.344614171431488e-13,7.950445009247131e-05,7.950445009252176e-05,7.950445009252176e-05,6.344614171431488e-13,6.344614171431488e-13,True
T08,target,regular-sensitivity,1,0.0003,confirmatory,0.00023851335027758047,0.00023851335027756518,0.00023851335027756518,0.0,[],1.5287250632045613e-17,1.5287250632045613e-17,6.409389920629339e-14,6.409389920629339e-14,0.00023851335027758047,0.00023851335027756518,0.00023851335027756518,6.409389920629339e-14,6.409389920629339e-14,True
T08,target,regular-sensitivity,1,0.001,confirmatory,0.0007950445009252127,0.0007950445009252175,0.0007950445009252175,0.0,[],-4.7704895589362195e-18,-4.7704895589362195e-18,6.0002799256955495e-15,6.0002799256955495e-15,0.0007950445009252127,0.0007950445009252175,0.0007950445009252175,6.0002799256955495e-15,6.0002799256955495e-15,True
T08,target,regular-sensitivity,1,0.003,extended-local,0.0023851335027756937,0.002385133502775652,0.002385133502775652,0.0,[],4.163336342344337e-17,4.163336342344337e-17,1.7455359783841602e-14,1.7455359783841602e-14,0.0023851335027756937,0.002385133502775652,0.002385133502775652,1.7455359783841602e-14,1.7455359783841602e-14,True
T08,target,regular-sensitivity,1,0.01,extended-local,0.007950445009252183,0.007950445009252174,0.007950445009252174,0.0,[],8.673617379884035e-18,8.673617379884035e-18,1.0909599864901002e-15,1.0909599864901002e-15,0.007950445009252183,0.007950445009252174,0.007950445009252174,1.0909599864901002e-15,1.0909599864901002e-15,True
T08,target,regular-sensitivity,1,0.03,stress,0.023851335027756493,0.02385133502775652,0.02385133502775652,0.0,[],-2.7755575615628914e-17,-2.7755575615628914e-17,1.1636906522561068e-15,1.1636906522561068e-15,0.023851335027756493,0.02385133502775652,0.02385133502775652,1.1636906522561068e-15,1.1636906522561068e-15,True
T08,target,regular-sensitivity,1,0.1,stress,0.07950445009252172,0.07950445009252174,0.07950445009252174,0.0,[],-2.7755575615628914e-17,-2.7755575615628914e-17,3.49107195676832e-16,3.49107195676832e-16,0.07950445009252172,0.07950445009252174,0.07950445009252174,3.49107195676832e-16,3.49107195676832e-16,True
T08,target,regular-sensitivity,5,0.0001,confirmatory,0.0003941894686646519,0.0003943095573075519,0.00039418945021020286,-12.010709734902886,[],-1.2008864290003265e-07,1.8454449014944363e-11,0.0003045542282059535,4.681619207491085e-08,0.0003941894686646519,0.0003943095573075519,0.00039418945021020286,0.0003045542282059535,4.681619207491085e-08,True
T08,target,regular-sensitivity,5,0.0003,confirmatory,0.001181848206237457,0.0011829286719226553,0.001181847708046514,-12.010709734902886,[],-1.0804656851983938e-06,4.981909429262188e-10,0.0009133819399628509,4.215356509424406e-07,0.001181848206237457,0.0011829286719226553,0.001181847708046514,0.0009133819399628509,4.215356509424406e-07,True
T08,target,regular-sensitivity,5,0.001,confirmatory,0.0039311033045227595,0.003943095573075518,0.003931084863340616,-12.010709734902886,[],-1.1992268552758756e-05,1.844118214383572e-08,0.003041333472778363,4.691117791887224e-06,0.0039311033045227595,0.003943095573075518,0.003931084863340616,0.003041333472778363,4.691117791887224e-06,True
T08,target,regular-sensitivity,5,0.003,extended-local,0.01172168744664076,0.011829286719226555,0.01172119033161243,-12.010709734902886,[],-0.0001075992725857941,4.97115028330955e-07,0.009096006812558633,4.241165054629475e-05,0.01172168744664076,0.011829286719226555,0.01172119033161243,0.009096006812558633,4.241165054629475e-05,True
T08,target,regular-sensitivity,5,0.01,extended-local,0.03824819349696043,0.03943095573075518,0.038229884757264895,-12.010709734902886,[],-0.0011827622337947513,1.8308739695535592e-05,0.02999577899838288,0.0004789117155802137,0.03824819349696043,0.03943095573075518,0.038229884757264895,0.02999577899838288,0.0004789117155802137,True
T08,target,regular-sensitivity,5,0.03,stress,0.10796970992546023,0.11829286719226555,0.10748322843085295,-12.010709734902886,[],-0.010323157266805313,0.00048648149460728263,0.08726779147238628,0.004526115392228381,0.10796970992546023,0.11829286719226555,0.10748322843085295,0.08726779147238628,0.004526115392228381,True
T08,target,regular-sensitivity,5,0.1,stress,0.291238149720611,0.39430955730755185,0.274202459958523,-12.010709734902886,[],-0.10307140758694083,0.017035689762088024,0.261397183194694,0.062128143433377345,0.291238149720611,0.39430955730755185,0.274202459958523,0.261397183194694,0.062128143433377345,True
T08,target,regular-sensitivity,20,0.0001,confirmatory,0.0015213535015910218,0.001523653145232657,0.0015213512706103898,-230.18746222674864,[],-2.2996436416353096e-06,2.230980632005053e-09,0.001509296028975257,1.4664467536875616e-06,0.0015213535015910218,0.001523653145232657,0.0015213512706103898,0.001509296028975257,1.4664467536875616e-06,True
T08,target,regular-sensitivity,20,0.0003,confirmatory,0.004550302713896726,0.00457095943569797,0.004550242564097563,-230.18746222674864,[],-2.0656721801244615e-05,6.014979916230123e-08,0.004519121661837807,1.3219031362612768e-05,0.004550302713896726,0.00457095943569797,0.004550242564097563,0.004519121661837807,1.3219031362612768e-05,True
T08,target,regular-sensitivity,20,0.001,confirmatory,0.015008560583982922,0.01523653145232657,0.015006343990099822,-230.18746222674864,[],-0.00022797086834364794,2.2165938831000126e-06,0.014962123699671655,0.00014771045396282882,0.015008560583982922,0.01523653145232657,0.015006343990099822,0.014962123699671655,0.00014771045396282882,True
T08,target,regular-sensitivity,20,0.003,extended-local,0.043696906679698444,0.045709594356979716,0.04363790719693897,-230.18746222674864,[],-0.002012687677281272,5.899948275947531e-05,0.04403206166221295,0.001352023654416083,0.043696906679698444,0.045709594356979716,0.04363790719693897,0.04403206166221295,0.001352023654416083,True
T08,target,regular-sensitivity,20,0.01,extended-local,0.1314273344126355,0.1523653145232657,0.12934656830059085,-230.18746222674864,[],-0.020937980110630222,0.0020807661120446352,0.13741959694791991,0.016086751580522064,0.1314273344126355,0.1523653145232657,0.12934656830059085,0.13741959694791991,0.016086751580522064,True
T08,target,regular-sensitivity,20,0.03,stress,0.29917429328124634,0.4570959435697971,0.24992722756572333,-230.18746222674864,[],-0.15792165028855076,0.04924706571552301,0.34548906528293577,0.19704562082005456,0.29917429328124634,0.4570959435697971,0.24992722756572333,0.34548906528293577,0.19704562082005456,True
T08,target,regular-sensitivity,20,0.1,stress,0.46389365983305997,1.5236531452326572,0.7782214770348297,-230.18746222674864,[],-1.059759485399597,-0.3143278172017697,0.6955385408519438,0.4039053488981284,0.46389365983305997,1.5236531452326572,0.7782214770348297,0.6955385408519438,0.4039053488981284,True
T08,target,regular-sensitivity,50,0.0001,confirmatory,0.003463913231100346,0.0034786241934062967,0.0034638713724715496,-1475.2820934746956,[],-1.4710962305950447e-05,4.185862879663854e-08,0.004228959924396246,1.20843484920664e-05,0.003463913231100346,0.0034786241934062967,0.0034638713724715496,0.004228959924396246,1.20843484920664e-05,True
T08,target,regular-sensitivity,50,0.0003,confirmatory,0.010304222276758424,0.010435872580218889,0.010303097191806165,-1475.2820934746956,[],-0.0001316503034604656,1.1250849522581596e-06,0.012615169689787865,0.00010919871290284594,0.010304222276758424,0.010435872580218889,0.010303097191806165,0.012615169689787865,0.00010919871290284594,True
T08,target,regular-sensitivity,50,0.001,confirmatory,0.03335198062113923,0.03478624193406296,0.03331095984058827,-1475.2820934746956,[],-0.0014342613129237347,4.102078055095992e-05,0.04123070596824933,0.001231449971638989,0.03335198062113923,0.03478624193406296,0.03331095984058827,0.04123070596824933,0.001231449971638989,True
T08,target,regular-sensitivity,50,0.003,extended-local,0.09214126980626672,0.10435872580218888,0.09108118696091663,-1475.2820934746956,[],-0.012217455995922166,0.0010600828453500855,0.11707172449652418,0.011638878243922885,0.09214126980626672,0.10435872580218888,0.09108118696091663,0.11707172449652418,0.011638878243922885,True
T08,target,regular-sensitivity,50,0.01,extended-local,0.2343837134578975,0.34786241934062967,0.20033420999316007,-1475.2820934746956,[],-0.11347870588273218,0.034049503464737424,0.32621720419765415,0.1699634998231204,0.2343837134578975,0.34786241934062967,0.20038076776465819,0.32621720419765415,0.169691662890397,True
T08,target,regular-sensitivity,50,0.03,stress,0.3729791351547616,1.0435872580218888,0.28416662610533727,-1475.2820934746956,[],-0.6706081228671272,0.08881250904942434,0.6425989946813451,0.3125367333477879,0.3757744493739765,1.0435872580218888,0.28416662610533727,0.6399204316788478,0.32237361763475103,True
T08,target,regular-sensitivity,50,0.1,stress,0.3789948112962716,3.4786241934062962,11.274196741340663,-1475.2820934746956,[],-3.0996293821100247,-10.895201930044392,0.8910503721515383,0.966383874612853,0.46389365983305997,3.4786241934062962,11.274196741340663,0.8666445025270719,0.9588535067751623,True
T09,target,regular-sensitivity,1,0.0001,confirmatory,2.3490112736994362e-05,2.3490112737051154e-05,2.3490112737051154e-05,0.0,[],-5.679186504750633e-17,-5.679186504750633e-17,2.417692315198132e-12,2.417692315198132e-12,2.3490112736994362e-05,2.3490112737051154e-05,2.3490112737051154e-05,2.417692315198132e-12,2.417692315198132e-12,True
T09,target,regular-sensitivity,1,0.0003,confirmatory,7.047033821108717e-05,7.047033821115345e-05,7.047033821115345e-05,0.0,[],-6.628541032033253e-17,-6.628541032033253e-17,9.406143350939875e-13,9.406143350939875e-13,7.047033821108717e-05,7.047033821115345e-05,7.047033821115345e-05,9.406143350939875e-13,9.406143350939875e-13,True
T09,target,regular-sensitivity,1,0.001,confirmatory,0.00023490112737056812,0.00023490112737051152,0.00023490112737051152,0.0,[],5.659535340374333e-17,5.659535340374333e-17,2.409326597844505e-13,2.409326597844505e-13,0.00023490112737056812,0.00023490112737051152,0.00023490112737051152,2.409326597844505e-13,2.409326597844505e-13,True
T09,target,regular-sensitivity,1,0.003,extended-local,0.0007047033821115448,0.0007047033821115346,0.0007047033821115346,0.0,[],1.0191500421363742e-17,1.0191500421363742e-17,1.446211367799384e-14,1.446211367799384e-14,0.0007047033821115448,0.0007047033821115346,0.0007047033821115346,1.446211367799384e-14,1.446211367799384e-14,True
T09,target,regular-sensitivity,1,0.01,extended-local,0.0023490112737052093,0.0023490112737051152,0.0023490112737051152,0.0,[],9.410874857174178e-17,9.410874857174178e-17,4.0063131933506333e-14,4.0063131933506333e-14,0.0023490112737052093,0.0023490112737051152,0.0023490112737051152,4.0063131933506333e-14,4.0063131933506333e-14,True
T09,target,regular-sensitivity,1,0.03,stress,0.007047033821115392,0.007047033821115345,0.007047033821115345,0.0,[],4.683753385137379e-17,4.683753385137379e-17,6.64641820095036e-15,6.64641820095036e-15,0.007047033821115392,0.007047033821115345,0.007047033821115345,6.64641820095036e-15,6.64641820095036e-15,True
T09,target,regular-sensitivity,1,0.1,stress,0.0234901127370511,0.023490112737051153,0.023490112737051153,0.0,[],-5.204170427930421e-17,-5.204170427930421e-17,2.2154727336501197e-15,2.2154727336501197e-15,0.0234901127370511,0.023490112737051153,0.023490112737051153,2.2154727336501197e-15,2.2154727336501197e-15,True
T09,target,regular-sensitivity,5,0.0001,confirmatory,0.00012213260681891852,0.00012214178726325685,0.00012213260661512033,-0.9180648136549093,[],-9.180444338324073e-09,2.0379818709351238e-13,7.516219095875117e-05,1.6686632074900924e-09,0.00012213260681891852,0.00012214178726325685,0.00012213260661512033,7.516219095875117e-05,1.6686632074900924e-09,True
T09,target,regular-sensitivity,5,0.0003,confirmatory,0.0003663427414633408,0.00036642536178977054,0.00036634273595654156,-0.9180648136549093,[],-8.262032642975328e-08,5.506799226687176e-12,0.00022547655005702115,1.5031823170476172e-08,0.0003663427414633408,0.00036642536178977054,0.00036634273595654156,0.00022547655005702115,1.5031823170476172e-08,True
T09,target,regular-sensitivity,5,0.001,confirmatory,0.0012205000117965284,0.0012214178726325685,0.0012204998078189136,-0.9180648136549093,[],-9.178608360400561e-07,2.039776147468031e-10,0.0007514715942888208,1.671262981280759e-07,0.0012205000117965284,0.0012214178726325685,0.0012204998078189136,0.0007514715942888208,1.671262981280759e-07,True
T09,target,regular-sensitivity,5,0.003,extended-local,0.0036559965434567743,0.003664253617897706,0.0036559910345748117,-0.9180648136549093,[],-8.257074440931513e-06,5.508881962580647e-09,0.0022534123731503194,1.5068094835252584e-06,0.0036559965434567743,0.003664253617897706,0.0036559910345748117,0.0022534123731503194,1.5068094835252584e-06,True
T09,target,regular-sensitivity,5,0.01,extended-local,0.012122576469492635,0.012214178726325686,0.012122372244960196,-0.9180648136549093,[],-9.160225683305101e-05,2.042245324396924e-07,0.007499665666068662,1.6846911504849847e-05,0.012122576469492635,0.012214178726325686,0.012122372244960196,0.007499665666068662,1.6846911504849847e-05,True
T09,target,regular-sensitivity,5,0.03,stress,0.03582180655910231,0.03664253617897706,0.03581627784668763,-0.9180648136549093,[],-0.000820729619874748,5.528712414680503e-06,0.022398275486881433,0.0001543631205438566,0.03582180655910231,0.03664253617897706,0.03581627784668763,0.022398275486881433,0.0001543631205438566,True
T09,target,regular-sensitivity,5,0.1,stress,0.11316773928564428,0.12214178726325686,0.11296113912670777,-0.9180648136549093,[],-0.008974047977612587,0.00020660015893650407,0.07347238139123081,0.0018289489689437535,0.11316773928564428,0.12214178726325686,0.11296113912670777,0.07347238139123081,0.0018289489689437535,True
T09,target,regular-sensitivity,20,0.0001,confirmatory,0.00047162285550588975,0.00047171273277044437,0.0004716228553642633,-8.987740618104858,[],-8.987726455461122e-08,1.4162645665602436e-13,0.00019053389554856334,3.002959993247943e-10,0.00047162285550588975,0.00047171273277044437,0.0004716228553642633,0.00019053389554856334,3.002959993247943e-10,True
T09,target,regular-sensitivity,20,0.0003,confirmatory,0.0014143293055904217,0.0014151381983113329,0.0014143293016557034,-8.987740618104858,[],-8.088927209112286e-07,3.934718219647526e-12,0.0005715998069138904,2.7820382530725313e-09,0.0014143293055904217,0.0014151381983113329,0.0014143293016557034,0.0005715998069138904,2.7820382530725313e-09,True
T09,target,regular-sensitivity,20,0.001,confirmatory,0.0047081397465509964,0.004717127327704443,0.004708139587086339,-8.987740618104858,[],-8.987581153446778e-06,1.5946465762445294e-10,0.0019053081524132867,3.386999358766647e-08,0.0047081397465509964,0.004717127327704443,0.004708139587086339,0.0019053081524132867,3.386999358766647e-08,True
T09,target,regular-sensitivity,20,0.003,extended-local,0.014070497681168385,0.014151381983113331,0.014070492317550386,-8.987740618104858,[],-8.08843019449463e-05,5.363617999395998e-09,0.005715646856361062,3.8119618548853883e-07,0.014070497681168385,0.014151381983113331,0.014070492317550386,0.005715646856361062,3.8119618548853883e-07,True
T09,target,regular-sensitivity,20,0.01,extended-local,0.04627283471778912,0.047171273277044436,0.04627249921523395,-8.987740618104858,[],-0.0008984385592553171,3.3550255516823224e-07,0.01904630714499996,7.250582113744512e-06,0.04627283471778912,0.047171273277044436,0.04627249921523395,0.01904630714499996,7.250582113744512e-06,True
T09,target,regular-sensitivity,20,0.03,stress,0.13344437878824894,0.14151381983113331,0.13342485327483894,-8.987740618104858,[],-0.008069441042884373,1.9525513410001416e-05,0.05702228271778358,0.00014634090224391132,0.13344437878824894,0.14151381983113331,0.13342485327483894,0.05702228271778358,0.00014634090224391132,True
T09,target,regular-sensitivity,20,0.1,stress,0.3838500438313621,0.47171273277044434,0.3818353265893958,-8.987740618104858,[],-0.08786268893908222,0.002014717241966335,0.18626312760957414,0.005276403469427669,0.3838500438313621,0.47171273277044434,0.3818353265893958,0.18626312760957414,0.005276403469427669,True
T09,target,regular-sensitivity,50,0.0001,confirmatory,0.0007693199430465896,0.0007694484913404586,0.0007693199733159034,-12.851802455505146,[],-1.2854829386902984e-07,-3.026931385662762e-11,0.00016706549602181356,3.9345545295232094e-08,0.0007693199430465896,0.0007694484913404586,0.0007693199733159034,0.00016706549602181356,3.9345545295232094e-08,True
T09,target,regular-sensitivity,50,0.0003,confirmatory,0.002307187994723799,0.0023083454740213754,0.00230718881180038,-12.851802455505146,[],-1.1574792975763484e-06,-8.170765808737657e-10,0.0005014324374764841,3.5414378601991066e-07,0.002307187994723799,0.0023083454740213754,0.00230718881180038,0.0005014324374764841,3.5414378601991066e-07,True
T09,target,regular-sensitivity,50,0.001,confirmatory,0.007681602873650604,0.007694484913404586,0.00768163311094908,-12.851802455505146,[],-1.2882039753981875e-05,-3.023729847582979e-08,0.0016741913070152407,3.936311203503172e-06,0.007681602873650604,0.007694484913404586,0.00768163311094908,0.0016741913070152407,3.936311203503172e-06,True
T09,target,regular-sensitivity,50,0.003,extended-local,0.02296697408260264,0.023083454740213755,0.022967788518114207,-12.851802455505146,[],-0.00011648065761111354,-8.144355115660695e-07,0.00504606693070913,3.545990119700647e-05,0.02296697408260264,0.023083454740213755,0.022967788518114207,0.00504606693070913,3.545990119700647e-05,True
T09,target,regular-sensitivity,50,0.01,extended-local,0.0756297856649292,0.07694484913404585,0.07565966888849535,-12.851802455505146,[],-0.0013150634691166535,-2.9883223566146144e-05,0.017090987686851883,0.0003949689974216914,0.0756297856649292,0.07694484913404585,0.07565966888849535,0.017090987686851883,0.0003949689974216914,True
T09,target,regular-sensitivity,50,0.03,stress,0.21848870033976575,0.23083454740213755,0.2192679251921829,-12.851802455505146,[],-0.012345847062371795,-0.0007792248524171597,0.05348353269176844,0.0035537566734130783,0.21848870033976575,0.23083454740213755,0.2192679251921829,0.05348353269176844,0.0035537566734130783,True
T09,target,regular-sensitivity,50,0.1,stress,0.6179800150289394,0.7694484913404587,0.6409304667854072,-12.851802455505146,[],-0.15146847631151927,-0.022950451756467816,0.19685330209387447,0.03580802122198375,0.6179800150289394,0.7694484913404587,0.6409304667854072,0.19685330209387447,0.03580802122198375,True
T10,target,regular-sensitivity,1,0.0001,confirmatory,3.711829419535129e-05,3.711829419533299e-05,3.711829419533299e-05,0.0,[],1.8295911660692887e-17,1.8295911660692887e-17,4.929082022037881e-13,4.929082022037881e-13,3.711829419535129e-05,3.711829419533299e-05,3.711829419533299e-05,4.929082022037881e-13,4.929082022037881e-13,True
T10,target,regular-sensitivity,1,0.0003,confirmatory,0.00011135488258598447,0.00011135488258599897,0.00011135488258599897,0.0,[],-1.4501204056993622e-17,-1.4501204056993622e-17,1.3022512996495142e-13,1.3022512996495142e-13,0.00011135488258598447,0.00011135488258599897,0.00011135488258599897,1.3022512996495142e-13,1.3022512996495142e-13,True
T10,target,regular-sensitivity,1,0.001,confirmatory,0.0003711829419532908,0.00037118294195332996,0.00037118294195332996,0.0,[],-3.913969842672671e-17,-3.913969842672671e-17,1.0544584355292887e-13,1.0544584355292887e-13,0.0003711829419532908,0.00037118294195332996,0.00037118294195332996,1.0544584355292887e-13,1.0544584355292887e-13,True
T10,target,regular-sensitivity,1,0.003,extended-local,0.0011135488258599835,0.0011135488258599898,0.0011135488258599898,0.0,[],-6.288372600415926e-18,-6.288372600415926e-18,5.647145822779201e-15,5.647145822779201e-15,0.0011135488258599835,0.0011135488258599898,0.0011135488258599898,5.647145822779201e-15,5.647145822779201e-15,True
T10,target,regular-sensitivity,1,0.01,extended-local,0.003711829419533297,0.003711829419533299,0.003711829419533299,0.0,[],-2.168404344971009e-18,-2.168404344971009e-18,5.841874989081933e-16,5.841874989081933e-16,0.003711829419533297,0.003711829419533299,0.003711829419533299,5.841874989081933e-16,5.841874989081933e-16,True
T10,target,regular-sensitivity,1,0.03,stress,0.011135488258600001,0.011135488258599897,0.011135488258599897,0.0,[],1.0408340855860843e-16,1.0408340855860843e-16,9.346999982531093e-15,9.346999982531093e-15,0.011135488258600001,0.011135488258599897,0.011135488258599897,9.346999982531093e-15,9.346999982531093e-15,True
T10,target,regular-sensitivity,1,0.1,stress,0.037118294195332996,0.03711829419533299,0.03711829419533299,0.0,[],6.938893903907228e-18,6.938893903907228e-18,1.8693999965062185e-16,1.8693999965062185e-16,0.037118294195332996,0.03711829419533299,0.03711829419533299,1.8693999965062185e-16,1.8693999965062185e-16,True
T10,target,regular-sensitivity,5,0.0001,confirmatory,0.0001876378098943643,0.0001876568404183925,0.00018763780895816306,-1.903146022942187,[],-1.9030524028211624e-08,9.362012304715145e-13,0.00010141129940044763,4.989406109939474e-09,0.0001876378098943643,0.0001876568404183925,0.00018763780895816306,0.00010141129940044763,4.989406109939474e-09,True
T10,target,regular-sensitivity,5,0.0003,confirmatory,0.0005627992633891049,0.0005629705212551774,0.0005627992381131126,-1.903146022942187,[],-1.7125786607244398e-07,2.5275992345148712e-11,0.00030420396735980783,4.491120569013402e-08,0.0005627992633891049,0.0005629705212551774,0.0005627992381131126,0.00030420396735980783,4.491120569013402e-08,True
T10,target,regular-sensitivity,5,0.001,confirmatory,0.0018746661941524273,0.001876568404183925,0.0018746652581609826,-1.903146022942187,[],-1.9022100314976427e-06,9.359914447237133e-10,0.0010136641047864539,4.99284573952102e-07,0.0018746661941524273,0.001876568404183925,0.0018746652581609826,0.0010136641047864539,4.99284573952102e-07,True
T10,target,regular-sensitivity,5,0.003,extended-local,0.005612602157800836,0.005629705212551774,0.005612576898345295,-1.903146022942187,[],-1.710305475093824e-05,2.5259455541104536e-08,0.0030380018322817203,4.5005094805118044e-06,0.005612602157800836,0.005629705212551774,0.005612576898345295,0.0030380018322817203,4.5005094805118044e-06,True
T10,target,regular-sensitivity,5,0.01,extended-local,0.018576303379433126,0.01876568404183925,0.01857536943954503,-1.903146022942187,[],-0.00018938066240612242,9.339398880960081e-07,0.010091860333142483,5.0278401790908516e-05,0.018576303379433126,0.01876568404183925,0.01857536943954503,0.010091860333142483,5.0278401790908516e-05,True
T10,target,regular-sensitivity,5,0.03,stress,0.054609314431955436,0.05629705212551775,0.054584220704869776,-1.903146022942187,[],-0.0016877376935623134,2.509372708565938e-05,0.02997914863818088,0.00045972493078793046,0.054609314431955436,0.05629705212551775,0.054584220704869776,0.02997914863818088,0.00045972493078793046,True
T10,target,regular-sensitivity,5,0.1,stress,0.16953906161663912,0.18765684041839248,0.1686253801889706,-1.903146022942187,[],-0.01811777880175336,0.0009136814276685112,0.09654739343025628,0.00541840988968915,0.16953906161663912,0.18765684041839248,0.1686253801889706,0.09654739343025628,0.00541840988968915,True
T10,target,regular-sensitivity,20,0.0001,confirmatory,0.0007668213000796426,0.0007671865557905107,0.0007668211884957672,-36.53672947434798,[],-3.6525571086817085e-07,1.1158387538609538e-10,0.00047609764288923255,1.4551485673600596e-07,0.0007668213000796426,0.0007671865557905107,0.0007668211884957672,0.00047609764288923255,1.4551485673600596e-07,True
T10,target,regular-sensitivity,20,0.0003,confirmatory,0.0022982743730739497,0.0023015596673715316,0.002298271361718841,-36.53672947434798,[],-3.2852942975819706e-06,3.0113551088492563e-09,0.0014274208677517804,1.3102696048029381e-06,0.0022982743730739497,0.0023015596673715316,0.002298271361718841,0.0014274208677517804,1.3102696048029381e-06,True
T10,target,regular-sensitivity,20,0.001,confirmatory,0.007635440177138159,0.007671865557905107,0.007635328828430758,-36.53672947434798,[],-3.6425380766948005e-05,1.113487074003161e-07,0.004747916982123757,1.458335454862144e-05,0.007635440177138159,0.007671865557905107,0.007635328828430758,0.004747916982123757,1.458335454862144e-05,True
T10,target,regular-sensitivity,20,0.003,extended-local,0.02268975849264529,0.023015596673715322,0.022686766108446187,-36.53672947434798,[],-0.0003258381810700324,2.9923841991033595e-06,0.014157277158152144,0.00013189998895388213,0.02268975849264529,0.023015596673715322,0.022686766108446187,0.014157277158152144,0.00013189998895388213,True
T10,target,regular-sensitivity,20,0.01,extended-local,0.0731740280459867,0.07671865557905107,0.07306498263161627,-36.53672947434798,[],-0.003544627533064365,0.00010904541437042892,0.04620294120524535,0.0014924442659518733,0.0731740280459867,0.07671865557905107,0.07306498263161627,0.04620294120524535,0.0014924442659518733,True
T10,target,regular-sensitivity,20,0.03,stress,0.20008716415982988,0.23015596673715322,0.19727291021024002,-36.53672947434798,[],-0.030068802577323334,0.0028142539495898677,0.13064533152713367,0.014265790201962489,0.20008716415982988,0.23015596673715322,0.19727291021024002,0.13064533152713367,0.014265790201962489,True
T10,target,regular-sensitivity,20,0.1,stress,0.4918922687202336,0.7671865557905106,0.4018192610470309,-36.53672947434798,[],-0.27529428707027703,0.0900730076732027,0.35883617223533487,0.22416299168560788,0.4918922687202336,0.7671865557905106,0.4018192610470309,0.35883617223533487,0.22416299168560788,True
T10,target,regular-sensitivity,50,0.0001,confirmatory,0.001904836303009784,0.0019071578108450732,0.0019048343036851562,-232.35071599169686,[],-2.3215078352892358e-06,1.9993246277300036e-09,0.001217260481585717,1.0496055346452147e-06,0.001904836303009784,0.0019071578108450732,0.0019048343036851562,0.001217260481585717,1.0496055346452147e-06,True
T10,target,regular-sensitivity,50,0.0003,confirmatory,0.005700615769242155,0.005721473432535219,0.0057005618680959665,-232.35071599169686,[],-2.0857663293063697e-05,5.390114618877839e-08,0.00364550557457042,9.45540938524746e-06,0.005700615769242155,0.005721473432535219,0.0057005618680959665,0.00364550557457042,9.45540938524746e-06,True
T10,target,regular-sensitivity,50,0.001,confirmatory,0.018841213350658,0.019071578108450733,0.018839227392459038,-232.35071599169686,[],-0.0002303647577927316,1.985958198964105e-06,0.012078956260607274,0.00010541611699846268,0.018841213350658,0.019071578108450733,0.018839227392459038,0.012078956260607274,0.00010541611699846268,True
T10,target,regular-sensitivity,50,0.003,extended-local,0.05517641397861053,0.0572147343253522,0.055123577881426924,-232.35071599169686,[],-0.0020383203467416663,5.283609718360893e-05,0.03562579413811023,0.0009585026809627913,0.05517641397861053,0.0572147343253522,0.055123577881426924,0.03562579413811023,0.0009585026809627913,True
T10,target,regular-sensitivity,50,0.01,extended-local,0.16934229773382575,0.19071578108450732,0.16748070948533764,-232.35071599169686,[],-0.021373483350681566,0.0018615882484881163,0.1120698204896366,0.011115239804086763,0.16934229773382575,0.19071578108450732,0.16748070948533764,0.1120698204896366,0.011115239804086763,True
T10,target,regular-sensitivity,50,0.03,stress,0.4071543121177824,0.572147343253522,0.36303169886099473,-232.35071599169686,[],-0.1649930311357396,0.04412261325678768,0.2883750717035667,0.12153928539910307,0.4071543121177824,0.572147343253522,0.36303169886099473,0.2883750717035667,0.12153928539910307,True
T10,target,regular-sensitivity,50,0.1,stress,0.7231328804500632,1.907157810845073,1.0773006210164011,-232.35071599169686,[],-1.18402493039501,-0.35416774056633793,0.6208321742763182,0.3287547910556212,0.7231328804500632,1.907157810845073,1.0773006210164011,0.6208321742763182,0.3287547910556212,True
T11,target,regular-sensitivity,1,0.0001,confirmatory,3.819911165848372e-05,3.819911165848974e-05,3.819911165848974e-05,0.0,[],-6.0173220572945496e-18,-6.0173220572945496e-18,1.5752518307470122e-13,1.5752518307470122e-13,3.819911165848372e-05,3.819911165848974e-05,3.819911165848974e-05,1.5752518307470122e-13,1.5752518307470122e-13,True
T11,target,regular-sensitivity,1,0.0003,confirmatory,0.0001145973349754581,0.00011459733497546918,0.00011459733497546918,0.0,[],-1.1085967213664283e-17,-1.1085967213664283e-17,9.673843825458381e-14,9.673843825458381e-14,0.0001145973349754581,0.00011459733497546918,0.00011459733497546918,9.673843825458381e-14,9.673843825458381e-14,True
T11,target,regular-sensitivity,1,0.001,confirmatory,0.0003819911165849482,0.00038199111658489737,0.00038199111658489737,0.0,[],5.084908188957016e-17,5.084908188957016e-17,1.3311587542708986e-13,1.3311587542708986e-13,0.0003819911165849482,0.00038199111658489737,0.00038199111658489737,1.3311587542708986e-13,1.3311587542708986e-13,True
T11,target,regular-sensitivity,1,0.003,extended-local,0.0011459733497547198,0.001145973349754692,0.001145973349754692,0.0,[],2.7755575615628914e-17,2.7755575615628914e-17,2.4220088208482593e-14,2.4220088208482593e-14,0.0011459733497547198,0.001145973349754692,0.001145973349754692,2.4220088208482593e-14,2.4220088208482593e-14,True
T11,target,regular-sensitivity,1,0.01,extended-local,0.0038199111658489757,0.003819911165848973,0.003819911165848973,0.0,[],2.6020852139652106e-18,2.6020852139652106e-18,6.81189980863573e-16,6.81189980863573e-16,0.0038199111658489757,0.003819911165848973,0.003819911165848973,6.81189980863573e-16,6.81189980863573e-16,True
T11,target,regular-sensitivity,1,0.03,stress,0.011459733497546955,0.01145973349754692,0.01145973349754692,0.0,[],3.469446951953614e-17,3.469446951953614e-17,3.027511026060324e-15,3.027511026060324e-15,0.011459733497546955,0.01145973349754692,0.01145973349754692,3.027511026060324e-15,3.027511026060324e-15,True
T11,target,regular-sensitivity,1,0.1,stress,0.0381991116584897,0.03819911165848974,0.03819911165848974,0.0,[],-4.163336342344337e-17,-4.163336342344337e-17,1.0899039693817164e-15,1.0899039693817164e-15,0.0381991116584897,0.03819911165848974,0.03819911165848974,1.0899039693817164e-15,1.0899039693817164e-15,True
T11,target,regular-sensitivity,5,0.0001,confirmatory,0.00018386782935611579,0.00018387678642643892,0.0001838678293345786,-0.8957091860306073,[],-8.957070323130107e-09,2.1537188265446927e-14,4.871234970551022e-05,1.1713407583801065e-10,0.00018386782935611579,0.00018387678642643892,0.0001838678293345786,4.871234970551022e-05,1.1713407583801065e-10,True
T11,target,regular-sensitivity,5,0.0003,confirmatory,0.0005515497460389096,0.0005516303592793167,0.0005515497454525739,-0.8957091860306073,[],-8.061324040708941e-08,5.863356675184228e-13,0.00014613633758737903,1.0630694191279252e-09,0.0005515497460389096,0.0005516303592793167,0.0005515497454525739,0.00014613633758737903,1.0630694191279252e-09,True
T11,target,regular-sensitivity,5,0.001,confirmatory,0.0018378721768420314,0.001838767864264389,0.0018378721550783585,-0.8957091860306073,[],-8.956874223576411e-07,2.176367289510872e-11,0.0004871128323291459,1.18417773700809e-08,0.0018378721768420314,0.001838767864264389,0.0018378721550783585,0.0004871128323291459,1.18417773700809e-08,True
T11,target,regular-sensitivity,5,0.003,extended-local,0.005508242800489803,0.005516303592793167,0.005508242210118892,-0.8957091860306073,[],-8.060792303364248e-06,5.903709110119393e-10,0.0014612669820956473,1.0717954811925319e-07,0.005508242800489803,0.005516303592793167,0.005508242210118892,0.0014612669820956473,1.0717954811925319e-07,True
T11,target,regular-sensitivity,5,0.01,extended-local,0.018298129946568917,0.01838767864264389,0.018298107724040828,-0.8957091860306073,[],-8.954869607497376e-05,2.2222528088533533e-08,0.00487003812799384,1.214471377241737e-06,0.018298129946568917,0.01838767864264389,0.018298107724040828,0.00487003812799384,1.214471377241737e-06,True
T11,target,regular-sensitivity,5,0.03,stress,0.054357525230056554,0.05516303592793167,0.054356897660504125,-0.8957091860306073,[],-0.0008055106978751142,6.27569552429097e-07,0.014602363418276728,1.1545352649606616e-05,0.054357525230056554,0.05516303592793167,0.054356897660504125,0.014602363418276728,1.1545352649606616e-05,True
T11,target,regular-sensitivity,5,0.1,stress,0.1749465211849924,0.1838767864264389,0.17491969456613282,-0.8957091860306073,[],-0.008930265241446494,2.6826618859582263e-05,0.04856657229551434,0.00015336534245684829,0.1749465211849924,0.1838767864264389,0.17491969456613282,0.04856657229551434,0.00015336534245684829,True
T11,target,regular-sensitivity,20,0.0001,confirmatory,0.0005949494614925326,0.0005950434629933982,0.0005949494622961653,-9.4000697232999,[],-9.400150086569161e-08,-8.036327679705746e-13,0.00015797417619346996,1.350758037277672e-09,0.0005949494614925326,0.0005950434629933982,0.0005949494622961653,0.00015797417619346996,1.350758037277672e-09,True
T11,target,regular-sensitivity,20,0.0003,confirmatory,0.001784284361056026,0.0017851303889801946,0.0017842843827050973,-9.4000697232999,[],-8.46027924168713e-07,-2.1649071424434396e-11,0.00047393060439245,1.2133195601708356e-08,0.001784284361056026,0.0017851303889801946,0.0017842843827050973,0.00047393060439245,1.2133195601708356e-08,True
T11,target,regular-sensitivity,20,0.001,confirmatory,0.005941033765070271,0.005950434629933983,0.005941034560210682,-9.4000697232999,[],-9.400864863711583e-06,-7.951404109793336e-10,0.0015798618837723256,1.3383871157806163e-07,0.005941033765070271,0.005950434629933983,0.005941034560210682,0.0015798618837723256,1.3383871157806163e-07,True
T11,target,regular-sensitivity,20,0.003,extended-local,0.01776668231021218,0.017851303889801946,0.01776670326229225,-9.4000697232999,[],-8.462157958976507e-05,-2.0952080067443424e-08,0.004740358469731027,1.1792891319298255e-06,0.01776668231021218,0.017851303889801946,0.01776670326229225,0.004740358469731027,1.1792891319298255e-06,True
T11,target,regular-sensitivity,20,0.01,extended-local,0.05856363114752662,0.05950434629933982,0.058564339327009836,-9.4000697232999,[],-0.0009407151518132026,-7.081794832150545e-07,0.015809183871727358,1.2092332831772297e-05,0.05856363114752662,0.05950434629933982,0.058564339327009836,0.015809183871727358,1.2092332831772297e-05,True
T11,target,regular-sensitivity,20,0.03,stress,0.17003927132496932,0.17851303889801945,0.17005297614704956,-9.4000697232999,[],-0.008473767573050128,-1.3704822080240486e-05,0.04746861980144209,8.059148619892159e-05,0.17003927132496932,0.17851303889801945,0.17005297614704956,0.04746861980144209,8.059148619892159e-05,True
T11,target,regular-sensitivity,20,0.1,stress,0.5012998261633841,0.5950434629933983,0.5010427657603991,-9.4000697232999,[],-0.09374363683001419,0.00025706040298500987,0.15754082291473595,0.0005130508223083243,0.5012998261633841,0.5950434629933983,0.5010427657603991,0.15754082291473595,0.0005130508223083243,True
T11,target,regular-sensitivity,50,0.0001,confirmatory,0.000925363828282269,0.000925569410728695,0.0009253638356269392,-20.55751017558228,[],-2.0558244642602565e-07,-7.344670227907302e-12,0.00022211456433523648,7.937062099397095e-09,0.000925363828282269,0.000925569410728695,0.0009253638356269392,0.00022211456433523648,7.937062099397095e-09,True
T11,target,regular-sensitivity,50,0.0003,confirmatory,0.002774857857686842,0.0027767082321860847,0.0027748580562702817,-20.55751017558228,[],-1.8503744992426699e-06,-1.9858343962286806e-10,0.0006663914046834809,7.156526049112088e-08,0.002774857857686842,0.0027767082321860847,0.0027748580562702817,0.0006663914046834809,7.156526049112088e-08,True
T11,target,regular-sensitivity,50,0.001,confirmatory,0.009235129206454216,0.00925569410728695,0.009235136597111369,-20.55751017558228,[],-2.0564900832733754e-05,-7.390657152245295e-09,0.0022218647887837107,8.002758892117521e-07,0.009235129206454216,0.00925569410728695,0.009235136597111369,0.0022218647887837107,8.002758892117521e-07,True
T11,target,regular-sensitivity,50,0.003,extended-local,0.027581862520983914,0.02776708232186085,0.02758206473028061,-20.55751017558228,[],-0.00018521980087693457,-2.022092966957878e-07,0.006670481209727685,7.331187808931322e-06,0.027581862520983914,0.02776708232186085,0.02758206473028061,0.006670481209727685,7.331187808931322e-06,True
T11,target,regular-sensitivity,50,0.01,extended-local,0.0904933961139309,0.09255694107286949,0.09050119005531126,-20.55751017558228,[],-0.0020635449589385957,-7.793941380368485e-06,0.02229486989326905,8.611976677439371e-05,0.0904933961139309,0.09255694107286949,0.09050119005531126,0.02229486989326905,8.611976677439371e-05,True
T11,target,regular-sensitivity,50,0.03,stress,0.2589442068770153,0.2776708232186085,0.25916906406058443,-20.55751017558228,[],-0.018726616341593172,-0.0002248571835691271,0.06744178637324752,0.0008676081166715312,0.2589442068770153,0.2776708232186085,0.25916906406058443,0.06744178637324752,0.0008676081166715312,True
T11,target,regular-sensitivity,50,0.1,stress,0.7132955986576772,0.9255694107286949,0.7199943089728722,-20.55751017558228,[],-0.2122738120710177,-0.006698710315194978,0.22934402283659727,0.00930383786609537,0.7132955986576772,0.9255694107286949,0.7199943089728722,0.22934402283659727,0.00930383786609537,True
T12,target,regular-sensitivity,1,0.0001,confirmatory,0.00011272876815683424,0.00011272876815686076,0.00011272876815686076,0.0,[],-2.6522295644426652e-17,-2.6522295644426652e-17,2.352753079632804e-13,2.352753079632804e-13,0.00011272876815683424,0.00011272876815686076,0.00011272876815686076,2.352753079632804e-13,2.352753079632804e-13,True
T12,target,regular-sensitivity,1,0.0003,confirmatory,0.0003381863044705307,0.00033818630447058224,0.00033818630447058224,0.0,[],-5.1553813301685736e-17,-5.1553813301685736e-17,1.5244204930886028e-13,1.5244204930886028e-13,0.0003381863044705307,0.00033818630447058224,0.00033818630447058224,1.5244204930886028e-13,1.5244204930886028e-13,True
T12,target,regular-sensitivity,1,0.001,confirmatory,0.0011272876815686477,0.0011272876815686076,0.0011272876815686076,0.0,[],4.0115480381963664e-17,4.0115480381963664e-17,3.558584116358252e-14,3.558584116358252e-14,0.0011272876815686477,0.0011272876815686076,0.0011272876815686076,3.558584116358252e-14,3.558584116358252e-14,True
T12,target,regular-sensitivity,1,0.003,extended-local,0.0033818630447058047,0.003381863044705823,0.003381863044705823,0.0,[],-1.8214596497756474e-17,-1.8214596497756474e-17,5.38596514908276e-15,5.38596514908276e-15,0.0033818630447058047,0.003381863044705823,0.003381863044705823,5.38596514908276e-15,5.38596514908276e-15,True
T12,target,regular-sensitivity,1,0.01,extended-local,0.011272876815686145,0.011272876815686075,0.011272876815686075,0.0,[],6.938893903907228e-17,6.938893903907228e-17,6.155388741808869e-15,6.155388741808869e-15,0.011272876815686145,0.011272876815686075,0.011272876815686075,6.155388741808869e-15,6.155388741808869e-15,True
T12,target,regular-sensitivity,1,0.03,stress,0.033818630447058226,0.033818630447058226,0.033818630447058226,0.0,[],0.0,0.0,0.0,0.0,0.033818630447058226,0.033818630447058226,0.033818630447058226,0.0,0.0,True
T12,target,regular-sensitivity,1,0.1,stress,0.11272876815686074,0.11272876815686077,0.11272876815686077,0.0,[],-2.7755575615628914e-17,-2.7755575615628914e-17,2.4621554967235476e-16,2.4621554967235476e-16,0.11272876815686074,0.11272876815686077,0.11272876815686077,2.4621554967235476e-16,2.4621554967235476e-16,True
T12,target,regular-sensitivity,5,0.0001,confirmatory,0.0006305511007622551,0.0006307032567294687,0.0006305510789070094,-15.21778224592295,[],-1.5215596721354467e-07,2.185524569479902e-11,0.0002412481077116268,3.4660547616035594e-08,0.0006305511007622551,0.0006307032567294687,0.0006305510789070094,0.0002412481077116268,3.4660547616035594e-08,True
T12,target,regular-sensitivity,5,0.0003,confirmatory,0.0018907407597494829,0.001892109770188406,0.0018907401697862728,-15.21778224592295,[],-1.369010438923143e-06,5.899632100122426e-10,0.0007235364779004467,3.1202764898094453e-07,0.0018907407597494829,0.001892109770188406,0.0018907401697862728,0.0007235364779004467,3.1202764898094453e-07,True
T12,target,regular-sensitivity,5,0.001,confirmatory,0.0062918366187718015,0.006307032567294687,0.006291814785048764,-15.21778224592295,[],-1.5195948522885201e-05,2.183372303787845e-08,0.0024093657929854786,3.470178920358863e-06,0.0062918366187718015,0.006307032567294687,0.006291814785048764,0.0024093657929854786,3.470178920358863e-06,True
T12,target,regular-sensitivity,5,0.003,extended-local,0.01878472588265527,0.018921097701884063,0.018784137661670752,-15.21778224592295,[],-0.00013637181922879216,5.882209845181618e-07,0.007207394696514514,3.1314771809750603e-05,0.01878472588265527,0.018921097701884063,0.018784137661670752,0.007207394696514514,3.1314771809750603e-05,True
T12,target,regular-sensitivity,5,0.01,extended-local,0.06157016781717183,0.06307032567294688,0.06154854744835457,-15.21778224592295,[],-0.001500157855775043,2.1620368817261426e-05,0.023785478190712982,0.0003512734209593345,0.06157016781717183,0.06307032567294688,0.06154854744835457,0.023785478190712982,0.0003512734209593345,True
T12,target,regular-sensitivity,5,0.03,stress,0.17608630041082046,0.1892109770188406,0.17551497299750993,-15.21778224592295,[],-0.013124676608020136,0.000571327413310535,0.06936530223990785,0.0032551491394334805,0.17608630041082046,0.1892109770188406,0.17551497299750993,0.06936530223990785,0.0032551491394334805,True
T12,target,regular-sensitivity,5,0.1,stress,0.4982129356125158,0.6307032567294687,0.4785254342702392,-15.21778224592295,[],-0.1324903211169529,0.019687501342276592,0.2100676026377057,0.04114201656240159,0.4982129356125158,0.6307032567294687,0.4785254342702392,0.2100676026377057,0.04114201656240159,True
T12,target,regular-sensitivity,20,0.0001,confirmatory,0.004137178614831709,0.004146401380915986,0.004137160841192089,-924.0539723897584,[],-9.222766084277315e-06,1.7773639619973747e-08,0.0022242820308534393,4.296095874013063e-06,0.004137178614831709,0.004146401380915986,0.004137160841192089,0.0022242820308534393,4.296095874013063e-06,True
T12,target,regular-sensitivity,20,0.0003,confirmatory,0.012356517375221143,0.012439204142747958,0.012356039285232882,-924.0539723897584,[],-8.268676752681489e-05,4.780899882615708e-07,0.006647271527818859,3.869281872816253e-05,0.012356517375221143,0.012439204142747958,0.012356039285232882,0.006647271527818859,3.869281872816253e-05,True
T12,target,regular-sensitivity,20,0.001,confirmatory,0.040557437637605144,0.041464013809159865,0.040539959836770105,-924.0539723897584,[],-0.000906576171554721,1.7477800835039026e-05,0.021864168185146807,0.0004311252627139138,0.040557437637605144,0.041464013809159865,0.040539959836770105,0.021864168185146807,0.0004311252627139138,True
T12,target,regular-sensitivity,20,0.003,extended-local,0.11653062295941186,0.12439204142747959,0.11607555567597178,-924.0539723897584,[],-0.007861418468067732,0.0004550672834400804,0.06319872539957413,0.003920440275215341,0.11653062295941186,0.12439204142747959,0.11607555567597178,0.06319872539957413,0.003920440275215341,True
T12,target,regular-sensitivity,20,0.01,extended-local,0.3372180375531292,0.4146401380915986,0.3222347408526228,-924.0539723897584,[],-0.07742210053846943,0.014983296700506354,0.18672119128362347,0.04649807981864721,0.3372180375531292,0.4146401380915986,0.3222347408526228,0.18672119128362347,0.04649807981864721,True
T12,target,regular-sensitivity,20,0.03,stress,0.7193556885799979,1.243920414274796,0.4122718391240134,-924.0539723897584,[],-0.5245647256947981,0.3070838494559845,0.4217028032300753,0.7448576893063321,0.7193556885799979,1.243920414274796,0.4858328725108571,0.4217028032300753,0.48066491438148234,True
T12,target,regular-sensitivity,20,0.1,stress,1.0690739284532391,4.146401380915987,5.0941383429816,-924.0539723897584,[],-3.0773274524627476,-4.0250644145283605,0.7421682489848417,0.7901364555742493,1.0690739284532391,4.146401380915987,5.0941383429816,0.7421682489848417,0.7901364555742493,True
T12,target,regular-sensitivity,50,0.0001,confirmatory,0.04707678894939804,0.04843315856647335,0.04703887960070974,-139427.89657636097,[],-0.0013563696170753106,3.790934868830309e-05,0.028004979588802284,0.0008059152133319753,0.04707678894939804,0.04843315856647335,0.04703887960070974,0.028004979588802284,0.0008059152133319753,True
T12,target,regular-sensitivity,50,0.0003,confirmatory,0.13372175458119004,0.14529947569942003,0.13275096500754754,-139427.89657636097,[],-0.011577721118229994,0.0009707895736424943,0.07968178179927327,0.007312862649151365,0.13372175458119004,0.14529947569942003,0.13275096500754754,0.07968178179927327,0.007312862649151365,True
T12,target,regular-sensitivity,50,0.001,confirmatory,0.37536331559219843,0.48433158566473344,0.34490368908837254,-139427.89657636097,[],-0.10896827007253501,0.030459626503825887,0.22498691660379466,0.08831342623308794,0.37536331559219843,0.48433158566473344,0.34490368908837254,0.22498691660379466,0.08831342623308794,True
T12,target,regular-sensitivity,50,0.003,extended-local,0.7705743994241332,1.4529947569942006,0.19814368780695177,-139427.89657636097,[],-0.6824203575700674,0.5724307116171814,0.46966470751882494,2.8889676878068986,0.7705743994241332,1.4529947569942006,0.4225322132654358,0.46966470751882494,0.8237056849913038,True
T12,target,regular-sensitivity,50,0.01,extended-local,1.1731082097776735,4.843315856647335,9.099473800988763,-139427.89657636097,[],-3.6702076468696614,-7.9263655912110895,0.7577882086365252,0.8710795552100824,1.1731082097776735,4.843315856647335,9.099473800988763,0.7577882086365252,0.8710795552100824,True
T12,target,regular-sensitivity,50,0.03,stress,1.2099548653409546,14.529947569942005,110.95515934878286,-139427.89657636097,[],-13.31999270460105,-109.7452044834419,0.9167268250957781,0.98909510046723,1.2099548653409546,14.529947569942005,110.95515934878286,0.9167268250957781,0.98909510046723,True
T12,target,regular-sensitivity,50,0.1,stress,0.8540503552415479,48.43315856647335,1345.8458071971368,-139427.89657636097,[],-47.579108211231805,-1344.9917568418953,0.9823664121746389,0.9993654173823819,1.0799216511194851,48.43315856647335,1345.8458071971368,0.9777028448467321,0.9991975888728527,True
T13,target,analytic-zero,1,0.0001,confirmatory,0.0,0.0,0.0,0.0,"[0,1,2]",0.0,0.0,,,0.0,0.0,0.0,,,True
T13,target,analytic-zero,1,0.0003,confirmatory,0.0,0.0,0.0,0.0,"[0,1,2]",0.0,0.0,,,0.0,0.0,0.0,,,True
T13,target,analytic-zero,1,0.001,confirmatory,0.0,0.0,0.0,0.0,"[0,1,2]",0.0,0.0,,,0.0,0.0,0.0,,,True
T13,target,analytic-zero,1,0.003,extended-local,0.0,0.0,0.0,0.0,"[0,1,2]",0.0,0.0,,,0.0,0.0,0.0,,,True
T13,target,analytic-zero,1,0.01,extended-local,0.0,0.0,0.0,0.0,"[0,1,2]",0.0,0.0,,,0.0,0.0,0.0,,,True
T13,target,analytic-zero,1,0.03,stress,0.0,0.0,0.0,0.0,"[0,1,2]",0.0,0.0,,,0.0,0.0,0.0,,,True
T13,target,analytic-zero,1,0.1,stress,1.1102230246251565e-16,0.0,0.0,0.0,"[0,1,2]",1.1102230246251565e-16,1.1102230246251565e-16,,,1.1102230246251565e-16,0.0,0.0,,,True
T13,target,analytic-zero,5,0.0001,confirmatory,0.0,0.0,0.0,0.0,"[0,1,2]",0.0,0.0,,,0.0,0.0,0.0,,,True
T13,target,analytic-zero,5,0.0003,confirmatory,0.0,0.0,0.0,0.0,"[0,1,2]",0.0,0.0,,,0.0,0.0,0.0,,,True
T13,target,analytic-zero,5,0.001,confirmatory,0.0,0.0,0.0,0.0,"[0,1,2]",0.0,0.0,,,0.0,0.0,0.0,,,True
T13,target,analytic-zero,5,0.003,extended-local,0.0,0.0,0.0,0.0,"[0,1,2]",0.0,0.0,,,0.0,0.0,0.0,,,True
T13,target,analytic-zero,5,0.01,extended-local,0.0,0.0,0.0,0.0,"[0,1,2]",0.0,0.0,,,0.0,0.0,0.0,,,True
T13,target,analytic-zero,5,0.03,stress,0.0,0.0,0.0,0.0,"[0,1,2]",0.0,0.0,,,0.0,0.0,0.0,,,True
T13,target,analytic-zero,5,0.1,stress,3.3306690738754696e-16,0.0,0.0,0.0,"[0,1,2]",3.3306690738754696e-16,3.3306690738754696e-16,,,3.3306690738754696e-16,0.0,0.0,,,True
T13,target,analytic-zero,20,0.0001,confirmatory,0.0,0.0,0.0,0.0,"[0,1,2]",0.0,0.0,,,0.0,0.0,0.0,,,True
T13,target,analytic-zero,20,0.0003,confirmatory,0.0,0.0,0.0,0.0,"[0,1,2]",0.0,0.0,,,0.0,0.0,0.0,,,True
T13,target,analytic-zero,20,0.001,confirmatory,0.0,0.0,0.0,0.0,"[0,1,2]",0.0,0.0,,,0.0,0.0,0.0,,,True
T13,target,analytic-zero,20,0.003,extended-local,0.0,0.0,0.0,0.0,"[0,1,2]",0.0,0.0,,,0.0,0.0,0.0,,,True
T13,target,analytic-zero,20,0.01,extended-local,0.0,0.0,0.0,0.0,"[0,1,2]",0.0,0.0,,,0.0,0.0,0.0,,,True
T13,target,analytic-zero,20,0.03,stress,0.0,0.0,0.0,0.0,"[0,1,2]",0.0,0.0,,,0.0,0.0,0.0,,,True
T13,target,analytic-zero,20,0.1,stress,3.3306690738754696e-16,0.0,0.0,0.0,"[0,1,2]",3.3306690738754696e-16,3.3306690738754696e-16,,,3.3306690738754696e-16,0.0,0.0,,,True
T13,target,analytic-zero,50,0.0001,confirmatory,0.0,0.0,0.0,0.0,"[0,1,2]",0.0,0.0,,,0.0,0.0,0.0,,,True
T13,target,analytic-zero,50,0.0003,confirmatory,0.0,0.0,0.0,0.0,"[0,1,2]",0.0,0.0,,,0.0,0.0,0.0,,,True
T13,target,analytic-zero,50,0.001,confirmatory,0.0,0.0,0.0,0.0,"[0,1,2]",0.0,0.0,,,0.0,0.0,0.0,,,True
T13,target,analytic-zero,50,0.003,extended-local,0.0,0.0,0.0,0.0,"[0,1,2]",0.0,0.0,,,0.0,0.0,0.0,,,True
T13,target,analytic-zero,50,0.01,extended-local,0.0,0.0,0.0,0.0,"[0,1,2]",0.0,0.0,,,0.0,0.0,0.0,,,True
T13,target,analytic-zero,50,0.03,stress,0.0,0.0,0.0,0.0,"[0,1,2]",0.0,0.0,,,0.0,0.0,0.0,,,True
T13,target,analytic-zero,50,0.1,stress,3.3306690738754696e-16,0.0,0.0,0.0,"[0,1,2]",3.3306690738754696e-16,3.3306690738754696e-16,,,3.3306690738754696e-16,0.0,0.0,,,True
T14,target,low-sensitivity,1,0.0001,confirmatory,0.0,1.5890824969900513e-17,1.5890824969900513e-17,0.0,[2],-1.5890824969900513e-17,-1.5890824969900513e-17,,,0.0,1.5890824969900513e-17,1.5890824969900513e-17,,,True
T14,target,low-sensitivity,1,0.0003,confirmatory,2.7755575615628914e-17,4.7672474909701537e-17,4.7672474909701537e-17,0.0,[2],-1.9916899294072623e-17,-1.9916899294072623e-17,,,2.7755575615628914e-17,4.7672474909701537e-17,4.7672474909701537e-17,,,True
T14,target,low-sensitivity,1,0.001,confirmatory,6.938893903907228e-17,1.5890824969900516e-16,1.5890824969900516e-16,0.0,[2],-8.951931065993288e-17,-8.951931065993288e-17,,,6.938893903907228e-17,1.5890824969900516e-16,1.5890824969900516e-16,,,True
T14,target,low-sensitivity,1,0.003,extended-local,4.85722573273506e-16,4.767247490970154e-16,4.767247490970154e-16,0.0,[2],8.997824176490594e-18,8.997824176490594e-18,,,4.85722573273506e-16,4.767247490970154e-16,4.767247490970154e-16,,,True
T14,target,low-sensitivity,1,0.01,extended-local,1.582067810090848e-15,1.5890824969900514e-15,1.5890824969900514e-15,0.0,[2],-7.01468689920337e-18,-7.01468689920337e-18,,,1.582067810090848e-15,1.5890824969900514e-15,1.5890824969900514e-15,,,True
T14,target,low-sensitivity,1,0.03,stress,4.690692279041286e-15,4.767247490970154e-15,4.767247490970154e-15,0.0,[2],-7.655521192886735e-17,-7.655521192886735e-17,,,4.690692279041286e-15,4.767247490970154e-15,4.767247490970154e-15,,,True
T14,target,low-sensitivity,1,0.1,stress,1.584843367652411e-14,1.5890824969900516e-14,1.5890824969900516e-14,0.0,[2],-4.2391293376405975e-17,-4.2391293376405975e-17,,,1.584843367652411e-14,1.5890824969900516e-14,1.5890824969900516e-14,,,True
T14,target,low-sensitivity,5,0.0001,confirmatory,5.551115123125783e-17,7.918567992166799e-17,7.918567992166799e-17,-4.86177761806867e-25,[],-2.3674528690410158e-17,-2.3674528690410158e-17,,,5.551115123125783e-17,7.918567992166799e-17,7.918567992166799e-17,,,True
T14,target,low-sensitivity,5,0.0003,confirmatory,3.3306690738754696e-16,2.375570397650039e-16,2.3755703976500386e-16,-4.86177761806867e-25,[],9.550986762254306e-17,9.55098676225431e-17,,,3.3306690738754696e-16,2.375570397650039e-16,2.3755703976500386e-16,,,True
T14,target,low-sensitivity,5,0.001,confirmatory,7.216449660063518e-16,7.918567992166799e-16,7.918567992166794e-16,-4.86177761806867e-25,[],-7.02118332103281e-17,-7.021183321032761e-17,,,7.216449660063518e-16,7.918567992166799e-16,7.918567992166794e-16,,,True
T14,target,low-sensitivity,5,0.003,extended-local,2.42861286636753e-15,2.3755703976500398e-15,2.375570397650035e-15,-4.86177761806867e-25,[],5.3042468717490174e-17,5.3042468717494907e-17,,,2.42861286636753e-15,2.3755703976500398e-15,2.375570397650035e-15,,,True
T14,target,low-sensitivity,5,0.01,extended-local,7.896461262646426e-15,7.918567992166799e-15,7.91856799216675e-15,-4.86177761806867e-25,[],-2.2106729520373038e-17,-2.210672952032413e-17,,,7.896461262646426e-15,7.918567992166799e-15,7.91856799216675e-15,,,True
T14,target,low-sensitivity,5,0.03,stress,2.348121697082206e-14,2.3755703976500397e-14,2.3755703976499955e-14,-4.86177761806867e-25,[],-2.7448700567833597e-16,-2.744870056778942e-16,,,2.348121697082206e-14,2.3755703976500397e-14,2.3755703976499955e-14,,,True
T14,target,low-sensitivity,5,0.1,stress,7.935319068508306e-14,7.918567992166799e-14,7.918567992166313e-14,-4.86177761806867e-25,[],1.675107634150744e-16,1.675107634199338e-16,,,7.935319068508306e-14,7.918567992166799e-14,7.918567992166313e-14,,,True
T14,target,low-sensitivity,20,0.0001,confirmatory,3.3306690738754696e-16,3.111620324915544e-16,3.111620324915543e-16,-9.70185633892245e-24,[],2.1904874895992566e-17,2.1904874895992664e-17,,,3.885780586188048e-16,3.111620324915544e-16,3.111620324915543e-16,,,True
T14,target,low-sensitivity,20,0.0003,confirmatory,1.0547118733938987e-15,9.334860974746632e-16,9.334860974746622e-16,-9.70185633892245e-24,[],1.2122577591923552e-16,1.212257759192365e-16,,,1.096345236817342e-15,9.334860974746632e-16,9.334860974746622e-16,,,True
T14,target,low-sensitivity,20,0.001,confirmatory,2.942091015256665e-15,3.111620324915544e-15,3.111620324915534e-15,-9.70185633892245e-24,[],-1.6952930965887913e-16,-1.6952930965886927e-16,,,2.942091015256665e-15,3.111620324915544e-15,3.111620324915534e-15,,,True
T14,target,low-sensitivity,20,0.003,extended-local,9.46465128492946e-15,9.33486097474663e-15,9.334860974746545e-15,-9.70185633892245e-24,[],1.2979031018282959e-16,1.2979031018291478e-16,,,9.46465128492946e-15,9.33486097474663e-15,9.334860974746545e-15,,,True
T14,target,low-sensitivity,20,0.01,extended-local,3.097522238704187e-14,3.111620324915544e-14,3.111620324915447e-14,-9.70185633892245e-24,[],-1.409808621135698e-16,-1.4098086211260423e-16,,,3.097522238704187e-14,3.111620324915544e-14,3.111620324915447e-14,,,True
T14,target,low-sensitivity,20,0.03,stress,9.287015600989434e-14,9.334860974746631e-14,9.334860974745756e-14,-9.70185633892245e-24,[],-4.784537375719672e-16,-4.784537375632203e-16,,,9.287015600989434e-14,9.334860974746631e-14,9.334860974745756e-14,,,True
T14,target,low-sensitivity,20,0.1,stress,3.113065361048939e-13,3.111620324915544e-13,3.111620324914574e-13,-9.70185633892245e-24,[],1.4450361333949594e-16,1.4450361343648165e-16,,,3.113065361048939e-13,3.111620324915544e-13,3.111620324914574e-13,,,True
T14,target,low-sensitivity,50,0.0001,confirmatory,1.1657341758564144e-15,7.540424231686603e-16,7.540424231686596e-16,-7.100895048419257e-23,[],4.116917526877541e-16,4.116917526877548e-16,,,1.2212453270876722e-15,7.540424231686603e-16,7.540424231686596e-16,,,True
T14,target,low-sensitivity,50,0.0003,confirmatory,2.7478019859472624e-15,2.2621272695059806e-15,2.2621272695059743e-15,-7.100895048419257e-23,[],4.856747164412818e-16,4.856747164412881e-16,,,2.7478019859472624e-15,2.2621272695059806e-15,2.2621272695059743e-15,,,True
T14,target,low-sensitivity,50,0.001,confirmatory,7.688294445529209e-15,7.540424231686603e-15,7.54042423168653e-15,-7.100895048419257e-23,[],1.478702138426059e-16,1.4787021384267847e-16,,,7.688294445529209e-15,7.540424231686603e-15,7.54042423168653e-15,,,True
T14,target,low-sensitivity,50,0.003,extended-local,2.3037127760971998e-14,2.262127269505981e-14,2.262127269505917e-14,-7.100895048419257e-23,[],4.1585506591218877e-16,4.1585506591282933e-16,,,2.3037127760971998e-14,2.262127269505981e-14,2.262127269505917e-14,,,True
T14,target,low-sensitivity,50,0.01,extended-local,7.557843240135753e-14,7.540424231686603e-14,7.540424231685891e-14,-7.100895048419257e-23,[],1.7419008449150002e-16,1.741900844986187e-16,,,7.557843240135753e-14,7.540424231686603e-14,7.540424231685891e-14,,,True
T14,target,low-sensitivity,50,0.03,stress,2.2637447472106942e-13,2.2621272695059804e-13,2.2621272695053415e-13,-7.100895048419257e-23,[],1.6174777047137469e-16,1.617477705352661e-16,,,2.2637447472106942e-13,2.2621272695059804e-13,2.2621272695053415e-13,,,True
T14,target,low-sensitivity,50,0.1,stress,7.542855229303314e-13,7.540424231686602e-13,7.540424231679502e-13,-7.100895048419257e-23,[],2.430997616711904e-16,2.4309976238113995e-16,,,7.542855229303314e-13,7.540424231686602e-13,7.540424231679502e-13,,,True
